<?xml version="1.0" encoding="UTF-8" standalone="no"?><gpx xmlns="http://www.topografix.com/GPX/1/1" xmlns:gpxtpx="http://www.garmin.com/xmlschemas/TrackPointExtension/v1" xmlns:xsi="http://www.w3.org/2001/XMLSchema-instance" creator="Suunto app" version="1.1" xsi:schemaLocation="http://www.topografix.com/GPX/1/1 http://www.topografix.com/GPX/1/1/gpx.xsd http://www.garmin.com/xmlschemas/TrackPointExtension/v1 http://www.garmin.com/xmlschemas/TrackPointExtensionv1.xsd"><metadata><name>suuntoapp-TrailRunning-2025-10-30T21-39-59Z</name><desc/><author><name>跑野小司机Seven</name></author></metadata><rte><name>suuntoapp-TrailRunning-2025-10-30T21-39-59Z</name><rtept lat="28.840892" lon="121.112655"><ele>8.6</ele></rtept><rtept lat="28.840872" lon="121.112637"><ele>8.6</ele></rtept><rtept lat="28.84083" lon="121.112635"><ele>8.6</ele></rtept><rtept lat="28.840782" lon="121.112635"><ele>8.6</ele></rtept><rtept lat="28.840722" lon="121.112642"><ele>8.6</ele></rtept><rtept lat="28.840662" lon="121.112667"><ele>9.0</ele></rtept><rtept lat="28.840617" lon="121.112705"><ele>9.4</ele></rtept><rtept lat="28.84059" lon="121.112755"><ele>9.8</ele></rtept><rtept lat="28.840577" lon="121.11281"><ele>9.8</ele></rtept><rtept lat="28.840575" lon="121.11287"><ele>9.6</ele></rtept><rtept lat="28.840577" lon="121.112922"><ele>9.6</ele></rtept><rtept lat="28.840575" lon="121.112977"><ele>9.4</ele></rtept><rtept lat="28.840575" lon="121.11303"><ele>9.2</ele></rtept><rtept lat="28.840575" lon="121.113087"><ele>9.2</ele></rtept><rtept lat="28.840575" lon="121.11314"><ele>9.2</ele></rtept><rtept lat="28.840572" lon="121.113192"><ele>9.2</ele></rtept><rtept lat="28.840575" lon="121.11324"><ele>9.4</ele></rtept><rtept lat="28.840575" lon="121.113287"><ele>9.4</ele></rtept><rtept lat="28.840575" lon="121.113332"><ele>9.4</ele></rtept><rtept lat="28.840572" lon="121.113377"><ele>9.4</ele></rtept><rtept lat="28.840567" lon="121.113417"><ele>9.8</ele></rtept><rtept lat="28.840565" lon="121.113457"><ele>10.2</ele></rtept><rtept lat="28.840562" lon="121.1135"><ele>10.2</ele></rtept><rtept lat="28.840557" lon="121.113547"><ele>10.0</ele></rtept><rtept lat="28.840557" lon="121.113592"><ele>10.0</ele></rtept><rtept lat="28.840557" lon="121.11364"><ele>9.8</ele></rtept><rtept lat="28.84055" lon="121.113682"><ele>10.0</ele></rtept><rtept lat="28.840545" lon="121.113722"><ele>10.2</ele></rtept><rtept lat="28.840545" lon="121.113762"><ele>10.2</ele></rtept><rtept lat="28.840542" lon="121.113812"><ele>9.6</ele></rtept><rtept lat="28.84054" lon="121.113852"><ele>9.6</ele></rtept><rtept lat="28.84054" lon="121.113895"><ele>9.6</ele></rtept><rtept lat="28.84054" lon="121.113937"><ele>9.6</ele></rtept><rtept lat="28.840537" lon="121.113982"><ele>9.6</ele></rtept><rtept lat="28.840537" lon="121.114022"><ele>9.6</ele></rtept><rtept lat="28.840537" lon="121.114062"><ele>9.6</ele></rtept><rtept lat="28.840535" lon="121.114107"><ele>9.8</ele></rtept><rtept lat="28.840537" lon="121.114152"><ele>9.8</ele></rtept><rtept lat="28.840537" lon="121.114195"><ele>9.8</ele></rtept><rtept lat="28.840535" lon="121.114237"><ele>9.6</ele></rtept><rtept lat="28.840535" lon="121.114275"><ele>9.6</ele></rtept><rtept lat="28.840532" lon="121.114315"><ele>9.4</ele></rtept><rtept lat="28.84053" lon="121.114352"><ele>9.4</ele></rtept><rtept lat="28.840532" lon="121.114395"><ele>9.6</ele></rtept><rtept lat="28.840532" lon="121.114432"><ele>9.6</ele></rtept><rtept lat="28.840535" lon="121.114467"><ele>9.6</ele></rtept><rtept lat="28.840537" lon="121.114507"><ele>9.4</ele></rtept><rtept lat="28.84054" lon="121.114547"><ele>9.4</ele></rtept><rtept lat="28.840537" lon="121.114585"><ele>9.4</ele></rtept><rtept lat="28.840532" lon="121.114625"><ele>9.4</ele></rtept><rtept lat="28.840527" lon="121.114667"><ele>9.4</ele></rtept><rtept lat="28.840522" lon="121.114707"><ele>9.4</ele></rtept><rtept lat="28.84052" lon="121.114747"><ele>9.4</ele></rtept><rtept lat="28.84052" lon="121.114787"><ele>9.4</ele></rtept><rtept lat="28.840517" lon="121.114827"><ele>9.4</ele></rtept><rtept lat="28.840512" lon="121.114867"><ele>9.2</ele></rtept><rtept lat="28.84051" lon="121.114907"><ele>9.2</ele></rtept><rtept lat="28.84051" lon="121.114942"><ele>9.4</ele></rtept><rtept lat="28.840505" lon="121.114982"><ele>9.4</ele></rtept><rtept lat="28.840505" lon="121.11502"><ele>9.4</ele></rtept><rtept lat="28.840502" lon="121.115062"><ele>9.4</ele></rtept><rtept lat="28.840502" lon="121.115097"><ele>9.6</ele></rtept><rtept lat="28.8405" lon="121.115137"><ele>9.6</ele></rtept><rtept lat="28.840497" lon="121.115172"><ele>9.4</ele></rtept><rtept lat="28.840497" lon="121.115212"><ele>9.4</ele></rtept><rtept lat="28.840497" lon="121.115245"><ele>9.4</ele></rtept><rtept lat="28.840497" lon="121.115287"><ele>9.4</ele></rtept><rtept lat="28.840497" lon="121.115325"><ele>9.6</ele></rtept><rtept lat="28.840492" lon="121.115365"><ele>9.6</ele></rtept><rtept lat="28.840488" lon="121.115397"><ele>9.6</ele></rtept><rtept lat="28.840487" lon="121.115435"><ele>9.6</ele></rtept><rtept lat="28.840487" lon="121.115467"><ele>9.4</ele></rtept><rtept lat="28.840487" lon="121.115505"><ele>9.4</ele></rtept><rtept lat="28.840487" lon="121.115547"><ele>9.4</ele></rtept><rtept lat="28.840487" lon="121.115585"><ele>9.4</ele></rtept><rtept lat="28.840487" lon="121.11562"><ele>9.4</ele></rtept><rtept lat="28.840487" lon="121.115652"><ele>9.4</ele></rtept><rtept lat="28.840487" lon="121.11569"><ele>9.6</ele></rtept><rtept lat="28.840485" lon="121.115725"><ele>9.4</ele></rtept><rtept lat="28.84048" lon="121.11576"><ele>9.4</ele></rtept><rtept lat="28.840475" lon="121.115792"><ele>9.4</ele></rtept><rtept lat="28.840472" lon="121.115832"><ele>9.4</ele></rtept><rtept lat="28.840467" lon="121.115872"><ele>9.4</ele></rtept><rtept lat="28.840467" lon="121.115905"><ele>9.4</ele></rtept><rtept lat="28.840465" lon="121.115937"><ele>9.2</ele></rtept><rtept lat="28.840467" lon="121.115975"><ele>9.2</ele></rtept><rtept lat="28.840465" lon="121.116012"><ele>9.2</ele></rtept><rtept lat="28.840465" lon="121.11605"><ele>9.4</ele></rtept><rtept lat="28.840465" lon="121.116087"><ele>9.4</ele></rtept><rtept lat="28.840462" lon="121.116122"><ele>9.2</ele></rtept><rtept lat="28.84046" lon="121.116162"><ele>9.2</ele></rtept><rtept lat="28.840457" lon="121.116202"><ele>9.4</ele></rtept><rtept lat="28.840457" lon="121.11624"><ele>9.4</ele></rtept><rtept lat="28.840452" lon="121.11628"><ele>9.4</ele></rtept><rtept lat="28.840452" lon="121.11632"><ele>9.2</ele></rtept><rtept lat="28.840452" lon="121.116362"><ele>9.0</ele></rtept><rtept lat="28.840447" lon="121.1164"><ele>9.0</ele></rtept><rtept lat="28.840447" lon="121.11644"><ele>9.0</ele></rtept><rtept lat="28.840447" lon="121.116478"><ele>9.0</ele></rtept><rtept lat="28.840447" lon="121.116522"><ele>9.0</ele></rtept><rtept lat="28.840445" lon="121.116557"><ele>9.0</ele></rtept><rtept lat="28.840442" lon="121.116597"><ele>9.0</ele></rtept><rtept lat="28.840442" lon="121.116637"><ele>9.0</ele></rtept><rtept lat="28.840442" lon="121.116675"><ele>9.2</ele></rtept><rtept lat="28.840437" lon="121.116712"><ele>9.2</ele></rtept><rtept lat="28.840437" lon="121.116752"><ele>9.2</ele></rtept><rtept lat="28.840437" lon="121.116792"><ele>9.2</ele></rtept><rtept lat="28.840432" lon="121.116827"><ele>9.2</ele></rtept><rtept lat="28.840427" lon="121.116865"><ele>9.2</ele></rtept><rtept lat="28.840425" lon="121.116905"><ele>9.4</ele></rtept><rtept lat="28.840422" lon="121.116942"><ele>9.4</ele></rtept><rtept lat="28.84042" lon="121.11698"><ele>8.8</ele></rtept><rtept lat="28.840417" lon="121.117017"><ele>8.8</ele></rtept><rtept lat="28.840415" lon="121.117055"><ele>9.2</ele></rtept><rtept lat="28.840412" lon="121.117092"><ele>9.2</ele></rtept><rtept lat="28.84041" lon="121.117132"><ele>9.4</ele></rtept><rtept lat="28.840407" lon="121.117172"><ele>9.4</ele></rtept><rtept lat="28.840405" lon="121.117212"><ele>8.6</ele></rtept><rtept lat="28.840402" lon="121.117252"><ele>8.6</ele></rtept><rtept lat="28.840397" lon="121.117292"><ele>8.8</ele></rtept><rtept lat="28.840392" lon="121.11733"><ele>9.0</ele></rtept><rtept lat="28.840387" lon="121.11737"><ele>9.4</ele></rtept><rtept lat="28.840387" lon="121.117407"><ele>9.4</ele></rtept><rtept lat="28.84038" lon="121.117447"><ele>9.2</ele></rtept><rtept lat="28.840377" lon="121.117485"><ele>9.0</ele></rtept><rtept lat="28.840372" lon="121.117527"><ele>9.0</ele></rtept><rtept lat="28.84037" lon="121.117562"><ele>9.0</ele></rtept><rtept lat="28.840367" lon="121.117602"><ele>8.8</ele></rtept><rtept lat="28.840362" lon="121.11764"><ele>9.0</ele></rtept><rtept lat="28.840357" lon="121.117677"><ele>8.8</ele></rtept><rtept lat="28.840352" lon="121.117712"><ele>8.8</ele></rtept><rtept lat="28.840347" lon="121.117752"><ele>8.8</ele></rtept><rtept lat="28.840345" lon="121.117787"><ele>8.8</ele></rtept><rtept lat="28.840342" lon="121.117825"><ele>8.8</ele></rtept><rtept lat="28.840337" lon="121.117858"><ele>9.0</ele></rtept><rtept lat="28.840335" lon="121.1179"><ele>8.8</ele></rtept><rtept lat="28.840332" lon="121.117937"><ele>8.8</ele></rtept><rtept lat="28.84033" lon="121.117977"><ele>8.8</ele></rtept><rtept lat="28.840327" lon="121.118017"><ele>8.8</ele></rtept><rtept lat="28.840322" lon="121.118057"><ele>8.8</ele></rtept><rtept lat="28.840322" lon="121.118097"><ele>8.8</ele></rtept><rtept lat="28.840317" lon="121.118137"><ele>8.8</ele></rtept><rtept lat="28.840312" lon="121.118172"><ele>8.6</ele></rtept><rtept lat="28.840307" lon="121.118212"><ele>8.6</ele></rtept><rtept lat="28.840302" lon="121.11825"><ele>8.4</ele></rtept><rtept lat="28.840302" lon="121.11829"><ele>8.4</ele></rtept><rtept lat="28.840298" lon="121.118327"><ele>8.4</ele></rtept><rtept lat="28.840297" lon="121.118367"><ele>8.6</ele></rtept><rtept lat="28.840292" lon="121.118407"><ele>8.6</ele></rtept><rtept lat="28.84029" lon="121.118445"><ele>8.4</ele></rtept><rtept lat="28.840287" lon="121.118482"><ele>8.4</ele></rtept><rtept lat="28.840285" lon="121.118522"><ele>8.4</ele></rtept><rtept lat="28.840282" lon="121.118557"><ele>8.4</ele></rtept><rtept lat="28.84028" lon="121.118597"><ele>8.4</ele></rtept><rtept lat="28.840275" lon="121.118632"><ele>8.4</ele></rtept><rtept lat="28.840272" lon="121.118672"><ele>8.4</ele></rtept><rtept lat="28.84027" lon="121.118712"><ele>8.4</ele></rtept><rtept lat="28.840262" lon="121.11875"><ele>8.4</ele></rtept><rtept lat="28.840257" lon="121.118792"><ele>8.4</ele></rtept><rtept lat="28.840255" lon="121.118837"><ele>8.4</ele></rtept><rtept lat="28.840252" lon="121.118882"><ele>8.4</ele></rtept><rtept lat="28.840252" lon="121.118917"><ele>8.4</ele></rtept><rtept lat="28.840262" lon="121.118952"><ele>8.4</ele></rtept><rtept lat="28.840275" lon="121.118983"><ele>8.4</ele></rtept><rtept lat="28.840297" lon="121.11901"><ele>8.4</ele></rtept><rtept lat="28.840327" lon="121.119025"><ele>8.4</ele></rtept><rtept lat="28.840362" lon="121.119032"><ele>8.4</ele></rtept><rtept lat="28.840402" lon="121.11904"><ele>8.4</ele></rtept><rtept lat="28.840437" lon="121.119047"><ele>8.4</ele></rtept><rtept lat="28.840472" lon="121.119047"><ele>8.8</ele></rtept><rtept lat="28.84051" lon="121.119047"><ele>9.0</ele></rtept><rtept lat="28.840542" lon="121.11905"><ele>9.0</ele></rtept><rtept lat="28.840575" lon="121.119052"><ele>9.2</ele></rtept><rtept lat="28.84061" lon="121.119052"><ele>9.2</ele></rtept><rtept lat="28.840647" lon="121.119057"><ele>9.2</ele></rtept><rtept lat="28.840685" lon="121.11906"><ele>9.2</ele></rtept><rtept lat="28.840722" lon="121.119062"><ele>9.2</ele></rtept><rtept lat="28.840752" lon="121.119062"><ele>9.8</ele></rtept><rtept lat="28.840785" lon="121.119067"><ele>9.8</ele></rtept><rtept lat="28.840817" lon="121.119072"><ele>9.6</ele></rtept><rtept lat="28.84085" lon="121.119077"><ele>9.4</ele></rtept><rtept lat="28.840885" lon="121.11908"><ele>9.4</ele></rtept><rtept lat="28.840912" lon="121.119082"><ele>9.4</ele></rtept><rtept lat="28.840945" lon="121.119087"><ele>9.6</ele></rtept><rtept lat="28.840977" lon="121.119087"><ele>9.8</ele></rtept><rtept lat="28.84101" lon="121.119092"><ele>9.8</ele></rtept><rtept lat="28.841037" lon="121.119095"><ele>9.8</ele></rtept><rtept lat="28.841072" lon="121.1191"><ele>9.8</ele></rtept><rtept lat="28.841102" lon="121.119102"><ele>9.8</ele></rtept><rtept lat="28.841137" lon="121.119112"><ele>9.6</ele></rtept><rtept lat="28.841167" lon="121.119117"><ele>9.6</ele></rtept><rtept lat="28.841197" lon="121.119122"><ele>10.2</ele></rtept><rtept lat="28.84123" lon="121.119127"><ele>10.4</ele></rtept><rtept lat="28.841262" lon="121.119135"><ele>10.2</ele></rtept><rtept lat="28.841292" lon="121.119137"><ele>10.4</ele></rtept><rtept lat="28.841327" lon="121.119142"><ele>10.4</ele></rtept><rtept lat="28.841357" lon="121.119147"><ele>10.6</ele></rtept><rtept lat="28.841387" lon="121.11915"><ele>11.2</ele></rtept><rtept lat="28.841417" lon="121.119157"><ele>11.2</ele></rtept><rtept lat="28.84145" lon="121.119167"><ele>11.4</ele></rtept><rtept lat="28.84148" lon="121.119172"><ele>11.4</ele></rtept><rtept lat="28.84151" lon="121.119182"><ele>11.6</ele></rtept><rtept lat="28.841542" lon="121.119192"><ele>12.2</ele></rtept><rtept lat="28.841577" lon="121.119205"><ele>12.4</ele></rtept><rtept lat="28.841607" lon="121.11922"><ele>12.4</ele></rtept><rtept lat="28.841635" lon="121.11924"><ele>12.8</ele></rtept><rtept lat="28.841657" lon="121.119262"><ele>13.0</ele></rtept><rtept lat="28.841682" lon="121.119282"><ele>13.6</ele></rtept><rtept lat="28.841707" lon="121.119312"><ele>13.6</ele></rtept><rtept lat="28.84173" lon="121.119342"><ele>13.6</ele></rtept><rtept lat="28.841752" lon="121.119362"><ele>13.4</ele></rtept><rtept lat="28.84178" lon="121.119377"><ele>13.4</ele></rtept><rtept lat="28.841817" lon="121.119382"><ele>13.4</ele></rtept><rtept lat="28.84185" lon="121.119387"><ele>13.4</ele></rtept><rtept lat="28.841882" lon="121.119397"><ele>13.4</ele></rtept><rtept lat="28.841917" lon="121.119402"><ele>12.8</ele></rtept><rtept lat="28.841952" lon="121.11941"><ele>12.4</ele></rtept><rtept lat="28.84199" lon="121.11942"><ele>12.4</ele></rtept><rtept lat="28.842027" lon="121.11943"><ele>11.8</ele></rtept><rtept lat="28.842062" lon="121.11944"><ele>11.4</ele></rtept><rtept lat="28.842097" lon="121.119447"><ele>11.2</ele></rtept><rtept lat="28.842132" lon="121.119455"><ele>11.2</ele></rtept><rtept lat="28.842165" lon="121.119457"><ele>11.2</ele></rtept><rtept lat="28.842197" lon="121.119465"><ele>11.0</ele></rtept><rtept lat="28.842232" lon="121.119472"><ele>11.0</ele></rtept><rtept lat="28.842265" lon="121.11948"><ele>11.0</ele></rtept><rtept lat="28.8423" lon="121.119487"><ele>11.0</ele></rtept><rtept lat="28.842332" lon="121.119492"><ele>10.8</ele></rtept><rtept lat="28.842367" lon="121.119497"><ele>10.6</ele></rtept><rtept lat="28.842405" lon="121.119502"><ele>10.4</ele></rtept><rtept lat="28.842437" lon="121.119507"><ele>10.4</ele></rtept><rtept lat="28.842472" lon="121.119512"><ele>10.2</ele></rtept><rtept lat="28.842505" lon="121.119515"><ele>10.0</ele></rtept><rtept lat="28.842537" lon="121.119522"><ele>10.0</ele></rtept><rtept lat="28.84257" lon="121.119527"><ele>10.2</ele></rtept><rtept lat="28.842602" lon="121.119537"><ele>10.2</ele></rtept><rtept lat="28.842637" lon="121.119542"><ele>9.8</ele></rtept><rtept lat="28.842675" lon="121.119547"><ele>9.8</ele></rtept><rtept lat="28.842707" lon="121.11955"><ele>9.8</ele></rtept><rtept lat="28.842742" lon="121.119552"><ele>10.0</ele></rtept><rtept lat="28.842775" lon="121.119555"><ele>10.0</ele></rtept><rtept lat="28.84281" lon="121.119557"><ele>9.8</ele></rtept><rtept lat="28.842842" lon="121.119562"><ele>9.8</ele></rtept><rtept lat="28.842877" lon="121.119567"><ele>9.8</ele></rtept><rtept lat="28.842912" lon="121.11957"><ele>9.8</ele></rtept><rtept lat="28.842947" lon="121.119577"><ele>9.6</ele></rtept><rtept lat="28.84298" lon="121.11958"><ele>9.8</ele></rtept><rtept lat="28.843017" lon="121.119587"><ele>9.8</ele></rtept><rtept lat="28.84305" lon="121.119595"><ele>9.8</ele></rtept><rtept lat="28.843082" lon="121.119602"><ele>9.8</ele></rtept><rtept lat="28.843117" lon="121.119607"><ele>10.0</ele></rtept><rtept lat="28.843152" lon="121.119615"><ele>10.4</ele></rtept><rtept lat="28.843182" lon="121.11962"><ele>10.4</ele></rtept><rtept lat="28.843217" lon="121.119625"><ele>10.4</ele></rtept><rtept lat="28.843247" lon="121.119627"><ele>10.2</ele></rtept><rtept lat="28.843282" lon="121.119632"><ele>10.2</ele></rtept><rtept lat="28.84332" lon="121.119637"><ele>10.4</ele></rtept><rtept lat="28.843355" lon="121.119642"><ele>10.4</ele></rtept><rtept lat="28.843387" lon="121.119645"><ele>10.4</ele></rtept><rtept lat="28.84342" lon="121.119652"><ele>10.4</ele></rtept><rtept lat="28.843452" lon="121.119657"><ele>10.6</ele></rtept><rtept lat="28.843485" lon="121.119665"><ele>10.6</ele></rtept><rtept lat="28.843517" lon="121.119675"><ele>10.4</ele></rtept><rtept lat="28.84355" lon="121.11968"><ele>10.4</ele></rtept><rtept lat="28.84358" lon="121.119682"><ele>10.4</ele></rtept><rtept lat="28.843612" lon="121.119685"><ele>10.4</ele></rtept><rtept lat="28.843647" lon="121.119685"><ele>10.4</ele></rtept><rtept lat="28.843682" lon="121.119685"><ele>10.6</ele></rtept><rtept lat="28.843712" lon="121.119682"><ele>10.6</ele></rtept><rtept lat="28.843742" lon="121.119677"><ele>10.6</ele></rtept><rtept lat="28.843777" lon="121.119672"><ele>10.4</ele></rtept><rtept lat="28.843812" lon="121.11967"><ele>10.4</ele></rtept><rtept lat="28.843847" lon="121.119665"><ele>10.4</ele></rtept><rtept lat="28.843882" lon="121.119658"><ele>10.4</ele></rtept><rtept lat="28.84392" lon="121.119652"><ele>10.4</ele></rtept><rtept lat="28.843957" lon="121.119645"><ele>10.4</ele></rtept><rtept lat="28.843992" lon="121.119632"><ele>10.2</ele></rtept><rtept lat="28.844027" lon="121.119625"><ele>10.4</ele></rtept><rtept lat="28.844062" lon="121.11962"><ele>10.4</ele></rtept><rtept lat="28.844095" lon="121.119617"><ele>10.4</ele></rtept><rtept lat="28.844127" lon="121.119612"><ele>10.4</ele></rtept><rtept lat="28.844162" lon="121.119607"><ele>10.4</ele></rtept><rtept lat="28.844197" lon="121.119602"><ele>10.4</ele></rtept><rtept lat="28.84423" lon="121.119597"><ele>10.2</ele></rtept><rtept lat="28.844265" lon="121.119592"><ele>10.2</ele></rtept><rtept lat="28.844297" lon="121.119587"><ele>10.2</ele></rtept><rtept lat="28.844335" lon="121.119582"><ele>10.4</ele></rtept><rtept lat="28.844367" lon="121.119577"><ele>10.4</ele></rtept><rtept lat="28.844402" lon="121.119572"><ele>10.4</ele></rtept><rtept lat="28.844435" lon="121.11957"><ele>10.2</ele></rtept><rtept lat="28.84447" lon="121.119565"><ele>10.2</ele></rtept><rtept lat="28.844502" lon="121.119557"><ele>10.4</ele></rtept><rtept lat="28.84454" lon="121.11955"><ele>10.4</ele></rtept><rtept lat="28.844572" lon="121.119545"><ele>10.4</ele></rtept><rtept lat="28.844612" lon="121.11954"><ele>10.2</ele></rtept><rtept lat="28.844642" lon="121.119532"><ele>10.2</ele></rtept><rtept lat="28.844677" lon="121.119525"><ele>10.2</ele></rtept><rtept lat="28.84471" lon="121.119517"><ele>10.0</ele></rtept><rtept lat="28.844747" lon="121.119512"><ele>10.0</ele></rtept><rtept lat="28.84478" lon="121.119505"><ele>10.2</ele></rtept><rtept lat="28.844812" lon="121.1195"><ele>10.2</ele></rtept><rtept lat="28.844845" lon="121.119492"><ele>10.2</ele></rtept><rtept lat="28.84488" lon="121.119487"><ele>9.8</ele></rtept><rtept lat="28.844912" lon="121.119477"><ele>9.8</ele></rtept><rtept lat="28.844947" lon="121.119472"><ele>9.8</ele></rtept><rtept lat="28.844977" lon="121.119467"><ele>10.2</ele></rtept><rtept lat="28.845012" lon="121.119462"><ele>10.2</ele></rtept><rtept lat="28.845045" lon="121.119457"><ele>10.2</ele></rtept><rtept lat="28.84508" lon="121.119452"><ele>10.2</ele></rtept><rtept lat="28.845112" lon="121.119445"><ele>10.2</ele></rtept><rtept lat="28.845147" lon="121.11944"><ele>10.2</ele></rtept><rtept lat="28.845182" lon="121.119437"><ele>10.0</ele></rtept><rtept lat="28.845215" lon="121.119432"><ele>10.0</ele></rtept><rtept lat="28.84525" lon="121.119422"><ele>10.0</ele></rtept><rtept lat="28.845285" lon="121.11942"><ele>10.0</ele></rtept><rtept lat="28.84532" lon="121.119417"><ele>10.2</ele></rtept><rtept lat="28.845355" lon="121.119412"><ele>10.2</ele></rtept><rtept lat="28.845387" lon="121.119407"><ele>10.0</ele></rtept><rtept lat="28.845422" lon="121.119402"><ele>10.0</ele></rtept><rtept lat="28.845457" lon="121.119397"><ele>9.8</ele></rtept><rtept lat="28.84549" lon="121.119392"><ele>9.8</ele></rtept><rtept lat="28.845522" lon="121.119387"><ele>9.8</ele></rtept><rtept lat="28.845555" lon="121.11938"><ele>10.0</ele></rtept><rtept lat="28.845587" lon="121.119375"><ele>10.0</ele></rtept><rtept lat="28.84562" lon="121.11937"><ele>10.0</ele></rtept><rtept lat="28.845655" lon="121.119365"><ele>10.0</ele></rtept><rtept lat="28.845687" lon="121.119357"><ele>9.4</ele></rtept><rtept lat="28.84572" lon="121.119355"><ele>9.6</ele></rtept><rtept lat="28.845752" lon="121.119352"><ele>9.6</ele></rtept><rtept lat="28.84579" lon="121.11935"><ele>9.6</ele></rtept><rtept lat="28.845822" lon="121.119342"><ele>9.4</ele></rtept><rtept lat="28.845862" lon="121.119337"><ele>9.4</ele></rtept><rtept lat="28.845895" lon="121.119332"><ele>9.4</ele></rtept><rtept lat="28.845932" lon="121.11933"><ele>9.6</ele></rtept><rtept lat="28.845967" lon="121.119327"><ele>9.4</ele></rtept><rtept lat="28.846007" lon="121.119322"><ele>9.4</ele></rtept><rtept lat="28.846042" lon="121.11932"><ele>9.4</ele></rtept><rtept lat="28.84608" lon="121.119317"><ele>9.2</ele></rtept><rtept lat="28.846112" lon="121.119317"><ele>9.0</ele></rtept><rtept lat="28.846152" lon="121.119315"><ele>9.0</ele></rtept><rtept lat="28.846182" lon="121.119312"><ele>9.2</ele></rtept><rtept lat="28.846217" lon="121.119305"><ele>9.2</ele></rtept><rtept lat="28.846252" lon="121.119297"><ele>9.2</ele></rtept><rtept lat="28.846285" lon="121.119292"><ele>9.0</ele></rtept><rtept lat="28.84632" lon="121.119287"><ele>9.0</ele></rtept><rtept lat="28.846355" lon="121.119287"><ele>9.2</ele></rtept><rtept lat="28.846387" lon="121.11928"><ele>9.2</ele></rtept><rtept lat="28.846422" lon="121.119277"><ele>9.2</ele></rtept><rtept lat="28.846457" lon="121.119272"><ele>9.2</ele></rtept><rtept lat="28.846492" lon="121.11927"><ele>9.2</ele></rtept><rtept lat="28.846527" lon="121.119267"><ele>9.0</ele></rtept><rtept lat="28.846562" lon="121.119265"><ele>9.0</ele></rtept><rtept lat="28.846595" lon="121.119265"><ele>9.0</ele></rtept><rtept lat="28.846627" lon="121.119257"><ele>9.2</ele></rtept><rtept lat="28.84666" lon="121.119252"><ele>9.4</ele></rtept><rtept lat="28.84669" lon="121.119245"><ele>9.4</ele></rtept><rtept lat="28.84672" lon="121.119235"><ele>9.4</ele></rtept><rtept lat="28.846752" lon="121.119227"><ele>9.0</ele></rtept><rtept lat="28.846787" lon="121.11923"><ele>9.0</ele></rtept><rtept lat="28.846817" lon="121.119227"><ele>8.8</ele></rtept><rtept lat="28.84685" lon="121.119225"><ele>8.6</ele></rtept><rtept lat="28.846882" lon="121.119222"><ele>8.6</ele></rtept><rtept lat="28.846912" lon="121.119217"><ele>8.4</ele></rtept><rtept lat="28.846945" lon="121.119212"><ele>8.4</ele></rtept><rtept lat="28.846977" lon="121.119207"><ele>8.4</ele></rtept><rtept lat="28.847007" lon="121.119197"><ele>8.6</ele></rtept><rtept lat="28.847037" lon="121.119197"><ele>9.0</ele></rtept><rtept lat="28.847072" lon="121.119192"><ele>9.0</ele></rtept><rtept lat="28.847105" lon="121.11919"><ele>9.0</ele></rtept><rtept lat="28.84714" lon="121.119182"><ele>9.0</ele></rtept><rtept lat="28.847175" lon="121.119175"><ele>9.0</ele></rtept><rtept lat="28.847207" lon="121.119167"><ele>9.0</ele></rtept><rtept lat="28.847242" lon="121.11916"><ele>9.2</ele></rtept><rtept lat="28.847277" lon="121.119157"><ele>9.2</ele></rtept><rtept lat="28.847312" lon="121.119155"><ele>9.2</ele></rtept><rtept lat="28.847345" lon="121.119155"><ele>9.0</ele></rtept><rtept lat="28.847372" lon="121.119147"><ele>9.0</ele></rtept><rtept lat="28.847402" lon="121.119145"><ele>9.0</ele></rtept><rtept lat="28.847432" lon="121.119137"><ele>9.0</ele></rtept><rtept lat="28.847462" lon="121.119132"><ele>8.8</ele></rtept><rtept lat="28.847495" lon="121.119127"><ele>8.8</ele></rtept><rtept lat="28.847527" lon="121.119127"><ele>8.8</ele></rtept><rtept lat="28.84756" lon="121.119122"><ele>8.8</ele></rtept><rtept lat="28.847592" lon="121.119117"><ele>8.8</ele></rtept><rtept lat="28.847627" lon="121.119112"><ele>9.0</ele></rtept><rtept lat="28.847662" lon="121.119107"><ele>9.2</ele></rtept><rtept lat="28.847692" lon="121.119102"><ele>9.2</ele></rtept><rtept lat="28.847727" lon="121.119097"><ele>9.2</ele></rtept><rtept lat="28.847757" lon="121.119095"><ele>9.2</ele></rtept><rtept lat="28.847787" lon="121.119095"><ele>9.2</ele></rtept><rtept lat="28.847817" lon="121.119092"><ele>9.2</ele></rtept><rtept lat="28.84785" lon="121.119087"><ele>9.0</ele></rtept><rtept lat="28.847887" lon="121.11908"><ele>8.8</ele></rtept><rtept lat="28.847922" lon="121.119077"><ele>8.8</ele></rtept><rtept lat="28.84796" lon="121.119068"><ele>9.4</ele></rtept><rtept lat="28.847995" lon="121.119062"><ele>9.4</ele></rtept><rtept lat="28.848032" lon="121.119045"><ele>9.4</ele></rtept><rtept lat="28.848062" lon="121.119032"><ele>9.4</ele></rtept><rtept lat="28.848095" lon="121.119025"><ele>9.4</ele></rtept><rtept lat="28.84813" lon="121.119012"><ele>9.4</ele></rtept><rtept lat="28.848165" lon="121.118997"><ele>9.4</ele></rtept><rtept lat="28.848202" lon="121.118983"><ele>9.4</ele></rtept><rtept lat="28.848235" lon="121.118972"><ele>9.4</ele></rtept><rtept lat="28.84827" lon="121.118952"><ele>9.0</ele></rtept><rtept lat="28.848302" lon="121.118945"><ele>9.0</ele></rtept><rtept lat="28.848332" lon="121.118932"><ele>9.0</ele></rtept><rtept lat="28.848362" lon="121.118927"><ele>9.0</ele></rtept><rtept lat="28.848392" lon="121.118922"><ele>9.0</ele></rtept><rtept lat="28.848422" lon="121.118917"><ele>9.0</ele></rtept><rtept lat="28.848457" lon="121.118917"><ele>9.4</ele></rtept><rtept lat="28.848492" lon="121.118915"><ele>9.4</ele></rtept><rtept lat="28.848527" lon="121.118912"><ele>9.2</ele></rtept><rtept lat="28.848562" lon="121.11891"><ele>9.2</ele></rtept><rtept lat="28.848597" lon="121.118907"><ele>9.2</ele></rtept><rtept lat="28.848627" lon="121.118907"><ele>9.2</ele></rtept><rtept lat="28.848662" lon="121.118907"><ele>9.2</ele></rtept><rtept lat="28.848692" lon="121.118905"><ele>9.4</ele></rtept><rtept lat="28.848727" lon="121.118897"><ele>9.4</ele></rtept><rtept lat="28.84876" lon="121.118902"><ele>9.4</ele></rtept><rtept lat="28.848795" lon="121.118905"><ele>9.2</ele></rtept><rtept lat="28.848827" lon="121.118902"><ele>9.2</ele></rtept><rtept lat="28.84886" lon="121.118897"><ele>9.4</ele></rtept><rtept lat="28.84889" lon="121.118887"><ele>9.4</ele></rtept><rtept lat="28.848922" lon="121.118877"><ele>9.4</ele></rtept><rtept lat="28.84895" lon="121.118872"><ele>9.2</ele></rtept><rtept lat="28.848977" lon="121.118865"><ele>9.0</ele></rtept><rtept lat="28.849012" lon="121.118867"><ele>8.8</ele></rtept><rtept lat="28.849052" lon="121.118862"><ele>8.8</ele></rtept><rtept lat="28.849085" lon="121.118857"><ele>8.8</ele></rtept><rtept lat="28.849117" lon="121.118847"><ele>8.8</ele></rtept><rtept lat="28.849147" lon="121.118842"><ele>8.8</ele></rtept><rtept lat="28.849182" lon="121.11883"><ele>8.8</ele></rtept><rtept lat="28.849212" lon="121.118822"><ele>8.8</ele></rtept><rtept lat="28.849245" lon="121.118817"><ele>8.8</ele></rtept><rtept lat="28.849277" lon="121.118817"><ele>8.8</ele></rtept><rtept lat="28.849312" lon="121.11882"><ele>9.0</ele></rtept><rtept lat="28.849352" lon="121.118817"><ele>9.0</ele></rtept><rtept lat="28.84939" lon="121.118802"><ele>9.0</ele></rtept><rtept lat="28.849422" lon="121.118795"><ele>9.0</ele></rtept><rtept lat="28.849462" lon="121.118785"><ele>9.0</ele></rtept><rtept lat="28.849497" lon="121.118777"><ele>8.6</ele></rtept><rtept lat="28.849535" lon="121.118767"><ele>8.6</ele></rtept><rtept lat="28.849567" lon="121.118762"><ele>8.8</ele></rtept><rtept lat="28.849602" lon="121.118755"><ele>8.8</ele></rtept><rtept lat="28.849637" lon="121.118747"><ele>8.8</ele></rtept><rtept lat="28.849672" lon="121.118737"><ele>8.8</ele></rtept><rtept lat="28.849707" lon="121.118742"><ele>9.0</ele></rtept><rtept lat="28.849742" lon="121.118742"><ele>9.4</ele></rtept><rtept lat="28.84978" lon="121.118735"><ele>9.4</ele></rtept><rtept lat="28.849817" lon="121.118725"><ele>9.4</ele></rtept><rtept lat="28.849852" lon="121.11873"><ele>9.0</ele></rtept><rtept lat="28.849882" lon="121.118732"><ele>8.4</ele></rtept><rtept lat="28.84991" lon="121.118742"><ele>8.4</ele></rtept><rtept lat="28.849942" lon="121.118742"><ele>8.6</ele></rtept><rtept lat="28.84997" lon="121.11874"><ele>8.8</ele></rtept><rtept lat="28.850005" lon="121.118737"><ele>8.8</ele></rtept><rtept lat="28.85004" lon="121.118737"><ele>9.0</ele></rtept><rtept lat="28.850077" lon="121.118735"><ele>9.0</ele></rtept><rtept lat="28.850107" lon="121.118732"><ele>9.0</ele></rtept><rtept lat="28.85014" lon="121.118732"><ele>8.8</ele></rtept><rtept lat="28.850172" lon="121.118727"><ele>8.8</ele></rtept><rtept lat="28.850207" lon="121.118722"><ele>9.0</ele></rtept><rtept lat="28.850242" lon="121.118717"><ele>9.0</ele></rtept><rtept lat="28.850277" lon="121.118707"><ele>9.0</ele></rtept><rtept lat="28.850307" lon="121.118697"><ele>9.2</ele></rtept><rtept lat="28.850332" lon="121.118692"><ele>9.2</ele></rtept><rtept lat="28.850365" lon="121.118687"><ele>9.0</ele></rtept><rtept lat="28.850402" lon="121.118685"><ele>9.0</ele></rtept><rtept lat="28.850437" lon="121.118682"><ele>9.0</ele></rtept><rtept lat="28.850472" lon="121.118673"><ele>9.2</ele></rtept><rtept lat="28.850502" lon="121.118667"><ele>9.2</ele></rtept><rtept lat="28.850535" lon="121.118662"><ele>9.0</ele></rtept><rtept lat="28.850567" lon="121.118657"><ele>8.4</ele></rtept><rtept lat="28.850605" lon="121.118652"><ele>8.4</ele></rtept><rtept lat="28.850642" lon="121.118642"><ele>8.4</ele></rtept><rtept lat="28.850675" lon="121.118637"><ele>8.4</ele></rtept><rtept lat="28.850707" lon="121.118632"><ele>8.4</ele></rtept><rtept lat="28.850745" lon="121.11863"><ele>8.6</ele></rtept><rtept lat="28.850782" lon="121.118627"><ele>8.6</ele></rtept><rtept lat="28.850817" lon="121.118625"><ele>8.8</ele></rtept><rtept lat="28.850847" lon="121.118617"><ele>8.8</ele></rtept><rtept lat="28.850882" lon="121.118607"><ele>8.6</ele></rtept><rtept lat="28.850917" lon="121.118602"><ele>8.4</ele></rtept><rtept lat="28.85095" lon="121.118595"><ele>8.4</ele></rtept><rtept lat="28.850982" lon="121.118592"><ele>8.4</ele></rtept><rtept lat="28.851017" lon="121.11859"><ele>8.4</ele></rtept><rtept lat="28.851047" lon="121.118587"><ele>8.2</ele></rtept><rtept lat="28.851085" lon="121.118585"><ele>8.2</ele></rtept><rtept lat="28.85112" lon="121.118577"><ele>8.2</ele></rtept><rtept lat="28.851152" lon="121.118575"><ele>8.2</ele></rtept><rtept lat="28.851185" lon="121.118572"><ele>8.4</ele></rtept><rtept lat="28.851217" lon="121.118567"><ele>8.4</ele></rtept><rtept lat="28.851247" lon="121.118567"><ele>8.4</ele></rtept><rtept lat="28.85128" lon="121.118562"><ele>8.4</ele></rtept><rtept lat="28.85131" lon="121.118557"><ele>8.4</ele></rtept><rtept lat="28.851345" lon="121.118557"><ele>8.4</ele></rtept><rtept lat="28.851375" lon="121.118552"><ele>8.4</ele></rtept><rtept lat="28.85141" lon="121.118547"><ele>8.4</ele></rtept><rtept lat="28.851447" lon="121.118542"><ele>8.4</ele></rtept><rtept lat="28.851482" lon="121.118537"><ele>8.4</ele></rtept><rtept lat="28.851512" lon="121.118533"><ele>8.4</ele></rtept><rtept lat="28.851547" lon="121.11853"><ele>8.4</ele></rtept><rtept lat="28.851582" lon="121.118527"><ele>8.4</ele></rtept><rtept lat="28.851615" lon="121.118525"><ele>8.4</ele></rtept><rtept lat="28.85165" lon="121.118517"><ele>8.4</ele></rtept><rtept lat="28.851685" lon="121.118517"><ele>8.6</ele></rtept><rtept lat="28.851722" lon="121.118517"><ele>8.6</ele></rtept><rtept lat="28.851755" lon="121.118507"><ele>8.8</ele></rtept><rtept lat="28.851785" lon="121.118502"><ele>8.8</ele></rtept><rtept lat="28.851817" lon="121.118497"><ele>8.6</ele></rtept><rtept lat="28.851852" lon="121.118487"><ele>8.4</ele></rtept><rtept lat="28.851887" lon="121.118482"><ele>8.4</ele></rtept><rtept lat="28.85192" lon="121.118472"><ele>8.4</ele></rtept><rtept lat="28.851955" lon="121.11847"><ele>8.6</ele></rtept><rtept lat="28.85199" lon="121.118465"><ele>8.6</ele></rtept><rtept lat="28.852025" lon="121.118462"><ele>8.6</ele></rtept><rtept lat="28.85206" lon="121.118457"><ele>8.8</ele></rtept><rtept lat="28.852095" lon="121.118447"><ele>8.8</ele></rtept><rtept lat="28.85213" lon="121.118442"><ele>8.8</ele></rtept><rtept lat="28.852165" lon="121.118437"><ele>8.8</ele></rtept><rtept lat="28.852197" lon="121.118435"><ele>9.0</ele></rtept><rtept lat="28.852232" lon="121.118435"><ele>9.0</ele></rtept><rtept lat="28.85226" lon="121.11843"><ele>9.2</ele></rtept><rtept lat="28.852292" lon="121.118425"><ele>9.2</ele></rtept><rtept lat="28.852322" lon="121.118422"><ele>9.0</ele></rtept><rtept lat="28.852355" lon="121.118417"><ele>9.0</ele></rtept><rtept lat="28.85239" lon="121.118412"><ele>9.0</ele></rtept><rtept lat="28.852425" lon="121.11841"><ele>9.2</ele></rtept><rtept lat="28.852455" lon="121.118405"><ele>9.2</ele></rtept><rtept lat="28.852487" lon="121.1184"><ele>9.0</ele></rtept><rtept lat="28.852522" lon="121.118397"><ele>9.0</ele></rtept><rtept lat="28.852557" lon="121.11839"><ele>9.8</ele></rtept><rtept lat="28.852592" lon="121.11838"><ele>9.8</ele></rtept><rtept lat="28.852625" lon="121.118377"><ele>9.0</ele></rtept><rtept lat="28.852657" lon="121.118372"><ele>9.0</ele></rtept><rtept lat="28.852692" lon="121.118367"><ele>9.0</ele></rtept><rtept lat="28.852725" lon="121.118362"><ele>9.2</ele></rtept><rtept lat="28.852762" lon="121.118357"><ele>9.2</ele></rtept><rtept lat="28.852795" lon="121.118355"><ele>9.2</ele></rtept><rtept lat="28.852832" lon="121.118347"><ele>9.2</ele></rtept><rtept lat="28.852867" lon="121.118342"><ele>8.8</ele></rtept><rtept lat="28.852897" lon="121.118337"><ele>8.8</ele></rtept><rtept lat="28.85293" lon="121.11833"><ele>9.2</ele></rtept><rtept lat="28.852965" lon="121.118322"><ele>9.2</ele></rtept><rtept lat="28.852997" lon="121.118317"><ele>9.0</ele></rtept><rtept lat="28.853032" lon="121.118308"><ele>8.8</ele></rtept><rtept lat="28.853062" lon="121.118302"><ele>9.0</ele></rtept><rtept lat="28.853097" lon="121.118297"><ele>9.0</ele></rtept><rtept lat="28.853132" lon="121.118292"><ele>9.0</ele></rtept><rtept lat="28.853167" lon="121.118287"><ele>9.0</ele></rtept><rtept lat="28.853207" lon="121.118282"><ele>9.0</ele></rtept><rtept lat="28.853242" lon="121.11827"><ele>9.0</ele></rtept><rtept lat="28.853277" lon="121.118267"><ele>9.2</ele></rtept><rtept lat="28.853315" lon="121.118265"><ele>9.2</ele></rtept><rtept lat="28.85335" lon="121.11826"><ele>9.2</ele></rtept><rtept lat="28.853382" lon="121.118252"><ele>9.2</ele></rtept><rtept lat="28.853412" lon="121.118245"><ele>9.2</ele></rtept><rtept lat="28.853447" lon="121.11824"><ele>9.0</ele></rtept><rtept lat="28.853482" lon="121.118237"><ele>9.0</ele></rtept><rtept lat="28.853512" lon="121.118232"><ele>9.2</ele></rtept><rtept lat="28.853545" lon="121.118222"><ele>9.2</ele></rtept><rtept lat="28.853575" lon="121.118217"><ele>9.2</ele></rtept><rtept lat="28.853605" lon="121.11821"><ele>9.2</ele></rtept><rtept lat="28.853635" lon="121.118207"><ele>9.0</ele></rtept><rtept lat="28.853662" lon="121.118205"><ele>9.0</ele></rtept><rtept lat="28.853692" lon="121.118202"><ele>9.2</ele></rtept><rtept lat="28.853725" lon="121.118205"><ele>9.2</ele></rtept><rtept lat="28.853757" lon="121.118207"><ele>9.2</ele></rtept><rtept lat="28.85379" lon="121.11821"><ele>9.2</ele></rtept><rtept lat="28.853822" lon="121.118217"><ele>9.4</ele></rtept><rtept lat="28.853852" lon="121.118232"><ele>9.4</ele></rtept><rtept lat="28.85388" lon="121.118252"><ele>9.4</ele></rtept><rtept lat="28.853907" lon="121.118277"><ele>9.4</ele></rtept><rtept lat="28.85393" lon="121.1183"><ele>9.4</ele></rtept><rtept lat="28.853952" lon="121.11833"><ele>9.4</ele></rtept><rtept lat="28.853972" lon="121.118362"><ele>9.0</ele></rtept><rtept lat="28.853987" lon="121.118392"><ele>8.4</ele></rtept><rtept lat="28.854005" lon="121.118417"><ele>8.4</ele></rtept><rtept lat="28.854025" lon="121.118442"><ele>8.4</ele></rtept><rtept lat="28.854042" lon="121.118462"><ele>8.4</ele></rtept><rtept lat="28.854067" lon="121.118472"><ele>8.4</ele></rtept><rtept lat="28.854092" lon="121.118477"><ele>8.4</ele></rtept><rtept lat="28.854122" lon="121.118482"><ele>8.4</ele></rtept><rtept lat="28.854152" lon="121.118485"><ele>8.4</ele></rtept><rtept lat="28.854182" lon="121.118482"><ele>8.6</ele></rtept><rtept lat="28.854212" lon="121.118482"><ele>8.6</ele></rtept><rtept lat="28.854242" lon="121.11848"><ele>9.0</ele></rtept><rtept lat="28.854267" lon="121.118477"><ele>9.0</ele></rtept><rtept lat="28.854297" lon="121.118472"><ele>9.0</ele></rtept><rtept lat="28.854322" lon="121.118472"><ele>9.2</ele></rtept><rtept lat="28.854342" lon="121.11847"><ele>9.2</ele></rtept><rtept lat="28.854375" lon="121.118455"><ele>9.4</ele></rtept><rtept lat="28.854395" lon="121.118445"><ele>10.0</ele></rtept><rtept lat="28.854412" lon="121.118447"><ele>12.4</ele></rtept><rtept lat="28.854432" lon="121.118442"><ele>12.8</ele></rtept><rtept lat="28.854447" lon="121.11844"><ele>14.0</ele></rtept><rtept lat="28.854462" lon="121.118432"><ele>15.0</ele></rtept><rtept lat="28.85448" lon="121.11843"><ele>16.0</ele></rtept><rtept lat="28.854492" lon="121.118432"><ele>17.4</ele></rtept><rtept lat="28.854517" lon="121.118432"><ele>17.8</ele></rtept><rtept lat="28.85453" lon="121.118432"><ele>19.6</ele></rtept><rtept lat="28.854547" lon="121.11844"><ele>20.4</ele></rtept><rtept lat="28.854565" lon="121.118432"><ele>21.4</ele></rtept><rtept lat="28.854577" lon="121.118442"><ele>22.6</ele></rtept><rtept lat="28.854597" lon="121.118427"><ele>23.8</ele></rtept><rtept lat="28.854615" lon="121.118427"><ele>25.6</ele></rtept><rtept lat="28.854635" lon="121.11842"><ele>26.8</ele></rtept><rtept lat="28.854647" lon="121.118412"><ele>29.0</ele></rtept><rtept lat="28.854662" lon="121.118402"><ele>30.0</ele></rtept><rtept lat="28.85468" lon="121.118395"><ele>30.8</ele></rtept><rtept lat="28.854695" lon="121.11839"><ele>32.4</ele></rtept><rtept lat="28.854712" lon="121.118385"><ele>33.0</ele></rtept><rtept lat="28.854727" lon="121.118387"><ele>34.8</ele></rtept><rtept lat="28.854747" lon="121.118387"><ele>36.0</ele></rtept><rtept lat="28.854762" lon="121.118382"><ele>37.2</ele></rtept><rtept lat="28.85478" lon="121.118372"><ele>38.4</ele></rtept><rtept lat="28.8548" lon="121.11837"><ele>39.4</ele></rtept><rtept lat="28.854817" lon="121.118377"><ele>40.4</ele></rtept><rtept lat="28.854835" lon="121.118375"><ele>41.8</ele></rtept><rtept lat="28.854852" lon="121.118372"><ele>43.6</ele></rtept><rtept lat="28.85487" lon="121.118377"><ele>45.0</ele></rtept><rtept lat="28.85489" lon="121.118372"><ele>46.2</ele></rtept><rtept lat="28.854907" lon="121.11837"><ele>47.6</ele></rtept><rtept lat="28.854925" lon="121.11836"><ele>48.4</ele></rtept><rtept lat="28.854955" lon="121.11835"><ele>49.6</ele></rtept><rtept lat="28.854992" lon="121.118342"><ele>49.8</ele></rtept><rtept lat="28.855015" lon="121.11834"><ele>49.6</ele></rtept><rtept lat="28.855065" lon="121.118335"><ele>49.8</ele></rtept><rtept lat="28.855077" lon="121.118317"><ele>49.8</ele></rtept><rtept lat="28.855072" lon="121.118287"><ele>49.8</ele></rtept><rtept lat="28.855052" lon="121.11828"><ele>50.0</ele></rtept><rtept lat="28.855038" lon="121.118252"><ele>51.4</ele></rtept><rtept lat="28.855042" lon="121.118222"><ele>51.8</ele></rtept><rtept lat="28.855037" lon="121.118202"><ele>53.2</ele></rtept><rtept lat="28.855022" lon="121.118217"><ele>53.8</ele></rtept><rtept lat="28.855025" lon="121.118257"><ele>53.6</ele></rtept><rtept lat="28.855025" lon="121.118285"><ele>53.6</ele></rtept><rtept lat="28.855025" lon="121.118307"><ele>53.8</ele></rtept><rtept lat="28.855047" lon="121.118342"><ele>53.8</ele></rtept><rtept lat="28.855052" lon="121.118367"><ele>53.8</ele></rtept><rtept lat="28.855057" lon="121.118397"><ele>54.2</ele></rtept><rtept lat="28.855057" lon="121.11842"><ele>54.2</ele></rtept><rtept lat="28.855065" lon="121.11844"><ele>54.4</ele></rtept><rtept lat="28.855067" lon="121.11847"><ele>54.2</ele></rtept><rtept lat="28.855095" lon="121.118487"><ele>53.2</ele></rtept><rtept lat="28.855122" lon="121.118482"><ele>52.8</ele></rtept><rtept lat="28.855147" lon="121.118472"><ele>52.8</ele></rtept><rtept lat="28.855177" lon="121.118462"><ele>52.8</ele></rtept><rtept lat="28.855212" lon="121.118452"><ele>52.8</ele></rtept><rtept lat="28.855237" lon="121.118442"><ele>53.0</ele></rtept><rtept lat="28.855262" lon="121.118437"><ele>53.2</ele></rtept><rtept lat="28.855292" lon="121.118432"><ele>53.2</ele></rtept><rtept lat="28.855317" lon="121.118425"><ele>53.8</ele></rtept><rtept lat="28.85535" lon="121.118422"><ele>53.8</ele></rtept><rtept lat="28.855377" lon="121.118425"><ele>53.8</ele></rtept><rtept lat="28.855407" lon="121.118427"><ele>54.0</ele></rtept><rtept lat="28.855432" lon="121.118432"><ele>54.0</ele></rtept><rtept lat="28.855462" lon="121.118437"><ele>54.2</ele></rtept><rtept lat="28.85549" lon="121.118442"><ele>54.2</ele></rtept><rtept lat="28.85552" lon="121.118447"><ele>54.2</ele></rtept><rtept lat="28.855542" lon="121.118455"><ele>54.2</ele></rtept><rtept lat="28.855567" lon="121.11846"><ele>54.8</ele></rtept><rtept lat="28.855592" lon="121.118467"><ele>55.0</ele></rtept><rtept lat="28.855615" lon="121.118472"><ele>55.2</ele></rtept><rtept lat="28.855637" lon="121.11848"><ele>55.8</ele></rtept><rtept lat="28.855662" lon="121.118485"><ele>56.0</ele></rtept><rtept lat="28.85569" lon="121.11849"><ele>56.4</ele></rtept><rtept lat="28.855717" lon="121.118497"><ele>56.8</ele></rtept><rtept lat="28.855747" lon="121.118497"><ele>57.2</ele></rtept><rtept lat="28.855772" lon="121.1185"><ele>58.0</ele></rtept><rtept lat="28.855797" lon="121.118505"><ele>58.4</ele></rtept><rtept lat="28.855817" lon="121.118512"><ele>58.6</ele></rtept><rtept lat="28.855842" lon="121.118522"><ele>59.0</ele></rtept><rtept lat="28.855867" lon="121.118527"><ele>59.4</ele></rtept><rtept lat="28.855892" lon="121.118542"><ele>60.0</ele></rtept><rtept lat="28.855917" lon="121.118557"><ele>60.2</ele></rtept><rtept lat="28.855942" lon="121.118572"><ele>60.6</ele></rtept><rtept lat="28.855967" lon="121.118587"><ele>61.0</ele></rtept><rtept lat="28.855992" lon="121.118595"><ele>61.2</ele></rtept><rtept lat="28.856015" lon="121.118605"><ele>61.4</ele></rtept><rtept lat="28.856045" lon="121.118612"><ele>61.6</ele></rtept><rtept lat="28.856072" lon="121.11862"><ele>62.0</ele></rtept><rtept lat="28.856097" lon="121.118625"><ele>62.4</ele></rtept><rtept lat="28.856125" lon="121.118637"><ele>62.4</ele></rtept><rtept lat="28.85615" lon="121.118642"><ele>62.6</ele></rtept><rtept lat="28.856178" lon="121.118647"><ele>63.2</ele></rtept><rtept lat="28.856207" lon="121.118647"><ele>63.4</ele></rtept><rtept lat="28.856235" lon="121.118647"><ele>63.8</ele></rtept><rtept lat="28.856262" lon="121.118647"><ele>64.2</ele></rtept><rtept lat="28.856292" lon="121.118645"><ele>64.2</ele></rtept><rtept lat="28.856322" lon="121.118645"><ele>64.0</ele></rtept><rtept lat="28.856347" lon="121.118645"><ele>64.0</ele></rtept><rtept lat="28.856372" lon="121.118645"><ele>64.0</ele></rtept><rtept lat="28.856397" lon="121.118642"><ele>64.8</ele></rtept><rtept lat="28.856422" lon="121.11864"><ele>64.8</ele></rtept><rtept lat="28.856452" lon="121.118635"><ele>64.6</ele></rtept><rtept lat="28.856475" lon="121.118627"><ele>64.6</ele></rtept><rtept lat="28.856502" lon="121.118622"><ele>64.6</ele></rtept><rtept lat="28.856525" lon="121.118615"><ele>65.0</ele></rtept><rtept lat="28.85655" lon="121.118605"><ele>65.0</ele></rtept><rtept lat="28.856575" lon="121.118597"><ele>65.2</ele></rtept><rtept lat="28.856602" lon="121.118592"><ele>65.4</ele></rtept><rtept lat="28.856628" lon="121.118585"><ele>65.4</ele></rtept><rtept lat="28.856655" lon="121.118572"><ele>65.6</ele></rtept><rtept lat="28.856687" lon="121.118562"><ele>65.8</ele></rtept><rtept lat="28.856712" lon="121.118552"><ele>66.6</ele></rtept><rtept lat="28.85674" lon="121.118542"><ele>66.6</ele></rtept><rtept lat="28.856762" lon="121.11853"><ele>66.6</ele></rtept><rtept lat="28.856787" lon="121.118515"><ele>67.0</ele></rtept><rtept lat="28.856805" lon="121.1185"><ele>67.4</ele></rtept><rtept lat="28.856822" lon="121.118482"><ele>67.6</ele></rtept><rtept lat="28.85684" lon="121.11847"><ele>68.0</ele></rtept><rtept lat="28.856852" lon="121.118455"><ele>69.0</ele></rtept><rtept lat="28.856867" lon="121.11844"><ele>69.0</ele></rtept><rtept lat="28.856887" lon="121.118417"><ele>69.8</ele></rtept><rtept lat="28.856897" lon="121.118397"><ele>69.8</ele></rtept><rtept lat="28.856912" lon="121.118382"><ele>69.8</ele></rtept><rtept lat="28.856922" lon="121.118362"><ele>70.0</ele></rtept><rtept lat="28.856932" lon="121.118337"><ele>70.0</ele></rtept><rtept lat="28.856942" lon="121.118307"><ele>70.0</ele></rtept><rtept lat="28.856952" lon="121.11827"><ele>69.6</ele></rtept><rtept lat="28.856962" lon="121.118237"><ele>69.6</ele></rtept><rtept lat="28.856967" lon="121.118197"><ele>69.6</ele></rtept><rtept lat="28.856977" lon="121.118165"><ele>69.2</ele></rtept><rtept lat="28.856985" lon="121.118127"><ele>68.8</ele></rtept><rtept lat="28.856992" lon="121.118087"><ele>68.2</ele></rtept><rtept lat="28.856995" lon="121.118045"><ele>67.2</ele></rtept><rtept lat="28.856997" lon="121.118002"><ele>66.4</ele></rtept><rtept lat="28.857" lon="121.117965"><ele>65.4</ele></rtept><rtept lat="28.857002" lon="121.117927"><ele>64.6</ele></rtept><rtept lat="28.857012" lon="121.11789"><ele>64.0</ele></rtept><rtept lat="28.857022" lon="121.117852"><ele>63.4</ele></rtept><rtept lat="28.857037" lon="121.117812"><ele>62.4</ele></rtept><rtept lat="28.85705" lon="121.117772"><ele>62.2</ele></rtept><rtept lat="28.857062" lon="121.11774"><ele>62.0</ele></rtept><rtept lat="28.857075" lon="121.117705"><ele>62.0</ele></rtept><rtept lat="28.857087" lon="121.117672"><ele>61.6</ele></rtept><rtept lat="28.8571" lon="121.117637"><ele>61.4</ele></rtept><rtept lat="28.857107" lon="121.117605"><ele>61.2</ele></rtept><rtept lat="28.857122" lon="121.117572"><ele>61.2</ele></rtept><rtept lat="28.857132" lon="121.117545"><ele>61.2</ele></rtept><rtept lat="28.857145" lon="121.117517"><ele>61.2</ele></rtept><rtept lat="28.857155" lon="121.117497"><ele>61.2</ele></rtept><rtept lat="28.857167" lon="121.117475"><ele>61.4</ele></rtept><rtept lat="28.85718" lon="121.117457"><ele>61.6</ele></rtept><rtept lat="28.857197" lon="121.117442"><ele>62.4</ele></rtept><rtept lat="28.85721" lon="121.117427"><ele>63.0</ele></rtept><rtept lat="28.857222" lon="121.11741"><ele>63.4</ele></rtept><rtept lat="28.857247" lon="121.117387"><ele>64.2</ele></rtept><rtept lat="28.857262" lon="121.117377"><ele>64.4</ele></rtept><rtept lat="28.85729" lon="121.117357"><ele>65.2</ele></rtept><rtept lat="28.857315" lon="121.117337"><ele>65.8</ele></rtept><rtept lat="28.85734" lon="121.11732"><ele>66.8</ele></rtept><rtept lat="28.857362" lon="121.117307"><ele>67.8</ele></rtept><rtept lat="28.857388" lon="121.117295"><ele>68.6</ele></rtept><rtept lat="28.85742" lon="121.117277"><ele>69.4</ele></rtept><rtept lat="28.857442" lon="121.117257"><ele>70.0</ele></rtept><rtept lat="28.857457" lon="121.117245"><ele>69.8</ele></rtept><rtept lat="28.857487" lon="121.117232"><ele>70.2</ele></rtept><rtept lat="28.857502" lon="121.117222"><ele>70.8</ele></rtept><rtept lat="28.857527" lon="121.117202"><ele>71.6</ele></rtept><rtept lat="28.857552" lon="121.11718"><ele>72.8</ele></rtept><rtept lat="28.857565" lon="121.117162"><ele>72.8</ele></rtept><rtept lat="28.857582" lon="121.117137"><ele>73.6</ele></rtept><rtept lat="28.857607" lon="121.117117"><ele>74.4</ele></rtept><rtept lat="28.857627" lon="121.117095"><ele>75.6</ele></rtept><rtept lat="28.857647" lon="121.117082"><ele>75.8</ele></rtept><rtept lat="28.857665" lon="121.117067"><ele>76.6</ele></rtept><rtept lat="28.857682" lon="121.117047"><ele>77.0</ele></rtept><rtept lat="28.857692" lon="121.117027"><ele>77.6</ele></rtept><rtept lat="28.857715" lon="121.117017"><ele>79.0</ele></rtept><rtept lat="28.85773" lon="121.116997"><ele>79.8</ele></rtept><rtept lat="28.857745" lon="121.116977"><ele>80.2</ele></rtept><rtept lat="28.857765" lon="121.11697"><ele>81.4</ele></rtept><rtept lat="28.857772" lon="121.116947"><ele>82.6</ele></rtept><rtept lat="28.857787" lon="121.116935"><ele>83.2</ele></rtept><rtept lat="28.857807" lon="121.11692"><ele>84.0</ele></rtept><rtept lat="28.857827" lon="121.11692"><ele>84.4</ele></rtept><rtept lat="28.857847" lon="121.116912"><ele>85.6</ele></rtept><rtept lat="28.857867" lon="121.116905"><ele>87.0</ele></rtept><rtept lat="28.857882" lon="121.116892"><ele>87.6</ele></rtept><rtept lat="28.857902" lon="121.116872"><ele>88.4</ele></rtept><rtept lat="28.857915" lon="121.116857"><ele>89.0</ele></rtept><rtept lat="28.857925" lon="121.116837"><ele>89.4</ele></rtept><rtept lat="28.857932" lon="121.116817"><ele>90.4</ele></rtept><rtept lat="28.857947" lon="121.116802"><ele>92.0</ele></rtept><rtept lat="28.857962" lon="121.116795"><ele>93.4</ele></rtept><rtept lat="28.857975" lon="121.116777"><ele>94.8</ele></rtept><rtept lat="28.857987" lon="121.11676"><ele>95.4</ele></rtept><rtept lat="28.858007" lon="121.116747"><ele>96.0</ele></rtept><rtept lat="28.858017" lon="121.116735"><ele>97.4</ele></rtept><rtept lat="28.858025" lon="121.116712"><ele>98.6</ele></rtept><rtept lat="28.858032" lon="121.116697"><ele>99.4</ele></rtept><rtept lat="28.858047" lon="121.116687"><ele>100.6</ele></rtept><rtept lat="28.85806" lon="121.116675"><ele>101.8</ele></rtept><rtept lat="28.85807" lon="121.11666"><ele>102.6</ele></rtept><rtept lat="28.858082" lon="121.116647"><ele>104.0</ele></rtept><rtept lat="28.858092" lon="121.116622"><ele>104.8</ele></rtept><rtept lat="28.858102" lon="121.116605"><ele>105.8</ele></rtept><rtept lat="28.858095" lon="121.11658"><ele>106.8</ele></rtept><rtept lat="28.858087" lon="121.11656"><ele>106.8</ele></rtept><rtept lat="28.85808" lon="121.11654"><ele>107.2</ele></rtept><rtept lat="28.85807" lon="121.1165"><ele>107.2</ele></rtept><rtept lat="28.858052" lon="121.116482"><ele>107.2</ele></rtept><rtept lat="28.85803" lon="121.116457"><ele>106.8</ele></rtept><rtept lat="28.858002" lon="121.116435"><ele>106.8</ele></rtept><rtept lat="28.857977" lon="121.116412"><ele>106.6</ele></rtept><rtept lat="28.85795" lon="121.116395"><ele>106.6</ele></rtept><rtept lat="28.857922" lon="121.11638"><ele>106.8</ele></rtept><rtept lat="28.857892" lon="121.116362"><ele>106.8</ele></rtept><rtept lat="28.85786" lon="121.116347"><ele>106.8</ele></rtept><rtept lat="28.85783" lon="121.116335"><ele>106.8</ele></rtept><rtept lat="28.8578" lon="121.116322"><ele>106.8</ele></rtept><rtept lat="28.857772" lon="121.11631"><ele>106.8</ele></rtept><rtept lat="28.857752" lon="121.116292"><ele>106.6</ele></rtept><rtept lat="28.857727" lon="121.11628"><ele>106.6</ele></rtept><rtept lat="28.857702" lon="121.116267"><ele>106.6</ele></rtept><rtept lat="28.857677" lon="121.116252"><ele>106.8</ele></rtept><rtept lat="28.857652" lon="121.116232"><ele>106.8</ele></rtept><rtept lat="28.857632" lon="121.116212"><ele>106.8</ele></rtept><rtept lat="28.85761" lon="121.116195"><ele>106.4</ele></rtept><rtept lat="28.857587" lon="121.116172"><ele>105.4</ele></rtept><rtept lat="28.857567" lon="121.11615"><ele>103.8</ele></rtept><rtept lat="28.857543" lon="121.116132"><ele>103.0</ele></rtept><rtept lat="28.857527" lon="121.116112"><ele>102.0</ele></rtept><rtept lat="28.857507" lon="121.11609"><ele>100.6</ele></rtept><rtept lat="28.857492" lon="121.116062"><ele>99.8</ele></rtept><rtept lat="28.857477" lon="121.116037"><ele>98.6</ele></rtept><rtept lat="28.857462" lon="121.11601"><ele>97.6</ele></rtept><rtept lat="28.857445" lon="121.115977"><ele>97.2</ele></rtept><rtept lat="28.857427" lon="121.115942"><ele>96.4</ele></rtept><rtept lat="28.857412" lon="121.1159"><ele>95.4</ele></rtept><rtept lat="28.857407" lon="121.11586"><ele>94.2</ele></rtept><rtept lat="28.8574" lon="121.115817"><ele>93.4</ele></rtept><rtept lat="28.857395" lon="121.115767"><ele>93.4</ele></rtept><rtept lat="28.857388" lon="121.115722"><ele>93.2</ele></rtept><rtept lat="28.857382" lon="121.115682"><ele>93.2</ele></rtept><rtept lat="28.857375" lon="121.115642"><ele>93.2</ele></rtept><rtept lat="28.857372" lon="121.115607"><ele>93.2</ele></rtept><rtept lat="28.85737" lon="121.115572"><ele>93.2</ele></rtept><rtept lat="28.857367" lon="121.115542"><ele>93.2</ele></rtept><rtept lat="28.857362" lon="121.115507"><ele>93.2</ele></rtept><rtept lat="28.857357" lon="121.115477"><ele>93.6</ele></rtept><rtept lat="28.857353" lon="121.115452"><ele>93.6</ele></rtept><rtept lat="28.85734" lon="121.115432"><ele>93.2</ele></rtept><rtept lat="28.857327" lon="121.115417"><ele>93.2</ele></rtept><rtept lat="28.85731" lon="121.115395"><ele>93.2</ele></rtept><rtept lat="28.857292" lon="121.115372"><ele>93.2</ele></rtept><rtept lat="28.857277" lon="121.115347"><ele>93.2</ele></rtept><rtept lat="28.857262" lon="121.115322"><ele>93.0</ele></rtept><rtept lat="28.857252" lon="121.115297"><ele>93.0</ele></rtept><rtept lat="28.85723" lon="121.115275"><ele>92.2</ele></rtept><rtept lat="28.857205" lon="121.115247"><ele>91.2</ele></rtept><rtept lat="28.857177" lon="121.115217"><ele>90.6</ele></rtept><rtept lat="28.857157" lon="121.115192"><ele>89.8</ele></rtept><rtept lat="28.857132" lon="121.115165"><ele>89.0</ele></rtept><rtept lat="28.85711" lon="121.115137"><ele>88.8</ele></rtept><rtept lat="28.857087" lon="121.11511"><ele>88.6</ele></rtept><rtept lat="28.857062" lon="121.115082"><ele>88.4</ele></rtept><rtept lat="28.857037" lon="121.115057"><ele>88.4</ele></rtept><rtept lat="28.857015" lon="121.115032"><ele>88.2</ele></rtept><rtept lat="28.856995" lon="121.11501"><ele>88.2</ele></rtept><rtept lat="28.856977" lon="121.114982"><ele>88.2</ele></rtept><rtept lat="28.856957" lon="121.114957"><ele>88.2</ele></rtept><rtept lat="28.856942" lon="121.114927"><ele>88.4</ele></rtept><rtept lat="28.856927" lon="121.114902"><ele>88.4</ele></rtept><rtept lat="28.856912" lon="121.114877"><ele>88.4</ele></rtept><rtept lat="28.856895" lon="121.114852"><ele>88.6</ele></rtept><rtept lat="28.85688" lon="121.114822"><ele>89.2</ele></rtept><rtept lat="28.856862" lon="121.114795"><ele>89.2</ele></rtept><rtept lat="28.856847" lon="121.114762"><ele>89.2</ele></rtept><rtept lat="28.85683" lon="121.114732"><ele>89.4</ele></rtept><rtept lat="28.856815" lon="121.114705"><ele>89.8</ele></rtept><rtept lat="28.8568" lon="121.114677"><ele>89.8</ele></rtept><rtept lat="28.85679" lon="121.114652"><ele>90.0</ele></rtept><rtept lat="28.856782" lon="121.114627"><ele>90.0</ele></rtept><rtept lat="28.856775" lon="121.114607"><ele>90.4</ele></rtept><rtept lat="28.856767" lon="121.11459"><ele>90.4</ele></rtept><rtept lat="28.85676" lon="121.114567"><ele>90.8</ele></rtept><rtept lat="28.856747" lon="121.11455"><ele>91.4</ele></rtept><rtept lat="28.856737" lon="121.114527"><ele>91.6</ele></rtept><rtept lat="28.856727" lon="121.114507"><ele>91.8</ele></rtept><rtept lat="28.856722" lon="121.114485"><ele>92.4</ele></rtept><rtept lat="28.856712" lon="121.114465"><ele>92.8</ele></rtept><rtept lat="28.856697" lon="121.114427"><ele>93.8</ele></rtept><rtept lat="28.856692" lon="121.114407"><ele>94.4</ele></rtept><rtept lat="28.856677" lon="121.114368"><ele>94.6</ele></rtept><rtept lat="28.856665" lon="121.114332"><ele>95.8</ele></rtept><rtept lat="28.856657" lon="121.114307"><ele>96.2</ele></rtept><rtept lat="28.856647" lon="121.114287"><ele>96.8</ele></rtept><rtept lat="28.85664" lon="121.114262"><ele>96.8</ele></rtept><rtept lat="28.856632" lon="121.11424"><ele>97.2</ele></rtept><rtept lat="28.856625" lon="121.114217"><ele>97.8</ele></rtept><rtept lat="28.856622" lon="121.114192"><ele>98.2</ele></rtept><rtept lat="28.856617" lon="121.114172"><ele>98.2</ele></rtept><rtept lat="28.856612" lon="121.114147"><ele>98.6</ele></rtept><rtept lat="28.856605" lon="121.114122"><ele>98.8</ele></rtept><rtept lat="28.8566" lon="121.114102"><ele>99.6</ele></rtept><rtept lat="28.856597" lon="121.11408"><ele>100.0</ele></rtept><rtept lat="28.856597" lon="121.114057"><ele>100.6</ele></rtept><rtept lat="28.856593" lon="121.114032"><ele>100.8</ele></rtept><rtept lat="28.856587" lon="121.114007"><ele>101.2</ele></rtept><rtept lat="28.856577" lon="121.113982"><ele>101.2</ele></rtept><rtept lat="28.85658" lon="121.113952"><ele>101.2</ele></rtept><rtept lat="28.85658" lon="121.113932"><ele>101.0</ele></rtept><rtept lat="28.85658" lon="121.113902"><ele>101.0</ele></rtept><rtept lat="28.85658" lon="121.113865"><ele>101.0</ele></rtept><rtept lat="28.856577" lon="121.113825"><ele>101.0</ele></rtept><rtept lat="28.856577" lon="121.113787"><ele>101.0</ele></rtept><rtept lat="28.856577" lon="121.113752"><ele>100.8</ele></rtept><rtept lat="28.856577" lon="121.113712"><ele>100.6</ele></rtept><rtept lat="28.856575" lon="121.11367"><ele>99.8</ele></rtept><rtept lat="28.856575" lon="121.11363"><ele>99.8</ele></rtept><rtept lat="28.856577" lon="121.11359"><ele>99.6</ele></rtept><rtept lat="28.856577" lon="121.113545"><ele>99.4</ele></rtept><rtept lat="28.85658" lon="121.113507"><ele>99.0</ele></rtept><rtept lat="28.856582" lon="121.11347"><ele>98.8</ele></rtept><rtept lat="28.856582" lon="121.113425"><ele>98.8</ele></rtept><rtept lat="28.85658" lon="121.113377"><ele>98.8</ele></rtept><rtept lat="28.856577" lon="121.113335"><ele>98.4</ele></rtept><rtept lat="28.856572" lon="121.113295"><ele>98.0</ele></rtept><rtept lat="28.856562" lon="121.11325"><ele>97.6</ele></rtept><rtept lat="28.856557" lon="121.113212"><ele>97.4</ele></rtept><rtept lat="28.856552" lon="121.113167"><ele>97.0</ele></rtept><rtept lat="28.856542" lon="121.113122"><ele>96.4</ele></rtept><rtept lat="28.856532" lon="121.113082"><ele>96.0</ele></rtept><rtept lat="28.856522" lon="121.113045"><ele>96.0</ele></rtept><rtept lat="28.856507" lon="121.113012"><ele>95.6</ele></rtept><rtept lat="28.85649" lon="121.112982"><ele>95.4</ele></rtept><rtept lat="28.856475" lon="121.112947"><ele>95.0</ele></rtept><rtept lat="28.856462" lon="121.112915"><ele>94.8</ele></rtept><rtept lat="28.856447" lon="121.112882"><ele>92.8</ele></rtept><rtept lat="28.85643" lon="121.112847"><ele>92.8</ele></rtept><rtept lat="28.856415" lon="121.112812"><ele>91.8</ele></rtept><rtept lat="28.856402" lon="121.11278"><ele>91.0</ele></rtept><rtept lat="28.85639" lon="121.112747"><ele>89.8</ele></rtept><rtept lat="28.856372" lon="121.112722"><ele>89.0</ele></rtept><rtept lat="28.85636" lon="121.112692"><ele>88.4</ele></rtept><rtept lat="28.856347" lon="121.112662"><ele>87.6</ele></rtept><rtept lat="28.856335" lon="121.112637"><ele>86.6</ele></rtept><rtept lat="28.856322" lon="121.11261"><ele>85.6</ele></rtept><rtept lat="28.856307" lon="121.112582"><ele>85.0</ele></rtept><rtept lat="28.856292" lon="121.11255"><ele>84.0</ele></rtept><rtept lat="28.856282" lon="121.112527"><ele>83.4</ele></rtept><rtept lat="28.856267" lon="121.112507"><ele>82.4</ele></rtept><rtept lat="28.85625" lon="121.112487"><ele>81.8</ele></rtept><rtept lat="28.856232" lon="121.112477"><ele>81.6</ele></rtept><rtept lat="28.856217" lon="121.112465"><ele>81.4</ele></rtept><rtept lat="28.856202" lon="121.112452"><ele>80.6</ele></rtept><rtept lat="28.856187" lon="121.112437"><ele>79.4</ele></rtept><rtept lat="28.856162" lon="121.112417"><ele>77.4</ele></rtept><rtept lat="28.856137" lon="121.112387"><ele>75.6</ele></rtept><rtept lat="28.856122" lon="121.112372"><ele>74.8</ele></rtept><rtept lat="28.856105" lon="121.112355"><ele>74.0</ele></rtept><rtept lat="28.856087" lon="121.112335"><ele>73.0</ele></rtept><rtept lat="28.856067" lon="121.112312"><ele>72.0</ele></rtept><rtept lat="28.856047" lon="121.112287"><ele>71.0</ele></rtept><rtept lat="28.85602" lon="121.112255"><ele>70.4</ele></rtept><rtept lat="28.855995" lon="121.11222"><ele>69.2</ele></rtept><rtept lat="28.855972" lon="121.112187"><ele>68.2</ele></rtept><rtept lat="28.855957" lon="121.112155"><ele>68.2</ele></rtept><rtept lat="28.855942" lon="121.112117"><ele>67.8</ele></rtept><rtept lat="28.855927" lon="121.112082"><ele>67.6</ele></rtept><rtept lat="28.855917" lon="121.112052"><ele>67.6</ele></rtept><rtept lat="28.855907" lon="121.112015"><ele>67.4</ele></rtept><rtept lat="28.855895" lon="121.11198"><ele>67.4</ele></rtept><rtept lat="28.855887" lon="121.111942"><ele>67.6</ele></rtept><rtept lat="28.855877" lon="121.111905"><ele>67.6</ele></rtept><rtept lat="28.855867" lon="121.111862"><ele>67.0</ele></rtept><rtept lat="28.85586" lon="121.111825"><ele>67.0</ele></rtept><rtept lat="28.855847" lon="121.111782"><ele>67.0</ele></rtept><rtept lat="28.855833" lon="121.111742"><ele>66.8</ele></rtept><rtept lat="28.855825" lon="121.111702"><ele>66.6</ele></rtept><rtept lat="28.855812" lon="121.111667"><ele>66.6</ele></rtept><rtept lat="28.855797" lon="121.111627"><ele>66.6</ele></rtept><rtept lat="28.855782" lon="121.111595"><ele>66.6</ele></rtept><rtept lat="28.855765" lon="121.111553"><ele>66.6</ele></rtept><rtept lat="28.85575" lon="121.11152"><ele>66.4</ele></rtept><rtept lat="28.855735" lon="121.111482"><ele>66.4</ele></rtept><rtept lat="28.855717" lon="121.111447"><ele>65.8</ele></rtept><rtept lat="28.855702" lon="121.11141"><ele>65.8</ele></rtept><rtept lat="28.855687" lon="121.111377"><ele>65.6</ele></rtept><rtept lat="28.85567" lon="121.111345"><ele>65.2</ele></rtept><rtept lat="28.855652" lon="121.111307"><ele>65.2</ele></rtept><rtept lat="28.855635" lon="121.111277"><ele>65.2</ele></rtept><rtept lat="28.855617" lon="121.111242"><ele>65.0</ele></rtept><rtept lat="28.855602" lon="121.111215"><ele>64.8</ele></rtept><rtept lat="28.855582" lon="121.111188"><ele>64.8</ele></rtept><rtept lat="28.855562" lon="121.111162"><ele>64.8</ele></rtept><rtept lat="28.85554" lon="121.111142"><ele>64.8</ele></rtept><rtept lat="28.855522" lon="121.111117"><ele>64.8</ele></rtept><rtept lat="28.855502" lon="121.11109"><ele>64.6</ele></rtept><rtept lat="28.855487" lon="121.111055"><ele>64.6</ele></rtept><rtept lat="28.85547" lon="121.111017"><ele>64.6</ele></rtept><rtept lat="28.855452" lon="121.110985"><ele>64.2</ele></rtept><rtept lat="28.855442" lon="121.110947"><ele>63.6</ele></rtept><rtept lat="28.855418" lon="121.110905"><ele>63.4</ele></rtept><rtept lat="28.855402" lon="121.110865"><ele>63.2</ele></rtept><rtept lat="28.855383" lon="121.110825"><ele>62.8</ele></rtept><rtept lat="28.855372" lon="121.110782"><ele>61.8</ele></rtept><rtept lat="28.855367" lon="121.11074"><ele>61.2</ele></rtept><rtept lat="28.85536" lon="121.110702"><ele>60.8</ele></rtept><rtept lat="28.855352" lon="121.110665"><ele>60.4</ele></rtept><rtept lat="28.855342" lon="121.110632"><ele>60.0</ele></rtept><rtept lat="28.855337" lon="121.110597"><ele>59.4</ele></rtept><rtept lat="28.855327" lon="121.110565"><ele>59.0</ele></rtept><rtept lat="28.855312" lon="121.110537"><ele>58.4</ele></rtept><rtept lat="28.855292" lon="121.110512"><ele>57.8</ele></rtept><rtept lat="28.855272" lon="121.110487"><ele>57.4</ele></rtept><rtept lat="28.85525" lon="121.110467"><ele>57.0</ele></rtept><rtept lat="28.855228" lon="121.110447"><ele>56.4</ele></rtept><rtept lat="28.855207" lon="121.110425"><ele>55.4</ele></rtept><rtept lat="28.855177" lon="121.110405"><ele>55.0</ele></rtept><rtept lat="28.855152" lon="121.110385"><ele>54.2</ele></rtept><rtept lat="28.855132" lon="121.110365"><ele>54.0</ele></rtept><rtept lat="28.85511" lon="121.110347"><ele>53.4</ele></rtept><rtept lat="28.855087" lon="121.110322"><ele>53.4</ele></rtept><rtept lat="28.855067" lon="121.1103"><ele>53.6</ele></rtept><rtept lat="28.855047" lon="121.11028"><ele>53.8</ele></rtept><rtept lat="28.855027" lon="121.110252"><ele>53.8</ele></rtept><rtept lat="28.855002" lon="121.110227"><ele>53.8</ele></rtept><rtept lat="28.854982" lon="121.110203"><ele>53.6</ele></rtept><rtept lat="28.854967" lon="121.110187"><ele>53.2</ele></rtept><rtept lat="28.854955" lon="121.110172"><ele>53.2</ele></rtept><rtept lat="28.854942" lon="121.110157"><ele>53.4</ele></rtept><rtept lat="28.85493" lon="121.11014"><ele>53.8</ele></rtept><rtept lat="28.85492" lon="121.110125"><ele>54.8</ele></rtept><rtept lat="28.854912" lon="121.110105"><ele>55.4</ele></rtept><rtept lat="28.854905" lon="121.110082"><ele>55.8</ele></rtept><rtept lat="28.854895" lon="121.110052"><ele>56.2</ele></rtept><rtept lat="28.85489" lon="121.110022"><ele>56.6</ele></rtept><rtept lat="28.854882" lon="121.10999"><ele>57.6</ele></rtept><rtept lat="28.854877" lon="121.109957"><ele>58.0</ele></rtept><rtept lat="28.854877" lon="121.109917"><ele>58.0</ele></rtept><rtept lat="28.854875" lon="121.109885"><ele>58.0</ele></rtept><rtept lat="28.85487" lon="121.109855"><ele>58.0</ele></rtept><rtept lat="28.854862" lon="121.109827"><ele>58.0</ele></rtept><rtept lat="28.854855" lon="121.109797"><ele>58.4</ele></rtept><rtept lat="28.854847" lon="121.109765"><ele>58.6</ele></rtept><rtept lat="28.854837" lon="121.10973"><ele>58.8</ele></rtept><rtept lat="28.854832" lon="121.109687"><ele>59.2</ele></rtept><rtept lat="28.854822" lon="121.109652"><ele>59.2</ele></rtept><rtept lat="28.85481" lon="121.10961"><ele>59.0</ele></rtept><rtept lat="28.854797" lon="121.109577"><ele>59.0</ele></rtept><rtept lat="28.854782" lon="121.109542"><ele>59.0</ele></rtept><rtept lat="28.854765" lon="121.109512"><ele>59.2</ele></rtept><rtept lat="28.854747" lon="121.109487"><ele>59.8</ele></rtept><rtept lat="28.854725" lon="121.109472"><ele>59.8</ele></rtept><rtept lat="28.8547" lon="121.109452"><ele>60.0</ele></rtept><rtept lat="28.854672" lon="121.109442"><ele>60.2</ele></rtept><rtept lat="28.854647" lon="121.109427"><ele>60.2</ele></rtept><rtept lat="28.854622" lon="121.109417"><ele>60.2</ele></rtept><rtept lat="28.854597" lon="121.109405"><ele>60.2</ele></rtept><rtept lat="28.854575" lon="121.109392"><ele>60.2</ele></rtept><rtept lat="28.854552" lon="121.10938"><ele>60.2</ele></rtept><rtept lat="28.854527" lon="121.109367"><ele>60.2</ele></rtept><rtept lat="28.854505" lon="121.109357"><ele>60.6</ele></rtept><rtept lat="28.854482" lon="121.109347"><ele>60.8</ele></rtept><rtept lat="28.854467" lon="121.109337"><ele>61.0</ele></rtept><rtept lat="28.854447" lon="121.109322"><ele>61.2</ele></rtept><rtept lat="28.854417" lon="121.1093"><ele>62.4</ele></rtept><rtept lat="28.854387" lon="121.109282"><ele>63.2</ele></rtept><rtept lat="28.854362" lon="121.109267"><ele>64.4</ele></rtept><rtept lat="28.854337" lon="121.109247"><ele>65.6</ele></rtept><rtept lat="28.854307" lon="121.109227"><ele>66.2</ele></rtept><rtept lat="28.854292" lon="121.109217"><ele>66.6</ele></rtept><rtept lat="28.854257" lon="121.109207"><ele>67.4</ele></rtept><rtept lat="28.85423" lon="121.10918"><ele>68.2</ele></rtept><rtept lat="28.854215" lon="121.109162"><ele>68.8</ele></rtept><rtept lat="28.854192" lon="121.109132"><ele>69.4</ele></rtept><rtept lat="28.85418" lon="121.109097"><ele>71.2</ele></rtept><rtept lat="28.854175" lon="121.109075"><ele>71.2</ele></rtept><rtept lat="28.85417" lon="121.109047"><ele>71.6</ele></rtept><rtept lat="28.854167" lon="121.109017"><ele>72.2</ele></rtept><rtept lat="28.854162" lon="121.10899"><ele>72.6</ele></rtept><rtept lat="28.854157" lon="121.108962"><ele>73.0</ele></rtept><rtept lat="28.854157" lon="121.108937"><ele>73.0</ele></rtept><rtept lat="28.854165" lon="121.108908"><ele>73.0</ele></rtept><rtept lat="28.854172" lon="121.108885"><ele>73.2</ele></rtept><rtept lat="28.854182" lon="121.108855"><ele>73.2</ele></rtept><rtept lat="28.854195" lon="121.108823"><ele>73.2</ele></rtept><rtept lat="28.854212" lon="121.108797"><ele>73.2</ele></rtept><rtept lat="28.854227" lon="121.10877"><ele>73.2</ele></rtept><rtept lat="28.854247" lon="121.108745"><ele>73.2</ele></rtept><rtept lat="28.854267" lon="121.108725"><ele>73.0</ele></rtept><rtept lat="28.854282" lon="121.108707"><ele>73.0</ele></rtept><rtept lat="28.854297" lon="121.108687"><ele>73.2</ele></rtept><rtept lat="28.85432" lon="121.108662"><ele>73.2</ele></rtept><rtept lat="28.854347" lon="121.10863"><ele>73.6</ele></rtept><rtept lat="28.854365" lon="121.108607"><ele>73.8</ele></rtept><rtept lat="28.85438" lon="121.108592"><ele>74.4</ele></rtept><rtept lat="28.85439" lon="121.10857"><ele>74.6</ele></rtept><rtept lat="28.854392" lon="121.108547"><ele>75.2</ele></rtept><rtept lat="28.854392" lon="121.108525"><ele>75.2</ele></rtept><rtept lat="28.854387" lon="121.1085"><ele>75.6</ele></rtept><rtept lat="28.85438" lon="121.108477"><ele>75.6</ele></rtept><rtept lat="28.854372" lon="121.108452"><ele>75.8</ele></rtept><rtept lat="28.854367" lon="121.108432"><ele>76.0</ele></rtept><rtept lat="28.854362" lon="121.108407"><ele>76.8</ele></rtept><rtept lat="28.854357" lon="121.108382"><ele>76.8</ele></rtept><rtept lat="28.854352" lon="121.10836"><ele>76.8</ele></rtept><rtept lat="28.854347" lon="121.108332"><ele>76.8</ele></rtept><rtept lat="28.854345" lon="121.108307"><ele>76.8</ele></rtept><rtept lat="28.85434" lon="121.108277"><ele>77.4</ele></rtept><rtept lat="28.854337" lon="121.108252"><ele>77.8</ele></rtept><rtept lat="28.854332" lon="121.108217"><ele>78.2</ele></rtept><rtept lat="28.854332" lon="121.108185"><ele>78.2</ele></rtept><rtept lat="28.854337" lon="121.10816"><ele>78.8</ele></rtept><rtept lat="28.854345" lon="121.108132"><ele>79.2</ele></rtept><rtept lat="28.854355" lon="121.10811"><ele>80.0</ele></rtept><rtept lat="28.85437" lon="121.108087"><ele>80.4</ele></rtept><rtept lat="28.854392" lon="121.10807"><ele>80.4</ele></rtept><rtept lat="28.854412" lon="121.108045"><ele>80.4</ele></rtept><rtept lat="28.854432" lon="121.108017"><ele>80.4</ele></rtept><rtept lat="28.854455" lon="121.108002"><ele>80.2</ele></rtept><rtept lat="28.854477" lon="121.107987"><ele>80.2</ele></rtept><rtept lat="28.854497" lon="121.107972"><ele>80.2</ele></rtept><rtept lat="28.854515" lon="121.10795"><ele>80.2</ele></rtept><rtept lat="28.854532" lon="121.107932"><ele>80.2</ele></rtept><rtept lat="28.854547" lon="121.10791"><ele>80.2</ele></rtept><rtept lat="28.854557" lon="121.107887"><ele>80.4</ele></rtept><rtept lat="28.854567" lon="121.107867"><ele>80.4</ele></rtept><rtept lat="28.854577" lon="121.107845"><ele>80.4</ele></rtept><rtept lat="28.854582" lon="121.107822"><ele>80.6</ele></rtept><rtept lat="28.854587" lon="121.1078"><ele>81.2</ele></rtept><rtept lat="28.854587" lon="121.107772"><ele>81.4</ele></rtept><rtept lat="28.854582" lon="121.107742"><ele>81.8</ele></rtept><rtept lat="28.854582" lon="121.107715"><ele>81.8</ele></rtept><rtept lat="28.854582" lon="121.107695"><ele>82.4</ele></rtept><rtept lat="28.85459" lon="121.107655"><ele>83.0</ele></rtept><rtept lat="28.854595" lon="121.107627"><ele>83.2</ele></rtept><rtept lat="28.8546" lon="121.107602"><ele>83.4</ele></rtept><rtept lat="28.854602" lon="121.107582"><ele>84.0</ele></rtept><rtept lat="28.854607" lon="121.107552"><ele>84.4</ele></rtept><rtept lat="28.85461" lon="121.107517"><ele>85.0</ele></rtept><rtept lat="28.854612" lon="121.107487"><ele>86.2</ele></rtept><rtept lat="28.854622" lon="121.107457"><ele>87.0</ele></rtept><rtept lat="28.854607" lon="121.107437"><ele>87.2</ele></rtept><rtept lat="28.854572" lon="121.107417"><ele>87.4</ele></rtept><rtept lat="28.854552" lon="121.107397"><ele>87.4</ele></rtept><rtept lat="28.854522" lon="121.10738"><ele>87.8</ele></rtept><rtept lat="28.854497" lon="121.10737"><ele>88.0</ele></rtept><rtept lat="28.854467" lon="121.10736"><ele>88.2</ele></rtept><rtept lat="28.854442" lon="121.107352"><ele>88.6</ele></rtept><rtept lat="28.854412" lon="121.107347"><ele>88.6</ele></rtept><rtept lat="28.854387" lon="121.10734"><ele>88.6</ele></rtept><rtept lat="28.85436" lon="121.107332"><ele>88.8</ele></rtept><rtept lat="28.854332" lon="121.107322"><ele>89.0</ele></rtept><rtept lat="28.854307" lon="121.107307"><ele>89.6</ele></rtept><rtept lat="28.854278" lon="121.107292"><ele>89.8</ele></rtept><rtept lat="28.854252" lon="121.107282"><ele>90.0</ele></rtept><rtept lat="28.854225" lon="121.107267"><ele>90.0</ele></rtept><rtept lat="28.8542" lon="121.107252"><ele>90.4</ele></rtept><rtept lat="28.854172" lon="121.107227"><ele>90.4</ele></rtept><rtept lat="28.854147" lon="121.107202"><ele>90.2</ele></rtept><rtept lat="28.854122" lon="121.107177"><ele>90.0</ele></rtept><rtept lat="28.854095" lon="121.107152"><ele>90.2</ele></rtept><rtept lat="28.854067" lon="121.107125"><ele>90.0</ele></rtept><rtept lat="28.854042" lon="121.107102"><ele>89.8</ele></rtept><rtept lat="28.854017" lon="121.107077"><ele>89.8</ele></rtept><rtept lat="28.853992" lon="121.107052"><ele>89.8</ele></rtept><rtept lat="28.85397" lon="121.107027"><ele>89.8</ele></rtept><rtept lat="28.853942" lon="121.107007"><ele>89.6</ele></rtept><rtept lat="28.853915" lon="121.106982"><ele>89.6</ele></rtept><rtept lat="28.853887" lon="121.106962"><ele>89.2</ele></rtept><rtept lat="28.853863" lon="121.106937"><ele>89.0</ele></rtept><rtept lat="28.853842" lon="121.106905"><ele>89.0</ele></rtept><rtept lat="28.853817" lon="121.106877"><ele>88.8</ele></rtept><rtept lat="28.853795" lon="121.106847"><ele>88.8</ele></rtept><rtept lat="28.853772" lon="121.10682"><ele>88.8</ele></rtept><rtept lat="28.85375" lon="121.106792"><ele>89.0</ele></rtept><rtept lat="28.85372" lon="121.106777"><ele>89.2</ele></rtept><rtept lat="28.853685" lon="121.10676"><ele>89.2</ele></rtept><rtept lat="28.853652" lon="121.106745"><ele>88.8</ele></rtept><rtept lat="28.853617" lon="121.106725"><ele>88.8</ele></rtept><rtept lat="28.853587" lon="121.106707"><ele>88.8</ele></rtept><rtept lat="28.853562" lon="121.106685"><ele>88.4</ele></rtept><rtept lat="28.853537" lon="121.106672"><ele>88.4</ele></rtept><rtept lat="28.853507" lon="121.106657"><ele>88.4</ele></rtept><rtept lat="28.853477" lon="121.106647"><ele>88.2</ele></rtept><rtept lat="28.853445" lon="121.106635"><ele>87.2</ele></rtept><rtept lat="28.853412" lon="121.106622"><ele>87.2</ele></rtept><rtept lat="28.85338" lon="121.106617"><ele>86.4</ele></rtept><rtept lat="28.853347" lon="121.10661"><ele>86.0</ele></rtept><rtept lat="28.853315" lon="121.106612"><ele>85.2</ele></rtept><rtept lat="28.853282" lon="121.106612"><ele>85.0</ele></rtept><rtept lat="28.85325" lon="121.106617"><ele>84.2</ele></rtept><rtept lat="28.853217" lon="121.10662"><ele>83.6</ele></rtept><rtept lat="28.853187" lon="121.106622"><ele>82.8</ele></rtept><rtept lat="28.853127" lon="121.10662"><ele>81.2</ele></rtept><rtept lat="28.853097" lon="121.106617"><ele>80.6</ele></rtept><rtept lat="28.853072" lon="121.106627"><ele>79.8</ele></rtept><rtept lat="28.853047" lon="121.106642"><ele>78.6</ele></rtept><rtept lat="28.853017" lon="121.10666"><ele>77.6</ele></rtept><rtept lat="28.852982" lon="121.106675"><ele>77.0</ele></rtept><rtept lat="28.852952" lon="121.106687"><ele>75.8</ele></rtept><rtept lat="28.852922" lon="121.106697"><ele>75.0</ele></rtept><rtept lat="28.852897" lon="121.106707"><ele>74.6</ele></rtept><rtept lat="28.852875" lon="121.106713"><ele>73.8</ele></rtept><rtept lat="28.852855" lon="121.106722"><ele>73.6</ele></rtept><rtept lat="28.852827" lon="121.106727"><ele>73.0</ele></rtept><rtept lat="28.852802" lon="121.106735"><ele>71.8</ele></rtept><rtept lat="28.852772" lon="121.106732"><ele>70.8</ele></rtept><rtept lat="28.852745" lon="121.106727"><ele>69.8</ele></rtept><rtept lat="28.852712" lon="121.10671"><ele>69.0</ele></rtept><rtept lat="28.852682" lon="121.106685"><ele>68.6</ele></rtept><rtept lat="28.852653" lon="121.106652"><ele>67.6</ele></rtept><rtept lat="28.852627" lon="121.106622"><ele>66.8</ele></rtept><rtept lat="28.852602" lon="121.106605"><ele>66.0</ele></rtept><rtept lat="28.85258" lon="121.106585"><ele>64.6</ele></rtept><rtept lat="28.852555" lon="121.106562"><ele>64.6</ele></rtept><rtept lat="28.852532" lon="121.106547"><ele>64.2</ele></rtept><rtept lat="28.85251" lon="121.106552"><ele>63.6</ele></rtept><rtept lat="28.85248" lon="121.106562"><ele>63.6</ele></rtept><rtept lat="28.85245" lon="121.106567"><ele>63.2</ele></rtept><rtept lat="28.852417" lon="121.106572"><ele>62.6</ele></rtept><rtept lat="28.852382" lon="121.106577"><ele>61.6</ele></rtept><rtept lat="28.852347" lon="121.106577"><ele>61.0</ele></rtept><rtept lat="28.852307" lon="121.106582"><ele>60.0</ele></rtept><rtept lat="28.852272" lon="121.106587"><ele>59.2</ele></rtept><rtept lat="28.85223" lon="121.106597"><ele>58.0</ele></rtept><rtept lat="28.852192" lon="121.106622"><ele>57.0</ele></rtept><rtept lat="28.852162" lon="121.10665"><ele>56.4</ele></rtept><rtept lat="28.852135" lon="121.10668"><ele>55.6</ele></rtept><rtept lat="28.852105" lon="121.106707"><ele>55.2</ele></rtept><rtept lat="28.85207" lon="121.106735"><ele>54.8</ele></rtept><rtept lat="28.852037" lon="121.106757"><ele>54.6</ele></rtept><rtept lat="28.852002" lon="121.106775"><ele>54.4</ele></rtept><rtept lat="28.851967" lon="121.106787"><ele>53.6</ele></rtept><rtept lat="28.851927" lon="121.106792"><ele>52.4</ele></rtept><rtept lat="28.85189" lon="121.106797"><ele>52.0</ele></rtept><rtept lat="28.851852" lon="121.106807"><ele>51.8</ele></rtept><rtept lat="28.851817" lon="121.106822"><ele>51.6</ele></rtept><rtept lat="28.851787" lon="121.106847"><ele>51.2</ele></rtept><rtept lat="28.851762" lon="121.106882"><ele>50.8</ele></rtept><rtept lat="28.85173" lon="121.106912"><ele>50.2</ele></rtept><rtept lat="28.851697" lon="121.106937"><ele>49.6</ele></rtept><rtept lat="28.851667" lon="121.106967"><ele>49.6</ele></rtept><rtept lat="28.851632" lon="121.106992"><ele>49.4</ele></rtept><rtept lat="28.851605" lon="121.107022"><ele>49.0</ele></rtept><rtept lat="28.851577" lon="121.107052"><ele>49.2</ele></rtept><rtept lat="28.851552" lon="121.107085"><ele>48.4</ele></rtept><rtept lat="28.85152" lon="121.107112"><ele>48.4</ele></rtept><rtept lat="28.851487" lon="121.107135"><ele>48.4</ele></rtept><rtept lat="28.851455" lon="121.10715"><ele>48.4</ele></rtept><rtept lat="28.851425" lon="121.107162"><ele>48.4</ele></rtept><rtept lat="28.85139" lon="121.10718"><ele>48.4</ele></rtept><rtept lat="28.851357" lon="121.10719"><ele>48.4</ele></rtept><rtept lat="28.851317" lon="121.107197"><ele>48.4</ele></rtept><rtept lat="28.851282" lon="121.107202"><ele>48.4</ele></rtept><rtept lat="28.851242" lon="121.107202"><ele>48.2</ele></rtept><rtept lat="28.85121" lon="121.107207"><ele>48.2</ele></rtept><rtept lat="28.851172" lon="121.107205"><ele>48.0</ele></rtept><rtept lat="28.85114" lon="121.107202"><ele>48.0</ele></rtept><rtept lat="28.851102" lon="121.107197"><ele>47.8</ele></rtept><rtept lat="28.851072" lon="121.107192"><ele>47.8</ele></rtept><rtept lat="28.851035" lon="121.107185"><ele>47.8</ele></rtept><rtept lat="28.851005" lon="121.107175"><ele>47.8</ele></rtept><rtept lat="28.85097" lon="121.107167"><ele>47.8</ele></rtept><rtept lat="28.85094" lon="121.107152"><ele>47.8</ele></rtept><rtept lat="28.850908" lon="121.107137"><ele>48.0</ele></rtept><rtept lat="28.850882" lon="121.107125"><ele>48.0</ele></rtept><rtept lat="28.850855" lon="121.107117"><ele>48.2</ele></rtept><rtept lat="28.850827" lon="121.10711"><ele>48.6</ele></rtept><rtept lat="28.850802" lon="121.107102"><ele>49.0</ele></rtept><rtept lat="28.850777" lon="121.10709"><ele>49.6</ele></rtept><rtept lat="28.850752" lon="121.107078"><ele>50.0</ele></rtept><rtept lat="28.850732" lon="121.107062"><ele>50.0</ele></rtept><rtept lat="28.850712" lon="121.107047"><ele>50.6</ele></rtept><rtept lat="28.85069" lon="121.107027"><ele>51.2</ele></rtept><rtept lat="28.85067" lon="121.10701"><ele>51.2</ele></rtept><rtept lat="28.850652" lon="121.106992"><ele>52.0</ele></rtept><rtept lat="28.85063" lon="121.106972"><ele>52.6</ele></rtept><rtept lat="28.850612" lon="121.10695"><ele>52.8</ele></rtept><rtept lat="28.85059" lon="121.106922"><ele>53.8</ele></rtept><rtept lat="28.850567" lon="121.1069"><ele>54.2</ele></rtept><rtept lat="28.850542" lon="121.106877"><ele>54.4</ele></rtept><rtept lat="28.85052" lon="121.106857"><ele>54.6</ele></rtept><rtept lat="28.850497" lon="121.106835"><ele>54.6</ele></rtept><rtept lat="28.850472" lon="121.106807"><ele>54.6</ele></rtept><rtept lat="28.850455" lon="121.10678"><ele>54.8</ele></rtept><rtept lat="28.85044" lon="121.106747"><ele>54.8</ele></rtept><rtept lat="28.850427" lon="121.10672"><ele>54.8</ele></rtept><rtept lat="28.850417" lon="121.10669"><ele>54.8</ele></rtept><rtept lat="28.850402" lon="121.106662"><ele>54.8</ele></rtept><rtept lat="28.850387" lon="121.106632"><ele>54.8</ele></rtept><rtept lat="28.850372" lon="121.106615"><ele>54.8</ele></rtept><rtept lat="28.850352" lon="121.106592"><ele>54.8</ele></rtept><rtept lat="28.850332" lon="121.106565"><ele>55.4</ele></rtept><rtept lat="28.85031" lon="121.10654"><ele>55.4</ele></rtept><rtept lat="28.850287" lon="121.10652"><ele>55.0</ele></rtept><rtept lat="28.850267" lon="121.106497"><ele>54.6</ele></rtept><rtept lat="28.850245" lon="121.106482"><ele>54.6</ele></rtept><rtept lat="28.850222" lon="121.106465"><ele>54.4</ele></rtept><rtept lat="28.8502" lon="121.106452"><ele>53.8</ele></rtept><rtept lat="28.850172" lon="121.106442"><ele>52.8</ele></rtept><rtept lat="28.850147" lon="121.106432"><ele>52.4</ele></rtept><rtept lat="28.850125" lon="121.106417"><ele>51.6</ele></rtept><rtept lat="28.850102" lon="121.106402"><ele>50.6</ele></rtept><rtept lat="28.850078" lon="121.106387"><ele>48.4</ele></rtept><rtept lat="28.850057" lon="121.106372"><ele>48.4</ele></rtept><rtept lat="28.850035" lon="121.106352"><ele>47.2</ele></rtept><rtept lat="28.850012" lon="121.106335"><ele>46.2</ele></rtept><rtept lat="28.849995" lon="121.106312"><ele>45.4</ele></rtept><rtept lat="28.849977" lon="121.106295"><ele>44.2</ele></rtept><rtept lat="28.849957" lon="121.106272"><ele>43.0</ele></rtept><rtept lat="28.849937" lon="121.106247"><ele>42.2</ele></rtept><rtept lat="28.849917" lon="121.106225"><ele>41.0</ele></rtept><rtept lat="28.8499" lon="121.106207"><ele>40.2</ele></rtept><rtept lat="28.849882" lon="121.10619"><ele>39.4</ele></rtept><rtept lat="28.849862" lon="121.106177"><ele>38.4</ele></rtept><rtept lat="28.849847" lon="121.10616"><ele>37.8</ele></rtept><rtept lat="28.849827" lon="121.106147"><ele>37.0</ele></rtept><rtept lat="28.849812" lon="121.106137"><ele>35.6</ele></rtept><rtept lat="28.849795" lon="121.106125"><ele>34.4</ele></rtept><rtept lat="28.849777" lon="121.106115"><ele>33.4</ele></rtept><rtept lat="28.84976" lon="121.106105"><ele>32.6</ele></rtept><rtept lat="28.849737" lon="121.106097"><ele>31.6</ele></rtept><rtept lat="28.849717" lon="121.106092"><ele>30.4</ele></rtept><rtept lat="28.849697" lon="121.106085"><ele>29.4</ele></rtept><rtept lat="28.849677" lon="121.10608"><ele>28.6</ele></rtept><rtept lat="28.849655" lon="121.106077"><ele>27.4</ele></rtept><rtept lat="28.849632" lon="121.106077"><ele>26.4</ele></rtept><rtept lat="28.849607" lon="121.106077"><ele>25.8</ele></rtept><rtept lat="28.849585" lon="121.106092"><ele>23.6</ele></rtept><rtept lat="28.849577" lon="121.106117"><ele>22.8</ele></rtept><rtept lat="28.84957" lon="121.10614"><ele>22.8</ele></rtept><rtept lat="28.849562" lon="121.106172"><ele>22.8</ele></rtept><rtept lat="28.849557" lon="121.106207"><ele>21.6</ele></rtept><rtept lat="28.849547" lon="121.106237"><ele>21.6</ele></rtept><rtept lat="28.849527" lon="121.10626"><ele>20.0</ele></rtept><rtept lat="28.849502" lon="121.106267"><ele>19.0</ele></rtept><rtept lat="28.849472" lon="121.106277"><ele>18.8</ele></rtept><rtept lat="28.849437" lon="121.106287"><ele>19.0</ele></rtept><rtept lat="28.849402" lon="121.106295"><ele>18.2</ele></rtept><rtept lat="28.849362" lon="121.106305"><ele>17.2</ele></rtept><rtept lat="28.849325" lon="121.10631"><ele>17.0</ele></rtept><rtept lat="28.84929" lon="121.106317"><ele>16.8</ele></rtept><rtept lat="28.849252" lon="121.106322"><ele>16.8</ele></rtept><rtept lat="28.849215" lon="121.106325"><ele>16.8</ele></rtept><rtept lat="28.849177" lon="121.106327"><ele>16.8</ele></rtept><rtept lat="28.84914" lon="121.106332"><ele>16.8</ele></rtept><rtept lat="28.849102" lon="121.106335"><ele>16.4</ele></rtept><rtept lat="28.849067" lon="121.10634"><ele>16.4</ele></rtept><rtept lat="28.849032" lon="121.106337"><ele>16.2</ele></rtept><rtept lat="28.849" lon="121.10634"><ele>16.2</ele></rtept><rtept lat="28.848962" lon="121.106347"><ele>16.2</ele></rtept><rtept lat="28.848927" lon="121.106357"><ele>16.2</ele></rtept><rtept lat="28.848892" lon="121.106367"><ele>16.0</ele></rtept><rtept lat="28.848857" lon="121.106377"><ele>16.0</ele></rtept><rtept lat="28.848822" lon="121.106387"><ele>16.2</ele></rtept><rtept lat="28.848787" lon="121.1064"><ele>16.2</ele></rtept><rtept lat="28.848752" lon="121.106412"><ele>15.8</ele></rtept><rtept lat="28.848717" lon="121.106422"><ele>15.6</ele></rtept><rtept lat="28.848682" lon="121.10643"><ele>15.4</ele></rtept><rtept lat="28.848647" lon="121.106437"><ele>15.4</ele></rtept><rtept lat="28.848612" lon="121.106445"><ele>15.6</ele></rtept><rtept lat="28.848577" lon="121.10645"><ele>15.6</ele></rtept><rtept lat="28.848547" lon="121.106455"><ele>15.8</ele></rtept><rtept lat="28.848512" lon="121.106457"><ele>15.8</ele></rtept><rtept lat="28.84848" lon="121.106465"><ele>15.4</ele></rtept><rtept lat="28.848442" lon="121.106472"><ele>15.4</ele></rtept><rtept lat="28.848412" lon="121.106477"><ele>15.4</ele></rtept><rtept lat="28.848375" lon="121.106482"><ele>15.2</ele></rtept><rtept lat="28.848342" lon="121.106488"><ele>15.2</ele></rtept><rtept lat="28.848307" lon="121.106495"><ele>15.2</ele></rtept><rtept lat="28.848242" lon="121.106502"><ele>14.8</ele></rtept><rtept lat="28.84821" lon="121.106507"><ele>14.8</ele></rtept><rtept lat="28.84818" lon="121.106512"><ele>15.0</ele></rtept><rtept lat="28.848147" lon="121.10652"><ele>15.0</ele></rtept><rtept lat="28.848112" lon="121.106527"><ele>15.0</ele></rtept><rtept lat="28.84808" lon="121.106532"><ele>15.0</ele></rtept><rtept lat="28.848047" lon="121.10654"><ele>15.0</ele></rtept><rtept lat="28.848012" lon="121.106547"><ele>15.0</ele></rtept><rtept lat="28.847947" lon="121.10656"><ele>15.4</ele></rtept><rtept lat="28.847912" lon="121.106565"><ele>15.4</ele></rtept><rtept lat="28.84788" lon="121.106567"><ele>15.6</ele></rtept><rtept lat="28.847847" lon="121.106575"><ele>15.6</ele></rtept><rtept lat="28.847815" lon="121.10658"><ele>15.8</ele></rtept><rtept lat="28.847782" lon="121.106582"><ele>15.8</ele></rtept><rtept lat="28.847747" lon="121.106587"><ele>15.8</ele></rtept><rtept lat="28.847715" lon="121.10659"><ele>15.4</ele></rtept><rtept lat="28.847682" lon="121.106595"><ele>15.2</ele></rtept><rtept lat="28.847647" lon="121.106597"><ele>15.2</ele></rtept><rtept lat="28.847615" lon="121.106602"><ele>15.4</ele></rtept><rtept lat="28.847582" lon="121.106607"><ele>15.4</ele></rtept><rtept lat="28.847547" lon="121.106612"><ele>15.4</ele></rtept><rtept lat="28.847512" lon="121.10662"><ele>15.4</ele></rtept><rtept lat="28.84748" lon="121.106627"><ele>15.2</ele></rtept><rtept lat="28.847447" lon="121.106632"><ele>15.0</ele></rtept><rtept lat="28.847412" lon="121.106642"><ele>15.0</ele></rtept><rtept lat="28.847382" lon="121.106647"><ele>15.0</ele></rtept><rtept lat="28.847352" lon="121.106662"><ele>15.2</ele></rtept><rtept lat="28.847325" lon="121.10668"><ele>15.2</ele></rtept><rtept lat="28.847295" lon="121.106702"><ele>15.0</ele></rtept><rtept lat="28.847265" lon="121.106727"><ele>15.0</ele></rtept><rtept lat="28.847235" lon="121.106747"><ele>15.0</ele></rtept><rtept lat="28.847205" lon="121.106767"><ele>15.0</ele></rtept><rtept lat="28.847175" lon="121.106782"><ele>14.8</ele></rtept><rtept lat="28.84714" lon="121.106795"><ele>14.8</ele></rtept><rtept lat="28.847107" lon="121.106802"><ele>14.8</ele></rtept><rtept lat="28.847075" lon="121.106815"><ele>14.8</ele></rtept><rtept lat="28.847042" lon="121.106827"><ele>14.8</ele></rtept><rtept lat="28.84701" lon="121.106837"><ele>14.8</ele></rtept><rtept lat="28.846977" lon="121.106847"><ele>14.8</ele></rtept><rtept lat="28.846942" lon="121.106853"><ele>14.8</ele></rtept><rtept lat="28.846912" lon="121.106865"><ele>15.0</ele></rtept><rtept lat="28.846877" lon="121.106875"><ele>15.0</ele></rtept><rtept lat="28.846847" lon="121.106885"><ele>14.8</ele></rtept><rtept lat="28.846812" lon="121.106897"><ele>14.8</ele></rtept><rtept lat="28.846777" lon="121.106907"><ele>14.6</ele></rtept><rtept lat="28.846742" lon="121.10692"><ele>14.6</ele></rtept><rtept lat="28.846712" lon="121.106932"><ele>14.6</ele></rtept><rtept lat="28.846677" lon="121.106942"><ele>14.6</ele></rtept><rtept lat="28.846647" lon="121.10695"><ele>14.6</ele></rtept><rtept lat="28.846612" lon="121.10696"><ele>14.6</ele></rtept><rtept lat="28.846582" lon="121.106972"><ele>14.8</ele></rtept><rtept lat="28.846547" lon="121.106982"><ele>14.8</ele></rtept><rtept lat="28.846515" lon="121.106992"><ele>14.8</ele></rtept><rtept lat="28.84648" lon="121.107005"><ele>14.8</ele></rtept><rtept lat="28.846447" lon="121.107017"><ele>14.8</ele></rtept><rtept lat="28.846417" lon="121.10703"><ele>14.6</ele></rtept><rtept lat="28.846385" lon="121.107045"><ele>14.4</ele></rtept><rtept lat="28.846352" lon="121.107057"><ele>14.4</ele></rtept><rtept lat="28.84632" lon="121.107067"><ele>14.8</ele></rtept><rtept lat="28.846285" lon="121.107078"><ele>15.0</ele></rtept><rtept lat="28.846255" lon="121.10709"><ele>15.0</ele></rtept><rtept lat="28.846222" lon="121.1071"><ele>15.0</ele></rtept><rtept lat="28.84619" lon="121.10711"><ele>14.4</ele></rtept><rtept lat="28.846157" lon="121.107117"><ele>14.4</ele></rtept><rtept lat="28.846125" lon="121.107127"><ele>14.4</ele></rtept><rtept lat="28.846092" lon="121.107137"><ele>14.6</ele></rtept><rtept lat="28.846062" lon="121.107147"><ele>14.6</ele></rtept><rtept lat="28.846027" lon="121.107157"><ele>14.4</ele></rtept><rtept lat="28.845997" lon="121.107163"><ele>14.4</ele></rtept><rtept lat="28.845965" lon="121.107177"><ele>14.4</ele></rtept><rtept lat="28.84594" lon="121.107187"><ele>14.4</ele></rtept><rtept lat="28.845922" lon="121.107195"><ele>14.0</ele></rtept><rtept lat="28.845905" lon="121.107202"><ele>14.0</ele></rtept><rtept lat="28.845877" lon="121.107187"><ele>14.0</ele></rtept><rtept lat="28.845857" lon="121.10717"><ele>14.4</ele></rtept><rtept lat="28.845837" lon="121.10716"><ele>15.6</ele></rtept><rtept lat="28.845815" lon="121.107157"><ele>16.8</ele></rtept><rtept lat="28.84579" lon="121.107157"><ele>17.8</ele></rtept><rtept lat="28.845765" lon="121.107167"><ele>18.0</ele></rtept><rtept lat="28.845747" lon="121.107172"><ele>17.6</ele></rtept><rtept lat="28.845732" lon="121.107187"><ele>17.6</ele></rtept><rtept lat="28.845722" lon="121.107217"><ele>17.6</ele></rtept><rtept lat="28.845702" lon="121.10724"><ele>17.6</ele></rtept><rtept lat="28.845677" lon="121.10726"><ele>17.8</ele></rtept><rtept lat="28.84565" lon="121.10728"><ele>17.8</ele></rtept><rtept lat="28.845617" lon="121.107297"><ele>17.2</ele></rtept><rtept lat="28.845587" lon="121.107317"><ele>16.0</ele></rtept><rtept lat="28.845552" lon="121.107335"><ele>16.0</ele></rtept><rtept lat="28.845522" lon="121.107347"><ele>15.8</ele></rtept><rtept lat="28.845485" lon="121.107362"><ele>15.8</ele></rtept><rtept lat="28.845452" lon="121.107372"><ele>15.8</ele></rtept><rtept lat="28.845417" lon="121.107385"><ele>15.6</ele></rtept><rtept lat="28.845387" lon="121.107395"><ele>15.6</ele></rtept><rtept lat="28.845352" lon="121.107405"><ele>15.6</ele></rtept><rtept lat="28.84532" lon="121.107412"><ele>15.6</ele></rtept><rtept lat="28.845285" lon="121.10742"><ele>15.4</ele></rtept><rtept lat="28.845252" lon="121.107427"><ele>15.2</ele></rtept><rtept lat="28.845217" lon="121.107437"><ele>15.2</ele></rtept><rtept lat="28.845185" lon="121.107445"><ele>15.2</ele></rtept><rtept lat="28.845152" lon="121.107452"><ele>15.2</ele></rtept><rtept lat="28.845117" lon="121.107457"><ele>15.2</ele></rtept><rtept lat="28.845085" lon="121.107467"><ele>15.2</ele></rtept><rtept lat="28.845052" lon="121.107472"><ele>15.2</ele></rtept><rtept lat="28.845017" lon="121.107477"><ele>15.4</ele></rtept><rtept lat="28.844982" lon="121.107487"><ele>15.4</ele></rtept><rtept lat="28.844952" lon="121.107492"><ele>15.2</ele></rtept><rtept lat="28.844917" lon="121.107497"><ele>15.0</ele></rtept><rtept lat="28.844885" lon="121.107502"><ele>15.0</ele></rtept><rtept lat="28.844852" lon="121.107507"><ele>15.0</ele></rtept><rtept lat="28.84482" lon="121.107515"><ele>15.0</ele></rtept><rtept lat="28.844787" lon="121.107517"><ele>15.0</ele></rtept><rtept lat="28.844757" lon="121.10752"><ele>15.0</ele></rtept><rtept lat="28.844725" lon="121.10752"><ele>15.2</ele></rtept><rtept lat="28.844692" lon="121.10752"><ele>15.4</ele></rtept><rtept lat="28.844662" lon="121.107522"><ele>15.6</ele></rtept><rtept lat="28.84463" lon="121.107525"><ele>15.8</ele></rtept><rtept lat="28.844597" lon="121.107525"><ele>15.8</ele></rtept><rtept lat="28.844567" lon="121.107527"><ele>15.8</ele></rtept><rtept lat="28.844532" lon="121.107525"><ele>15.6</ele></rtept><rtept lat="28.844502" lon="121.107527"><ele>15.6</ele></rtept><rtept lat="28.844467" lon="121.107527"><ele>15.6</ele></rtept><rtept lat="28.844435" lon="121.107527"><ele>15.4</ele></rtept><rtept lat="28.844402" lon="121.107527"><ele>15.4</ele></rtept><rtept lat="28.84437" lon="121.107525"><ele>15.4</ele></rtept><rtept lat="28.844335" lon="121.107522"><ele>15.8</ele></rtept><rtept lat="28.844302" lon="121.107522"><ele>15.8</ele></rtept><rtept lat="28.844267" lon="121.107525"><ele>15.8</ele></rtept><rtept lat="28.844235" lon="121.107527"><ele>15.8</ele></rtept><rtept lat="28.844202" lon="121.107527"><ele>15.8</ele></rtept><rtept lat="28.844167" lon="121.107528"><ele>15.6</ele></rtept><rtept lat="28.844132" lon="121.107527"><ele>15.6</ele></rtept><rtept lat="28.844102" lon="121.107532"><ele>16.0</ele></rtept><rtept lat="28.84407" lon="121.107535"><ele>16.4</ele></rtept><rtept lat="28.844037" lon="121.107537"><ele>16.4</ele></rtept><rtept lat="28.844005" lon="121.107537"><ele>16.0</ele></rtept><rtept lat="28.84397" lon="121.107537"><ele>16.0</ele></rtept><rtept lat="28.843937" lon="121.107535"><ele>16.0</ele></rtept><rtept lat="28.843902" lon="121.107537"><ele>16.0</ele></rtept><rtept lat="28.843867" lon="121.107537"><ele>15.8</ele></rtept><rtept lat="28.843837" lon="121.10754"><ele>15.8</ele></rtept><rtept lat="28.843802" lon="121.107542"><ele>15.8</ele></rtept><rtept lat="28.843767" lon="121.107545"><ele>16.2</ele></rtept><rtept lat="28.843732" lon="121.10755"><ele>16.2</ele></rtept><rtept lat="28.843697" lon="121.107557"><ele>15.8</ele></rtept><rtept lat="28.843662" lon="121.107562"><ele>15.6</ele></rtept><rtept lat="28.84363" lon="121.107567"><ele>15.4</ele></rtept><rtept lat="28.843597" lon="121.107572"><ele>15.4</ele></rtept><rtept lat="28.843562" lon="121.107577"><ele>15.4</ele></rtept><rtept lat="28.843527" lon="121.107582"><ele>15.4</ele></rtept><rtept lat="28.843492" lon="121.107582"><ele>15.2</ele></rtept><rtept lat="28.84346" lon="121.107587"><ele>15.2</ele></rtept><rtept lat="28.843425" lon="121.107592"><ele>15.2</ele></rtept><rtept lat="28.843392" lon="121.107597"><ele>15.2</ele></rtept><rtept lat="28.843357" lon="121.1076"><ele>15.4</ele></rtept><rtept lat="28.843327" lon="121.107602"><ele>15.4</ele></rtept><rtept lat="28.843295" lon="121.107605"><ele>15.4</ele></rtept><rtept lat="28.843262" lon="121.107607"><ele>15.4</ele></rtept><rtept lat="28.84323" lon="121.107612"><ele>15.4</ele></rtept><rtept lat="28.8432" lon="121.107617"><ele>15.6</ele></rtept><rtept lat="28.843165" lon="121.107622"><ele>15.6</ele></rtept><rtept lat="28.843132" lon="121.107627"><ele>15.4</ele></rtept><rtept lat="28.8431" lon="121.10763"><ele>15.4</ele></rtept><rtept lat="28.843067" lon="121.107632"><ele>15.6</ele></rtept><rtept lat="28.843032" lon="121.107635"><ele>15.6</ele></rtept><rtept lat="28.843" lon="121.10764"><ele>15.6</ele></rtept><rtept lat="28.842965" lon="121.107642"><ele>15.6</ele></rtept><rtept lat="28.842932" lon="121.10765"><ele>15.6</ele></rtept><rtept lat="28.842897" lon="121.107657"><ele>15.6</ele></rtept><rtept lat="28.842865" lon="121.107665"><ele>15.6</ele></rtept><rtept lat="28.842827" lon="121.10767"><ele>15.6</ele></rtept><rtept lat="28.842797" lon="121.107677"><ele>15.6</ele></rtept><rtept lat="28.842762" lon="121.107685"><ele>15.6</ele></rtept><rtept lat="28.84273" lon="121.107695"><ele>15.6</ele></rtept><rtept lat="28.842695" lon="121.107705"><ele>15.6</ele></rtept><rtept lat="28.842665" lon="121.107717"><ele>15.6</ele></rtept><rtept lat="28.84263" lon="121.107727"><ele>15.4</ele></rtept><rtept lat="28.842597" lon="121.107742"><ele>15.6</ele></rtept><rtept lat="28.842562" lon="121.107757"><ele>15.4</ele></rtept><rtept lat="28.842532" lon="121.107772"><ele>15.6</ele></rtept><rtept lat="28.8425" lon="121.107785"><ele>15.6</ele></rtept><rtept lat="28.842467" lon="121.107797"><ele>15.6</ele></rtept><rtept lat="28.842435" lon="121.107812"><ele>15.8</ele></rtept><rtept lat="28.842402" lon="121.107827"><ele>15.8</ele></rtept><rtept lat="28.842372" lon="121.107837"><ele>15.8</ele></rtept><rtept lat="28.842342" lon="121.10785"><ele>15.8</ele></rtept><rtept lat="28.84231" lon="121.10786"><ele>15.8</ele></rtept><rtept lat="28.842282" lon="121.107872"><ele>15.8</ele></rtept><rtept lat="28.84225" lon="121.107885"><ele>15.8</ele></rtept><rtept lat="28.84222" lon="121.107897"><ele>15.8</ele></rtept><rtept lat="28.84219" lon="121.107912"><ele>15.8</ele></rtept><rtept lat="28.842162" lon="121.107927"><ele>16.0</ele></rtept><rtept lat="28.842135" lon="121.107947"><ele>16.0</ele></rtept><rtept lat="28.842105" lon="121.107965"><ele>16.0</ele></rtept><rtept lat="28.842077" lon="121.107982"><ele>15.6</ele></rtept><rtept lat="28.842047" lon="121.108002"><ele>15.6</ele></rtept><rtept lat="28.842017" lon="121.10802"><ele>16.0</ele></rtept><rtept lat="28.84199" lon="121.10804"><ele>16.4</ele></rtept><rtept lat="28.841962" lon="121.10806"><ele>16.4</ele></rtept><rtept lat="28.841932" lon="121.108077"><ele>16.4</ele></rtept><rtept lat="28.841907" lon="121.108097"><ele>16.4</ele></rtept><rtept lat="28.841877" lon="121.108112"><ele>16.4</ele></rtept><rtept lat="28.841852" lon="121.108132"><ele>16.2</ele></rtept><rtept lat="28.841822" lon="121.108152"><ele>16.2</ele></rtept><rtept lat="28.841795" lon="121.108175"><ele>16.2</ele></rtept><rtept lat="28.841767" lon="121.108192"><ele>16.2</ele></rtept><rtept lat="28.841737" lon="121.108215"><ele>16.4</ele></rtept><rtept lat="28.84171" lon="121.108232"><ele>16.4</ele></rtept><rtept lat="28.841685" lon="121.108252"><ele>16.4</ele></rtept><rtept lat="28.841657" lon="121.108272"><ele>16.4</ele></rtept><rtept lat="28.841632" lon="121.108297"><ele>16.4</ele></rtept><rtept lat="28.841602" lon="121.10832"><ele>16.0</ele></rtept><rtept lat="28.84158" lon="121.108342"><ele>16.0</ele></rtept><rtept lat="28.841552" lon="121.108365"><ele>16.0</ele></rtept><rtept lat="28.841527" lon="121.108387"><ele>16.2</ele></rtept><rtept lat="28.8415" lon="121.10841"><ele>16.2</ele></rtept><rtept lat="28.841477" lon="121.108435"><ele>16.4</ele></rtept><rtept lat="28.841457" lon="121.108462"><ele>16.2</ele></rtept><rtept lat="28.841435" lon="121.108492"><ele>16.2</ele></rtept><rtept lat="28.841412" lon="121.108522"><ele>16.2</ele></rtept><rtept lat="28.841392" lon="121.108552"><ele>16.2</ele></rtept><rtept lat="28.841367" lon="121.10858"><ele>16.2</ele></rtept><rtept lat="28.841347" lon="121.108607"><ele>16.2</ele></rtept><rtept lat="28.841327" lon="121.108637"><ele>16.0</ele></rtept><rtept lat="28.84131" lon="121.108667"><ele>16.0</ele></rtept><rtept lat="28.841292" lon="121.108697"><ele>16.2</ele></rtept><rtept lat="28.841277" lon="121.10873"><ele>16.2</ele></rtept><rtept lat="28.841262" lon="121.108762"><ele>16.4</ele></rtept><rtept lat="28.841252" lon="121.108792"><ele>16.4</ele></rtept><rtept lat="28.841242" lon="121.108827"><ele>16.6</ele></rtept><rtept lat="28.841235" lon="121.108865"><ele>16.6</ele></rtept><rtept lat="28.841222" lon="121.108902"><ele>16.6</ele></rtept><rtept lat="28.841217" lon="121.108937"><ele>16.6</ele></rtept><rtept lat="28.841207" lon="121.108977"><ele>16.6</ele></rtept><rtept lat="28.841202" lon="121.109012"><ele>16.4</ele></rtept><rtept lat="28.841192" lon="121.109048"><ele>16.4</ele></rtept><rtept lat="28.841185" lon="121.109087"><ele>16.4</ele></rtept><rtept lat="28.841177" lon="121.109127"><ele>16.6</ele></rtept><rtept lat="28.84117" lon="121.109162"><ele>16.6</ele></rtept><rtept lat="28.841162" lon="121.109202"><ele>16.6</ele></rtept><rtept lat="28.841157" lon="121.10924"><ele>16.2</ele></rtept><rtept lat="28.841147" lon="121.10928"><ele>16.2</ele></rtept><rtept lat="28.841142" lon="121.109317"><ele>16.2</ele></rtept><rtept lat="28.841137" lon="121.109357"><ele>16.4</ele></rtept><rtept lat="28.84113" lon="121.109397"><ele>16.6</ele></rtept><rtept lat="28.841122" lon="121.109442"><ele>16.6</ele></rtept><rtept lat="28.841117" lon="121.109482"><ele>16.6</ele></rtept><rtept lat="28.841112" lon="121.109527"><ele>16.6</ele></rtept><rtept lat="28.841107" lon="121.109567"><ele>16.6</ele></rtept><rtept lat="28.8411" lon="121.109607"><ele>16.8</ele></rtept><rtept lat="28.841093" lon="121.10965"><ele>16.6</ele></rtept><rtept lat="28.841087" lon="121.109687"><ele>16.6</ele></rtept><rtept lat="28.841082" lon="121.109725"><ele>16.6</ele></rtept><rtept lat="28.841075" lon="121.109762"><ele>17.0</ele></rtept><rtept lat="28.841072" lon="121.109805"><ele>17.0</ele></rtept><rtept lat="28.841067" lon="121.109847"><ele>17.0</ele></rtept><rtept lat="28.841062" lon="121.109887"><ele>16.8</ele></rtept><rtept lat="28.841057" lon="121.109927"><ele>16.6</ele></rtept><rtept lat="28.841055" lon="121.109965"><ele>16.6</ele></rtept><rtept lat="28.841055" lon="121.110007"><ele>17.0</ele></rtept><rtept lat="28.841052" lon="121.110042"><ele>17.0</ele></rtept><rtept lat="28.84105" lon="121.11008"><ele>16.8</ele></rtept><rtept lat="28.841052" lon="121.110117"><ele>16.8</ele></rtept><rtept lat="28.84105" lon="121.110155"><ele>16.6</ele></rtept><rtept lat="28.84105" lon="121.110192"><ele>16.6</ele></rtept><rtept lat="28.841052" lon="121.110232"><ele>16.6</ele></rtept><rtept lat="28.841057" lon="121.110267"><ele>17.0</ele></rtept><rtept lat="28.841062" lon="121.110312"><ele>17.0</ele></rtept><rtept lat="28.841067" lon="121.110347"><ele>16.8</ele></rtept><rtept lat="28.841072" lon="121.110392"><ele>16.6</ele></rtept><rtept lat="28.841077" lon="121.110428"><ele>16.6</ele></rtept><rtept lat="28.841082" lon="121.110472"><ele>16.4</ele></rtept><rtept lat="28.841087" lon="121.11051"><ele>16.4</ele></rtept><rtept lat="28.841092" lon="121.110552"><ele>16.8</ele></rtept><rtept lat="28.841093" lon="121.110587"><ele>16.8</ele></rtept><rtept lat="28.841102" lon="121.11063"><ele>16.8</ele></rtept><rtept lat="28.841107" lon="121.11067"><ele>16.8</ele></rtept><rtept lat="28.841112" lon="121.110712"><ele>16.8</ele></rtept><rtept lat="28.841117" lon="121.110755"><ele>16.6</ele></rtept><rtept lat="28.841122" lon="121.110797"><ele>16.6</ele></rtept><rtept lat="28.841127" lon="121.110832"><ele>16.6</ele></rtept><rtept lat="28.84113" lon="121.110877"><ele>16.8</ele></rtept><rtept lat="28.841135" lon="121.110915"><ele>16.6</ele></rtept><rtept lat="28.841137" lon="121.110957"><ele>16.6</ele></rtept><rtept lat="28.84114" lon="121.110997"><ele>16.2</ele></rtept><rtept lat="28.841142" lon="121.111037"><ele>16.2</ele></rtept><rtept lat="28.841147" lon="121.111077"><ele>16.4</ele></rtept><rtept lat="28.84115" lon="121.11112"><ele>16.4</ele></rtept><rtept lat="28.841155" lon="121.111157"><ele>16.6</ele></rtept><rtept lat="28.841157" lon="121.111202"><ele>16.4</ele></rtept><rtept lat="28.84116" lon="121.111247"><ele>16.4</ele></rtept><rtept lat="28.841157" lon="121.111297"><ele>15.8</ele></rtept><rtept lat="28.841162" lon="121.111342"><ele>16.0</ele></rtept><rtept lat="28.841167" lon="121.111385"><ele>16.0</ele></rtept><rtept lat="28.84117" lon="121.111422"><ele>16.0</ele></rtept><rtept lat="28.841172" lon="121.111465"><ele>16.0</ele></rtept><rtept lat="28.84118" lon="121.111502"><ele>16.0</ele></rtept><rtept lat="28.841182" lon="121.111547"><ele>16.0</ele></rtept><rtept lat="28.841192" lon="121.111585"><ele>16.0</ele></rtept><rtept lat="28.841197" lon="121.111627"><ele>16.0</ele></rtept><rtept lat="28.8412" lon="121.111665"><ele>16.2</ele></rtept><rtept lat="28.8412" lon="121.111702"><ele>16.4</ele></rtept><rtept lat="28.841202" lon="121.11174"><ele>16.4</ele></rtept><rtept lat="28.841207" lon="121.111778"><ele>16.4</ele></rtept><rtept lat="28.84121" lon="121.111817"><ele>16.4</ele></rtept><rtept lat="28.841213" lon="121.111855"><ele>16.6</ele></rtept><rtept lat="28.841217" lon="121.111892"><ele>16.6</ele></rtept><rtept lat="28.841222" lon="121.111932"><ele>16.8</ele></rtept><rtept lat="28.841225" lon="121.111967"><ele>16.8</ele></rtept><rtept lat="28.841227" lon="121.112002"><ele>16.8</ele></rtept><rtept lat="28.841232" lon="121.11204"><ele>16.8</ele></rtept><rtept lat="28.841232" lon="121.112077"><ele>16.4</ele></rtept><rtept lat="28.841237" lon="121.112115"><ele>16.4</ele></rtept><rtept lat="28.841237" lon="121.112152"><ele>16.2</ele></rtept><rtept lat="28.841237" lon="121.112192"><ele>16.0</ele></rtept><rtept lat="28.84124" lon="121.112228"><ele>16.0</ele></rtept><rtept lat="28.841242" lon="121.112267"><ele>16.2</ele></rtept><rtept lat="28.841247" lon="121.112307"><ele>16.2</ele></rtept><rtept lat="28.841247" lon="121.112347"><ele>16.2</ele></rtept><rtept lat="28.841247" lon="121.112382"><ele>16.2</ele></rtept><rtept lat="28.841248" lon="121.112422"><ele>16.2</ele></rtept><rtept lat="28.841255" lon="121.112457"><ele>16.2</ele></rtept><rtept lat="28.84126" lon="121.112487"><ele>16.6</ele></rtept><rtept lat="28.841265" lon="121.11252"><ele>16.6</ele></rtept><rtept lat="28.841267" lon="121.112562"><ele>16.4</ele></rtept><rtept lat="28.84127" lon="121.1126"><ele>16.4</ele></rtept><rtept lat="28.84127" lon="121.11264"><ele>16.4</ele></rtept><rtept lat="28.841262" lon="121.112672"><ele>16.4</ele></rtept><rtept lat="28.841262" lon="121.112712"><ele>16.2</ele></rtept><rtept lat="28.84126" lon="121.112752"><ele>16.2</ele></rtept><rtept lat="28.841257" lon="121.112785"><ele>16.2</ele></rtept><rtept lat="28.841255" lon="121.112817"><ele>16.2</ele></rtept><rtept lat="28.841255" lon="121.112852"><ele>16.2</ele></rtept><rtept lat="28.841252" lon="121.112892"><ele>16.2</ele></rtept><rtept lat="28.841252" lon="121.112932"><ele>16.8</ele></rtept><rtept lat="28.841252" lon="121.112972"><ele>17.6</ele></rtept><rtept lat="28.841252" lon="121.113015"><ele>17.6</ele></rtept><rtept lat="28.841257" lon="121.113057"><ele>17.6</ele></rtept><rtept lat="28.84126" lon="121.113102"><ele>17.6</ele></rtept><rtept lat="28.841262" lon="121.113145"><ele>17.0</ele></rtept><rtept lat="28.841262" lon="121.113187"><ele>16.6</ele></rtept><rtept lat="28.841265" lon="121.113225"><ele>16.4</ele></rtept><rtept lat="28.84127" lon="121.113262"><ele>16.4</ele></rtept><rtept lat="28.841275" lon="121.113302"><ele>16.4</ele></rtept><rtept lat="28.841277" lon="121.113335"><ele>16.4</ele></rtept><rtept lat="28.841277" lon="121.113367"><ele>16.6</ele></rtept><rtept lat="28.841277" lon="121.113402"><ele>16.6</ele></rtept><rtept lat="28.841277" lon="121.113467"><ele>16.8</ele></rtept><rtept lat="28.84128" lon="121.11349"><ele>17.0</ele></rtept><rtept lat="28.84128" lon="121.113517"><ele>17.0</ele></rtept><rtept lat="28.841277" lon="121.113555"><ele>17.8</ele></rtept><rtept lat="28.841277" lon="121.11359"><ele>18.4</ele></rtept><rtept lat="28.841277" lon="121.113608"><ele>19.0</ele></rtept><rtept lat="28.841277" lon="121.113642"><ele>20.0</ele></rtept><rtept lat="28.841275" lon="121.113667"><ele>20.8</ele></rtept><rtept lat="28.84127" lon="121.113702"><ele>22.2</ele></rtept><rtept lat="28.841272" lon="121.113712"><ele>22.8</ele></rtept><rtept lat="28.84127" lon="121.113737"><ele>23.8</ele></rtept><rtept lat="28.841257" lon="121.113757"><ele>25.0</ele></rtept><rtept lat="28.841227" lon="121.113752"><ele>26.0</ele></rtept><rtept lat="28.841207" lon="121.113748"><ele>26.4</ele></rtept><rtept lat="28.841187" lon="121.113748"><ele>26.8</ele></rtept><rtept lat="28.841167" lon="121.113752"><ele>27.4</ele></rtept><rtept lat="28.841145" lon="121.113752"><ele>27.8</ele></rtept><rtept lat="28.84112" lon="121.113757"><ele>28.4</ele></rtept><rtept lat="28.841093" lon="121.113762"><ele>29.0</ele></rtept><rtept lat="28.84107" lon="121.113765"><ele>29.6</ele></rtept><rtept lat="28.841045" lon="121.113767"><ele>29.8</ele></rtept><rtept lat="28.841022" lon="121.113775"><ele>29.6</ele></rtept><rtept lat="28.840997" lon="121.11378"><ele>29.6</ele></rtept><rtept lat="28.840972" lon="121.113792"><ele>29.4</ele></rtept><rtept lat="28.84095" lon="121.113802"><ele>29.0</ele></rtept><rtept lat="28.840927" lon="121.113812"><ele>28.6</ele></rtept><rtept lat="28.840902" lon="121.113827"><ele>27.6</ele></rtept><rtept lat="28.840877" lon="121.113845"><ele>26.8</ele></rtept><rtept lat="28.840857" lon="121.11387"><ele>26.2</ele></rtept><rtept lat="28.84084" lon="121.113897"><ele>25.6</ele></rtept><rtept lat="28.840827" lon="121.113932"><ele>25.0</ele></rtept><rtept lat="28.84082" lon="121.113962"><ele>24.6</ele></rtept><rtept lat="28.840815" lon="121.113997"><ele>24.0</ele></rtept><rtept lat="28.840817" lon="121.114035"><ele>23.8</ele></rtept><rtept lat="28.840822" lon="121.114077"><ele>23.6</ele></rtept><rtept lat="28.84083" lon="121.11412"><ele>22.8</ele></rtept><rtept lat="28.840837" lon="121.114157"><ele>22.6</ele></rtept><rtept lat="28.84085" lon="121.114192"><ele>22.0</ele></rtept><rtept lat="28.840857" lon="121.11423"><ele>21.2</ele></rtept><rtept lat="28.840862" lon="121.114267"><ele>21.0</ele></rtept><rtept lat="28.840868" lon="121.114307"><ele>20.6</ele></rtept><rtept lat="28.840872" lon="121.114345"><ele>20.4</ele></rtept><rtept lat="28.840877" lon="121.114385"><ele>20.2</ele></rtept><rtept lat="28.840882" lon="121.114427"><ele>19.8</ele></rtept><rtept lat="28.840887" lon="121.114467"><ele>19.6</ele></rtept><rtept lat="28.840892" lon="121.114507"><ele>19.6</ele></rtept><rtept lat="28.840897" lon="121.114547"><ele>18.8</ele></rtept><rtept lat="28.8409" lon="121.11459"><ele>18.6</ele></rtept><rtept lat="28.840902" lon="121.114632"><ele>18.6</ele></rtept><rtept lat="28.840902" lon="121.11467"><ele>18.2</ele></rtept><rtept lat="28.840902" lon="121.114707"><ele>17.8</ele></rtept><rtept lat="28.840907" lon="121.114745"><ele>17.6</ele></rtept><rtept lat="28.84091" lon="121.114785"><ele>17.6</ele></rtept><rtept lat="28.840912" lon="121.114822"><ele>17.4</ele></rtept><rtept lat="28.840917" lon="121.114862"><ele>17.4</ele></rtept><rtept lat="28.840917" lon="121.114902"><ele>17.0</ele></rtept><rtept lat="28.84092" lon="121.114947"><ele>17.0</ele></rtept><rtept lat="28.840922" lon="121.114987"><ele>16.8</ele></rtept><rtept lat="28.840927" lon="121.115027"><ele>16.8</ele></rtept><rtept lat="28.840932" lon="121.115067"><ele>16.6</ele></rtept><rtept lat="28.840937" lon="121.115105"><ele>16.6</ele></rtept><rtept lat="28.84094" lon="121.115142"><ele>16.6</ele></rtept><rtept lat="28.840942" lon="121.115182"><ele>16.6</ele></rtept><rtept lat="28.840947" lon="121.115217"><ele>16.4</ele></rtept><rtept lat="28.840947" lon="121.115257"><ele>16.4</ele></rtept><rtept lat="28.84095" lon="121.115295"><ele>16.6</ele></rtept><rtept lat="28.840952" lon="121.115337"><ele>16.6</ele></rtept><rtept lat="28.840957" lon="121.115375"><ele>16.6</ele></rtept><rtept lat="28.840957" lon="121.115415"><ele>16.4</ele></rtept><rtept lat="28.840962" lon="121.115457"><ele>16.4</ele></rtept><rtept lat="28.840967" lon="121.115493"><ele>16.4</ele></rtept><rtept lat="28.840967" lon="121.115535"><ele>16.4</ele></rtept><rtept lat="28.84097" lon="121.115572"><ele>16.4</ele></rtept><rtept lat="28.840972" lon="121.115612"><ele>16.4</ele></rtept><rtept lat="28.840972" lon="121.115647"><ele>16.2</ele></rtept><rtept lat="28.840975" lon="121.115687"><ele>16.2</ele></rtept><rtept lat="28.840977" lon="121.115725"><ele>16.0</ele></rtept><rtept lat="28.840977" lon="121.115762"><ele>15.8</ele></rtept><rtept lat="28.84098" lon="121.1158"><ele>15.8</ele></rtept><rtept lat="28.84098" lon="121.115837"><ele>15.8</ele></rtept><rtept lat="28.840982" lon="121.115875"><ele>16.0</ele></rtept><rtept lat="28.840987" lon="121.115915"><ele>16.0</ele></rtept><rtept lat="28.840987" lon="121.115952"><ele>16.0</ele></rtept><rtept lat="28.84099" lon="121.11599"><ele>16.0</ele></rtept><rtept lat="28.84099" lon="121.116025"><ele>15.8</ele></rtept><rtept lat="28.840987" lon="121.116062"><ele>15.8</ele></rtept><rtept lat="28.840992" lon="121.1161"><ele>15.8</ele></rtept><rtept lat="28.840992" lon="121.11614"><ele>15.8</ele></rtept><rtept lat="28.840997" lon="121.11618"><ele>16.0</ele></rtept><rtept lat="28.840997" lon="121.116217"><ele>16.2</ele></rtept><rtept lat="28.841" lon="121.116257"><ele>16.2</ele></rtept><rtept lat="28.840997" lon="121.116297"><ele>16.2</ele></rtept><rtept lat="28.841" lon="121.116332"><ele>16.2</ele></rtept><rtept lat="28.841002" lon="121.116367"><ele>16.2</ele></rtept><rtept lat="28.841002" lon="121.116402"><ele>16.2</ele></rtept><rtept lat="28.841002" lon="121.116435"><ele>16.2</ele></rtept><rtept lat="28.841002" lon="121.116467"><ele>16.2</ele></rtept><rtept lat="28.841002" lon="121.116505"><ele>16.2</ele></rtept><rtept lat="28.841002" lon="121.11654"><ele>16.2</ele></rtept><rtept lat="28.841002" lon="121.116577"><ele>16.2</ele></rtept><rtept lat="28.841005" lon="121.116612"><ele>16.2</ele></rtept><rtept lat="28.841007" lon="121.11665"><ele>16.2</ele></rtept><rtept lat="28.841007" lon="121.116687"><ele>16.2</ele></rtept><rtept lat="28.84101" lon="121.11672"><ele>16.2</ele></rtept><rtept lat="28.841007" lon="121.116757"><ele>16.0</ele></rtept><rtept lat="28.841007" lon="121.116792"><ele>16.0</ele></rtept><rtept lat="28.841002" lon="121.116827"><ele>16.0</ele></rtept><rtept lat="28.840992" lon="121.116857"><ele>16.0</ele></rtept><rtept lat="28.840967" lon="121.116882"><ele>16.2</ele></rtept><rtept lat="28.840937" lon="121.116895"><ele>16.4</ele></rtept><rtept lat="28.840912" lon="121.116902"><ele>16.4</ele></rtept><rtept lat="28.840895" lon="121.116922"><ele>16.4</ele></rtept><rtept lat="28.840887" lon="121.116952"><ele>16.4</ele></rtept><rtept lat="28.840887" lon="121.116982"><ele>16.4</ele></rtept><rtept lat="28.840885" lon="121.117022"><ele>15.8</ele></rtept><rtept lat="28.840885" lon="121.117057"><ele>15.8</ele></rtept><rtept lat="28.840887" lon="121.117095"><ele>16.0</ele></rtept><rtept lat="28.840887" lon="121.117132"><ele>16.0</ele></rtept><rtept lat="28.840887" lon="121.117167"><ele>16.2</ele></rtept><rtept lat="28.840887" lon="121.117205"><ele>16.2</ele></rtept><rtept lat="28.840887" lon="121.117242"><ele>16.0</ele></rtept><rtept lat="28.840887" lon="121.117277"><ele>16.0</ele></rtept><rtept lat="28.840887" lon="121.117312"><ele>16.2</ele></rtept><rtept lat="28.840885" lon="121.117347"><ele>16.2</ele></rtept><rtept lat="28.840885" lon="121.117382"><ele>16.2</ele></rtept><rtept lat="28.840882" lon="121.11742"><ele>16.6</ele></rtept><rtept lat="28.840882" lon="121.117457"><ele>16.6</ele></rtept><rtept lat="28.84088" lon="121.117492"><ele>16.4</ele></rtept><rtept lat="28.840877" lon="121.117532"><ele>16.0</ele></rtept><rtept lat="28.840872" lon="121.117562"><ele>16.0</ele></rtept><rtept lat="28.840868" lon="121.117597"><ele>16.0</ele></rtept><rtept lat="28.840867" lon="121.11763"><ele>16.0</ele></rtept><rtept lat="28.840865" lon="121.117667"><ele>16.0</ele></rtept><rtept lat="28.840865" lon="121.117702"><ele>16.2</ele></rtept><rtept lat="28.840865" lon="121.11774"><ele>16.2</ele></rtept><rtept lat="28.840862" lon="121.117773"><ele>16.4</ele></rtept><rtept lat="28.840862" lon="121.11781"><ele>16.6</ele></rtept><rtept lat="28.840862" lon="121.117847"><ele>16.6</ele></rtept><rtept lat="28.840862" lon="121.117882"><ele>16.6</ele></rtept><rtept lat="28.840862" lon="121.117925"><ele>16.2</ele></rtept><rtept lat="28.840862" lon="121.117962"><ele>16.2</ele></rtept><rtept lat="28.84086" lon="121.118002"><ele>16.0</ele></rtept><rtept lat="28.84086" lon="121.118037"><ele>16.0</ele></rtept><rtept lat="28.84086" lon="121.11808"><ele>16.0</ele></rtept><rtept lat="28.840865" lon="121.11812"><ele>15.6</ele></rtept><rtept lat="28.840862" lon="121.11816"><ele>15.6</ele></rtept><rtept lat="28.840862" lon="121.118197"><ele>15.6</ele></rtept><rtept lat="28.840862" lon="121.118237"><ele>15.6</ele></rtept><rtept lat="28.840862" lon="121.118275"><ele>15.8</ele></rtept><rtept lat="28.840862" lon="121.118317"><ele>15.6</ele></rtept><rtept lat="28.840862" lon="121.118352"><ele>15.4</ele></rtept><rtept lat="28.840862" lon="121.118395"><ele>15.6</ele></rtept><rtept lat="28.840862" lon="121.118432"><ele>15.4</ele></rtept><rtept lat="28.840862" lon="121.118472"><ele>15.4</ele></rtept><rtept lat="28.840862" lon="121.11851"><ele>15.2</ele></rtept><rtept lat="28.840862" lon="121.118547"><ele>15.2</ele></rtept><rtept lat="28.840862" lon="121.118585"><ele>15.2</ele></rtept><rtept lat="28.840862" lon="121.118622"><ele>15.2</ele></rtept><rtept lat="28.840862" lon="121.11866"><ele>15.2</ele></rtept><rtept lat="28.840862" lon="121.118697"><ele>15.2</ele></rtept><rtept lat="28.840862" lon="121.118735"><ele>15.4</ele></rtept><rtept lat="28.84086" lon="121.118772"><ele>15.4</ele></rtept><rtept lat="28.84086" lon="121.11881"><ele>15.4</ele></rtept><rtept lat="28.84086" lon="121.118852"><ele>15.4</ele></rtept><rtept lat="28.840862" lon="121.118887"><ele>15.4</ele></rtept><rtept lat="28.84086" lon="121.11893"><ele>15.2</ele></rtept><rtept lat="28.84086" lon="121.118965"><ele>15.0</ele></rtept><rtept lat="28.840862" lon="121.118995"><ele>14.8</ele></rtept><rtept lat="28.840867" lon="121.119015"><ele>14.8</ele></rtept><rtept lat="28.840882" lon="121.118987"><ele>14.8</ele></rtept><rtept lat="28.840882" lon="121.118965"><ele>14.8</ele></rtept><rtept lat="28.840885" lon="121.118935"><ele>14.4</ele></rtept><rtept lat="28.840887" lon="121.118898"><ele>13.8</ele></rtept><rtept lat="28.8409" lon="121.118867"><ele>12.8</ele></rtept><rtept lat="28.840912" lon="121.118832"><ele>12.0</ele></rtept><rtept lat="28.84093" lon="121.118802"><ele>11.0</ele></rtept><rtept lat="28.840947" lon="121.118762"><ele>10.6</ele></rtept><rtept lat="28.840965" lon="121.118727"><ele>10.6</ele></rtept><rtept lat="28.840972" lon="121.118692"><ele>10.6</ele></rtept><rtept lat="28.840977" lon="121.118652"><ele>10.6</ele></rtept><rtept lat="28.840975" lon="121.118612"><ele>10.4</ele></rtept><rtept lat="28.840975" lon="121.118567"><ele>10.4</ele></rtept><rtept lat="28.84097" lon="121.11853"><ele>10.4</ele></rtept><rtept lat="28.840962" lon="121.118455"><ele>10.4</ele></rtept><rtept lat="28.840967" lon="121.118417"><ele>10.6</ele></rtept><rtept lat="28.840965" lon="121.118377"><ele>10.6</ele></rtept><rtept lat="28.840962" lon="121.118345"><ele>10.8</ele></rtept><rtept lat="28.840965" lon="121.118307"><ele>10.8</ele></rtept><rtept lat="28.84096" lon="121.118277"><ele>11.0</ele></rtept><rtept lat="28.840955" lon="121.118247"><ele>11.0</ele></rtept><rtept lat="28.84094" lon="121.118167"><ele>10.8</ele></rtept><rtept lat="28.84094" lon="121.11812"><ele>11.0</ele></rtept><rtept lat="28.840935" lon="121.118082"><ele>11.0</ele></rtept><rtept lat="28.84093" lon="121.118045"><ele>11.0</ele></rtept><rtept lat="28.840922" lon="121.118007"><ele>11.0</ele></rtept><rtept lat="28.840917" lon="121.11797"><ele>11.0</ele></rtept><rtept lat="28.84091" lon="121.117935"><ele>11.0</ele></rtept><rtept lat="28.840905" lon="121.117895"><ele>10.6</ele></rtept><rtept lat="28.8409" lon="121.117855"><ele>10.6</ele></rtept><rtept lat="28.8409" lon="121.117815"><ele>10.6</ele></rtept><rtept lat="28.8409" lon="121.117777"><ele>10.6</ele></rtept><rtept lat="28.8409" lon="121.117737"><ele>10.8</ele></rtept><rtept lat="28.840897" lon="121.117697"><ele>11.2</ele></rtept><rtept lat="28.8409" lon="121.117657"><ele>11.2</ele></rtept><rtept lat="28.840902" lon="121.117612"><ele>10.8</ele></rtept><rtept lat="28.840905" lon="121.117567"><ele>10.6</ele></rtept><rtept lat="28.840902" lon="121.117532"><ele>10.4</ele></rtept><rtept lat="28.840902" lon="121.1175"><ele>10.4</ele></rtept><rtept lat="28.840907" lon="121.117462"><ele>10.6</ele></rtept><rtept lat="28.840907" lon="121.117422"><ele>10.6</ele></rtept><rtept lat="28.840907" lon="121.117387"><ele>10.8</ele></rtept><rtept lat="28.840915" lon="121.11735"><ele>11.0</ele></rtept><rtept lat="28.840915" lon="121.117312"><ele>11.2</ele></rtept><rtept lat="28.840912" lon="121.11728"><ele>11.2</ele></rtept><rtept lat="28.840912" lon="121.117242"><ele>11.2</ele></rtept><rtept lat="28.840917" lon="121.117207"><ele>11.0</ele></rtept><rtept lat="28.840922" lon="121.117175"><ele>11.0</ele></rtept><rtept lat="28.840927" lon="121.117137"><ele>11.0</ele></rtept><rtept lat="28.84093" lon="121.117097"><ele>11.0</ele></rtept><rtept lat="28.840937" lon="121.11706"><ele>11.0</ele></rtept><rtept lat="28.840942" lon="121.117022"><ele>11.0</ele></rtept><rtept lat="28.84095" lon="121.116982"><ele>11.0</ele></rtept><rtept lat="28.840955" lon="121.116945"><ele>11.0</ele></rtept><rtept lat="28.840962" lon="121.116905"><ele>11.0</ele></rtept><rtept lat="28.84097" lon="121.116872"><ele>11.0</ele></rtept><rtept lat="28.840972" lon="121.116837"><ele>11.0</ele></rtept><rtept lat="28.840982" lon="121.116805"><ele>11.0</ele></rtept><rtept lat="28.840987" lon="121.116767"><ele>11.6</ele></rtept><rtept lat="28.840992" lon="121.116727"><ele>11.6</ele></rtept><rtept lat="28.841002" lon="121.116692"><ele>11.6</ele></rtept><rtept lat="28.841007" lon="121.116657"><ele>11.4</ele></rtept><rtept lat="28.841002" lon="121.116625"><ele>11.4</ele></rtept><rtept lat="28.841002" lon="121.116585"><ele>11.4</ele></rtept><rtept lat="28.841007" lon="121.116552"><ele>11.4</ele></rtept><rtept lat="28.841005" lon="121.116512"><ele>11.6</ele></rtept><rtept lat="28.841005" lon="121.116475"><ele>11.8</ele></rtept><rtept lat="28.841007" lon="121.116437"><ele>11.8</ele></rtept><rtept lat="28.841005" lon="121.116407"><ele>11.8</ele></rtept><rtept lat="28.841007" lon="121.116372"><ele>11.6</ele></rtept><rtept lat="28.841007" lon="121.116332"><ele>11.8</ele></rtept><rtept lat="28.841007" lon="121.116295"><ele>11.8</ele></rtept><rtept lat="28.841002" lon="121.116252"><ele>12.0</ele></rtept><rtept lat="28.841" lon="121.11622"><ele>12.0</ele></rtept><rtept lat="28.840995" lon="121.116187"><ele>12.2</ele></rtept><rtept lat="28.84099" lon="121.116147"><ele>12.2</ele></rtept><rtept lat="28.84099" lon="121.116102"><ele>12.4</ele></rtept><rtept lat="28.84099" lon="121.116067"><ele>12.4</ele></rtept><rtept lat="28.84099" lon="121.116035"><ele>12.4</ele></rtept><rtept lat="28.84099" lon="121.115997"><ele>12.4</ele></rtept><rtept lat="28.840992" lon="121.115955"><ele>12.4</ele></rtept><rtept lat="28.840992" lon="121.115915"><ele>12.6</ele></rtept><rtept lat="28.84099" lon="121.115875"><ele>12.6</ele></rtept><rtept lat="28.840987" lon="121.115837"><ele>12.6</ele></rtept><rtept lat="28.840982" lon="121.115797"><ele>12.8</ele></rtept><rtept lat="28.840982" lon="121.115762"><ele>12.8</ele></rtept><rtept lat="28.840987" lon="121.115727"><ele>12.8</ele></rtept><rtept lat="28.84099" lon="121.115695"><ele>12.8</ele></rtept><rtept lat="28.840997" lon="121.115665"><ele>13.0</ele></rtept><rtept lat="28.841" lon="121.115632"><ele>13.0</ele></rtept><rtept lat="28.840985" lon="121.115612"><ele>13.0</ele></rtept><rtept lat="28.840952" lon="121.115617"><ele>12.8</ele></rtept><rtept lat="28.840912" lon="121.115627"><ele>12.4</ele></rtept><rtept lat="28.840862" lon="121.115632"><ele>12.2</ele></rtept><rtept lat="28.840815" lon="121.115635"><ele>11.6</ele></rtept><rtept lat="28.840767" lon="121.11564"><ele>11.0</ele></rtept><rtept lat="28.840722" lon="121.115642"><ele>10.6</ele></rtept><rtept lat="28.840677" lon="121.115637"><ele>10.6</ele></rtept><rtept lat="28.840637" lon="121.115637"><ele>10.6</ele></rtept><rtept lat="28.840597" lon="121.115642"><ele>10.6</ele></rtept><rtept lat="28.840557" lon="121.115642"><ele>10.2</ele></rtept><rtept lat="28.840522" lon="121.115642"><ele>10.2</ele></rtept><rtept lat="28.840487" lon="121.115637"><ele>10.0</ele></rtept><rtept lat="28.840457" lon="121.115627"><ele>10.0</ele></rtept><rtept lat="28.840427" lon="121.115617"><ele>10.0</ele></rtept><rtept lat="28.840397" lon="121.1156"><ele>10.0</ele></rtept><rtept lat="28.840377" lon="121.115575"><ele>9.8</ele></rtept><rtept lat="28.840372" lon="121.115542"><ele>9.6</ele></rtept><rtept lat="28.84037" lon="121.115505"><ele>9.4</ele></rtept><rtept lat="28.840367" lon="121.115465"><ele>9.4</ele></rtept><rtept lat="28.840367" lon="121.115422"><ele>9.6</ele></rtept><rtept lat="28.840367" lon="121.115382"><ele>9.6</ele></rtept><rtept lat="28.840372" lon="121.11534"><ele>9.4</ele></rtept><rtept lat="28.840372" lon="121.115302"><ele>9.4</ele></rtept><rtept lat="28.840377" lon="121.11526"><ele>9.2</ele></rtept><rtept lat="28.840377" lon="121.115222"><ele>9.2</ele></rtept><rtept lat="28.840382" lon="121.11518"><ele>9.2</ele></rtept><rtept lat="28.840382" lon="121.115142"><ele>9.4</ele></rtept><rtept lat="28.840387" lon="121.1151"><ele>9.4</ele></rtept><rtept lat="28.840385" lon="121.115062"><ele>9.4</ele></rtept><rtept lat="28.840387" lon="121.11502"><ele>9.4</ele></rtept><rtept lat="28.840387" lon="121.114982"><ele>9.6</ele></rtept><rtept lat="28.840392" lon="121.11494"><ele>9.6</ele></rtept><rtept lat="28.840392" lon="121.114902"><ele>9.6</ele></rtept><rtept lat="28.840397" lon="121.114862"><ele>9.4</ele></rtept><rtept lat="28.840397" lon="121.114822"><ele>9.4</ele></rtept><rtept lat="28.840402" lon="121.11478"><ele>9.4</ele></rtept><rtept lat="28.840402" lon="121.114742"><ele>9.6</ele></rtept><rtept lat="28.840407" lon="121.1147"><ele>9.8</ele></rtept><rtept lat="28.84041" lon="121.114662"><ele>9.8</ele></rtept><rtept lat="28.840417" lon="121.114627"><ele>9.8</ele></rtept><rtept lat="28.840415" lon="121.114597"><ele>9.6</ele></rtept><rtept lat="28.840402" lon="121.114575"><ele>9.8</ele></rtept><rtept lat="28.840382" lon="121.114557"><ele>10.0</ele></rtept><rtept lat="28.840357" lon="121.11455"><ele>10.0</ele></rtept><rtept lat="28.840325" lon="121.114547"><ele>9.4</ele></rtept><rtept lat="28.840292" lon="121.114547"><ele>9.0</ele></rtept><rtept lat="28.840252" lon="121.114547"><ele>9.0</ele></rtept><rtept lat="28.840215" lon="121.114547"><ele>8.8</ele></rtept><rtept lat="28.840177" lon="121.114547"><ele>8.6</ele></rtept><rtept lat="28.84014" lon="121.11455"><ele>8.4</ele></rtept><rtept lat="28.840105" lon="121.11455"><ele>8.2</ele></rtept><rtept lat="28.840067" lon="121.114547"><ele>7.6</ele></rtept><rtept lat="28.840032" lon="121.11455"><ele>7.2</ele></rtept><rtept lat="28.839997" lon="121.114547"><ele>7.2</ele></rtept><rtept lat="28.839962" lon="121.114545"><ele>6.8</ele></rtept><rtept lat="28.839927" lon="121.114545"><ele>6.8</ele></rtept><rtept lat="28.839892" lon="121.114542"><ele>7.0</ele></rtept><rtept lat="28.839857" lon="121.114545"><ele>6.6</ele></rtept><rtept lat="28.839822" lon="121.114542"><ele>6.6</ele></rtept><rtept lat="28.839787" lon="121.11454"><ele>6.2</ele></rtept><rtept lat="28.839755" lon="121.114542"><ele>6.2</ele></rtept><rtept lat="28.839722" lon="121.114542"><ele>6.6</ele></rtept><rtept lat="28.83969" lon="121.114542"><ele>6.6</ele></rtept><rtept lat="28.839657" lon="121.114542"><ele>6.6</ele></rtept><rtept lat="28.839622" lon="121.114542"><ele>6.6</ele></rtept><rtept lat="28.83959" lon="121.11454"><ele>6.4</ele></rtept><rtept lat="28.839557" lon="121.11454"><ele>6.2</ele></rtept><rtept lat="28.839522" lon="121.114542"><ele>6.2</ele></rtept><rtept lat="28.839487" lon="121.114542"><ele>6.2</ele></rtept><rtept lat="28.839455" lon="121.114542"><ele>6.4</ele></rtept><rtept lat="28.83942" lon="121.114547"><ele>6.4</ele></rtept><rtept lat="28.839387" lon="121.114547"><ele>6.6</ele></rtept><rtept lat="28.839357" lon="121.114547"><ele>7.2</ele></rtept><rtept lat="28.839322" lon="121.114547"><ele>7.2</ele></rtept><rtept lat="28.839292" lon="121.114547"><ele>6.6</ele></rtept><rtept lat="28.839257" lon="121.114547"><ele>6.6</ele></rtept><rtept lat="28.839227" lon="121.114547"><ele>6.6</ele></rtept><rtept lat="28.839195" lon="121.114545"><ele>6.6</ele></rtept><rtept lat="28.839162" lon="121.114542"><ele>6.6</ele></rtept><rtept lat="28.839127" lon="121.114542"><ele>6.6</ele></rtept><rtept lat="28.839092" lon="121.114545"><ele>6.6</ele></rtept><rtept lat="28.839057" lon="121.114545"><ele>6.4</ele></rtept><rtept lat="28.839025" lon="121.114547"><ele>6.2</ele></rtept><rtept lat="28.83899" lon="121.114547"><ele>6.2</ele></rtept><rtept lat="28.838957" lon="121.114547"><ele>6.4</ele></rtept><rtept lat="28.838922" lon="121.114547"><ele>6.4</ele></rtept><rtept lat="28.83889" lon="121.11455"><ele>6.4</ele></rtept><rtept lat="28.838857" lon="121.114547"><ele>6.2</ele></rtept><rtept lat="28.838825" lon="121.114547"><ele>6.2</ele></rtept><rtept lat="28.838787" lon="121.114547"><ele>6.6</ele></rtept><rtept lat="28.838757" lon="121.114547"><ele>6.6</ele></rtept><rtept lat="28.838722" lon="121.114545"><ele>6.4</ele></rtept><rtept lat="28.83869" lon="121.114547"><ele>6.4</ele></rtept><rtept lat="28.838655" lon="121.114542"><ele>6.4</ele></rtept><rtept lat="28.838622" lon="121.114542"><ele>6.4</ele></rtept><rtept lat="28.83859" lon="121.11454"><ele>6.4</ele></rtept><rtept lat="28.838557" lon="121.114537"><ele>6.2</ele></rtept><rtept lat="28.838527" lon="121.114532"><ele>6.2</ele></rtept><rtept lat="28.838495" lon="121.11453"><ele>6.4</ele></rtept><rtept lat="28.838462" lon="121.114525"><ele>6.4</ele></rtept><rtept lat="28.83843" lon="121.114522"><ele>6.4</ele></rtept><rtept lat="28.838397" lon="121.114522"><ele>6.4</ele></rtept><rtept lat="28.838365" lon="121.11452"><ele>6.6</ele></rtept><rtept lat="28.838335" lon="121.114517"><ele>6.6</ele></rtept><rtept lat="28.838302" lon="121.114515"><ele>6.6</ele></rtept><rtept lat="28.838272" lon="121.114517"><ele>6.6</ele></rtept><rtept lat="28.838237" lon="121.114515"><ele>6.6</ele></rtept><rtept lat="28.838207" lon="121.114517"><ele>6.6</ele></rtept><rtept lat="28.838172" lon="121.114512"><ele>6.6</ele></rtept><rtept lat="28.838138" lon="121.114512"><ele>6.6</ele></rtept><rtept lat="28.838107" lon="121.114512"><ele>6.6</ele></rtept><rtept lat="28.838077" lon="121.114508"><ele>6.6</ele></rtept><rtept lat="28.838047" lon="121.114508"><ele>7.0</ele></rtept><rtept lat="28.83802" lon="121.114507"><ele>7.0</ele></rtept><rtept lat="28.83799" lon="121.114507"><ele>6.6</ele></rtept><rtept lat="28.837962" lon="121.114507"><ele>6.6</ele></rtept><rtept lat="28.837937" lon="121.114502"><ele>6.8</ele></rtept><rtept lat="28.83791" lon="121.114505"><ele>7.6</ele></rtept><rtept lat="28.837882" lon="121.114507"><ele>7.6</ele></rtept><rtept lat="28.837855" lon="121.114507"><ele>8.0</ele></rtept><rtept lat="28.837827" lon="121.114502"><ele>8.4</ele></rtept><rtept lat="28.8378" lon="121.114497"><ele>8.6</ele></rtept><rtept lat="28.837767" lon="121.114492"><ele>8.8</ele></rtept><rtept lat="28.837737" lon="121.114482"><ele>9.2</ele></rtept><rtept lat="28.837705" lon="121.114472"><ele>9.4</ele></rtept><rtept lat="28.837672" lon="121.114462"><ele>9.6</ele></rtept><rtept lat="28.837637" lon="121.114452"><ele>9.6</ele></rtept><rtept lat="28.837602" lon="121.114447"><ele>9.6</ele></rtept><rtept lat="28.83757" lon="121.114437"><ele>8.8</ele></rtept><rtept lat="28.837533" lon="121.114435"><ele>8.8</ele></rtept><rtept lat="28.837498" lon="121.114432"><ele>8.8</ele></rtept><rtept lat="28.83747" lon="121.11443"><ele>8.8</ele></rtept><rtept lat="28.837437" lon="121.11443"><ele>9.0</ele></rtept><rtept lat="28.83741" lon="121.114432"><ele>9.2</ele></rtept><rtept lat="28.837377" lon="121.114432"><ele>9.2</ele></rtept><rtept lat="28.837347" lon="121.114432"><ele>8.8</ele></rtept><rtept lat="28.837312" lon="121.114432"><ele>8.8</ele></rtept><rtept lat="28.837282" lon="121.114432"><ele>8.8</ele></rtept><rtept lat="28.837252" lon="121.114432"><ele>9.0</ele></rtept><rtept lat="28.837222" lon="121.114432"><ele>9.0</ele></rtept><rtept lat="28.83719" lon="121.114432"><ele>9.2</ele></rtept><rtept lat="28.837162" lon="121.114432"><ele>9.2</ele></rtept><rtept lat="28.837127" lon="121.114437"><ele>9.4</ele></rtept><rtept lat="28.837097" lon="121.114437"><ele>9.6</ele></rtept><rtept lat="28.837065" lon="121.114437"><ele>9.6</ele></rtept><rtept lat="28.837032" lon="121.114437"><ele>9.6</ele></rtept><rtept lat="28.837" lon="121.114437"><ele>9.6</ele></rtept><rtept lat="28.836967" lon="121.114437"><ele>9.8</ele></rtept><rtept lat="28.836935" lon="121.114437"><ele>9.8</ele></rtept><rtept lat="28.836907" lon="121.114437"><ele>10.0</ele></rtept><rtept lat="28.836875" lon="121.114437"><ele>10.0</ele></rtept><rtept lat="28.836847" lon="121.114437"><ele>10.0</ele></rtept><rtept lat="28.836817" lon="121.114435"><ele>10.0</ele></rtept><rtept lat="28.836787" lon="121.114432"><ele>10.2</ele></rtept><rtept lat="28.836762" lon="121.114422"><ele>10.4</ele></rtept><rtept lat="28.836742" lon="121.114407"><ele>10.4</ele></rtept><rtept lat="28.83673" lon="121.114382"><ele>10.4</ele></rtept><rtept lat="28.836712" lon="121.114357"><ele>10.4</ele></rtept><rtept lat="28.836697" lon="121.114332"><ele>10.4</ele></rtept><rtept lat="28.83668" lon="121.114307"><ele>10.6</ele></rtept><rtept lat="28.836667" lon="121.114275"><ele>10.6</ele></rtept><rtept lat="28.836657" lon="121.11424"><ele>10.6</ele></rtept><rtept lat="28.836652" lon="121.114197"><ele>10.4</ele></rtept><rtept lat="28.83665" lon="121.114157"><ele>10.4</ele></rtept><rtept lat="28.836647" lon="121.114112"><ele>10.8</ele></rtept><rtept lat="28.83665" lon="121.114072"><ele>10.8</ele></rtept><rtept lat="28.836652" lon="121.114032"><ele>10.8</ele></rtept><rtept lat="28.836652" lon="121.113992"><ele>10.8</ele></rtept><rtept lat="28.836657" lon="121.113952"><ele>10.8</ele></rtept><rtept lat="28.836662" lon="121.113912"><ele>10.6</ele></rtept><rtept lat="28.836662" lon="121.113872"><ele>10.6</ele></rtept><rtept lat="28.836667" lon="121.113837"><ele>10.6</ele></rtept><rtept lat="28.83667" lon="121.113797"><ele>10.6</ele></rtept><rtept lat="28.836672" lon="121.113765"><ele>10.6</ele></rtept><rtept lat="28.836677" lon="121.113727"><ele>10.6</ele></rtept><rtept lat="28.836682" lon="121.11369"><ele>10.6</ele></rtept><rtept lat="28.836685" lon="121.11365"><ele>10.8</ele></rtept><rtept lat="28.836685" lon="121.113612"><ele>10.8</ele></rtept><rtept lat="28.836687" lon="121.113572"><ele>10.8</ele></rtept><rtept lat="28.83669" lon="121.113537"><ele>10.8</ele></rtept><rtept lat="28.836695" lon="121.113497"><ele>10.8</ele></rtept><rtept lat="28.836697" lon="121.113462"><ele>10.8</ele></rtept><rtept lat="28.8367" lon="121.113422"><ele>10.8</ele></rtept><rtept lat="28.836702" lon="121.113387"><ele>10.6</ele></rtept><rtept lat="28.83671" lon="121.113347"><ele>10.6</ele></rtept><rtept lat="28.83671" lon="121.113312"><ele>10.8</ele></rtept><rtept lat="28.836712" lon="121.113275"><ele>10.8</ele></rtept><rtept lat="28.836712" lon="121.113237"><ele>11.0</ele></rtept><rtept lat="28.836717" lon="121.113197"><ele>11.0</ele></rtept><rtept lat="28.83672" lon="121.113158"><ele>11.2</ele></rtept><rtept lat="28.836722" lon="121.113122"><ele>11.2</ele></rtept><rtept lat="28.836722" lon="121.113082"><ele>11.2</ele></rtept><rtept lat="28.836727" lon="121.113045"><ele>10.8</ele></rtept><rtept lat="28.836727" lon="121.113007"><ele>10.8</ele></rtept><rtept lat="28.836732" lon="121.112967"><ele>10.4</ele></rtept><rtept lat="28.836735" lon="121.112927"><ele>10.4</ele></rtept><rtept lat="28.836735" lon="121.11289"><ele>10.4</ele></rtept><rtept lat="28.836737" lon="121.112852"><ele>10.4</ele></rtept><rtept lat="28.836732" lon="121.11282"><ele>10.6</ele></rtept><rtept lat="28.836717" lon="121.112787"><ele>10.8</ele></rtept><rtept lat="28.836695" lon="121.112763"><ele>10.8</ele></rtept><rtept lat="28.836662" lon="121.112757"><ele>10.6</ele></rtept><rtept lat="28.836627" lon="121.112757"><ele>10.4</ele></rtept><rtept lat="28.83659" lon="121.112757"><ele>10.2</ele></rtept><rtept lat="28.836552" lon="121.112762"><ele>10.0</ele></rtept><rtept lat="28.836517" lon="121.112763"><ele>10.0</ele></rtept><rtept lat="28.836482" lon="121.112767"><ele>10.0</ele></rtept><rtept lat="28.836442" lon="121.11277"><ele>10.4</ele></rtept><rtept lat="28.836407" lon="121.112772"><ele>10.4</ele></rtept><rtept lat="28.836372" lon="121.112772"><ele>10.4</ele></rtept><rtept lat="28.836337" lon="121.112777"><ele>10.4</ele></rtept><rtept lat="28.836297" lon="121.112782"><ele>10.4</ele></rtept><rtept lat="28.836262" lon="121.112787"><ele>10.4</ele></rtept><rtept lat="28.836227" lon="121.112792"><ele>10.0</ele></rtept><rtept lat="28.836192" lon="121.112797"><ele>9.8</ele></rtept><rtept lat="28.836157" lon="121.112797"><ele>9.8</ele></rtept><rtept lat="28.836122" lon="121.112805"><ele>9.8</ele></rtept><rtept lat="28.836087" lon="121.112807"><ele>9.8</ele></rtept><rtept lat="28.836052" lon="121.112812"><ele>9.6</ele></rtept><rtept lat="28.83602" lon="121.112817"><ele>9.6</ele></rtept><rtept lat="28.835985" lon="121.112822"><ele>9.6</ele></rtept><rtept lat="28.835952" lon="121.112825"><ele>9.6</ele></rtept><rtept lat="28.835917" lon="121.11283"><ele>9.6</ele></rtept><rtept lat="28.835885" lon="121.112832"><ele>9.6</ele></rtept><rtept lat="28.835852" lon="121.112837"><ele>9.6</ele></rtept><rtept lat="28.835817" lon="121.112837"><ele>9.4</ele></rtept><rtept lat="28.835782" lon="121.112842"><ele>9.4</ele></rtept><rtept lat="28.83575" lon="121.112847"><ele>9.4</ele></rtept><rtept lat="28.835717" lon="121.112852"><ele>9.6</ele></rtept><rtept lat="28.835687" lon="121.112855"><ele>9.8</ele></rtept><rtept lat="28.83565" lon="121.112857"><ele>10.0</ele></rtept><rtept lat="28.835617" lon="121.112862"><ele>10.0</ele></rtept><rtept lat="28.835582" lon="121.112865"><ele>10.0</ele></rtept><rtept lat="28.83555" lon="121.112867"><ele>9.6</ele></rtept><rtept lat="28.835515" lon="121.112872"><ele>9.6</ele></rtept><rtept lat="28.835482" lon="121.112877"><ele>9.6</ele></rtept><rtept lat="28.835445" lon="121.112877"><ele>9.8</ele></rtept><rtept lat="28.83541" lon="121.112885"><ele>9.8</ele></rtept><rtept lat="28.835372" lon="121.112887"><ele>9.8</ele></rtept><rtept lat="28.835338" lon="121.112887"><ele>9.8</ele></rtept><rtept lat="28.835302" lon="121.112892"><ele>10.2</ele></rtept><rtept lat="28.835267" lon="121.112892"><ele>10.2</ele></rtept><rtept lat="28.835232" lon="121.112892"><ele>10.0</ele></rtept><rtept lat="28.835197" lon="121.112892"><ele>10.0</ele></rtept><rtept lat="28.835162" lon="121.112895"><ele>10.0</ele></rtept><rtept lat="28.835132" lon="121.112892"><ele>10.0</ele></rtept><rtept lat="28.835097" lon="121.112887"><ele>10.2</ele></rtept><rtept lat="28.835067" lon="121.112877"><ele>10.2</ele></rtept><rtept lat="28.835035" lon="121.112872"><ele>10.4</ele></rtept><rtept lat="28.835" lon="121.112865"><ele>10.2</ele></rtept><rtept lat="28.834967" lon="121.112862"><ele>10.4</ele></rtept><rtept lat="28.834932" lon="121.112857"><ele>10.4</ele></rtept><rtept lat="28.8349" lon="121.112855"><ele>10.4</ele></rtept><rtept lat="28.834867" lon="121.112845"><ele>10.4</ele></rtept><rtept lat="28.834835" lon="121.11284"><ele>10.6</ele></rtept><rtept lat="28.834802" lon="121.112832"><ele>10.6</ele></rtept><rtept lat="28.834772" lon="121.112822"><ele>10.4</ele></rtept><rtept lat="28.83474" lon="121.112807"><ele>10.4</ele></rtept><rtept lat="28.834707" lon="121.112792"><ele>10.4</ele></rtept><rtept lat="28.834677" lon="121.112775"><ele>10.6</ele></rtept><rtept lat="28.834647" lon="121.112757"><ele>10.6</ele></rtept><rtept lat="28.834617" lon="121.112737"><ele>10.6</ele></rtept><rtept lat="28.834587" lon="121.11272"><ele>10.8</ele></rtept><rtept lat="28.834557" lon="121.112702"><ele>10.8</ele></rtept><rtept lat="28.83453" lon="121.112682"><ele>10.8</ele></rtept><rtept lat="28.834502" lon="121.112665"><ele>10.8</ele></rtept><rtept lat="28.834472" lon="121.112645"><ele>10.8</ele></rtept><rtept lat="28.83444" lon="121.112627"><ele>10.4</ele></rtept><rtept lat="28.834407" lon="121.112607"><ele>10.4</ele></rtept><rtept lat="28.834377" lon="121.11259"><ele>10.6</ele></rtept><rtept lat="28.834347" lon="121.112572"><ele>10.6</ele></rtept><rtept lat="28.834312" lon="121.11256"><ele>10.2</ele></rtept><rtept lat="28.834282" lon="121.112545"><ele>10.2</ele></rtept><rtept lat="28.83425" lon="121.112532"><ele>10.2</ele></rtept><rtept lat="28.83422" lon="121.112512"><ele>10.2</ele></rtept><rtept lat="28.834187" lon="121.112497"><ele>10.4</ele></rtept><rtept lat="28.834155" lon="121.11248"><ele>10.4</ele></rtept><rtept lat="28.834122" lon="121.112462"><ele>10.2</ele></rtept><rtept lat="28.834092" lon="121.112442"><ele>10.2</ele></rtept><rtept lat="28.834062" lon="121.112427"><ele>10.2</ele></rtept><rtept lat="28.834032" lon="121.112412"><ele>10.2</ele></rtept><rtept lat="28.834" lon="121.112402"><ele>10.2</ele></rtept><rtept lat="28.83397" lon="121.112387"><ele>10.2</ele></rtept><rtept lat="28.833937" lon="121.11237"><ele>10.2</ele></rtept><rtept lat="28.833877" lon="121.112342"><ele>10.0</ele></rtept><rtept lat="28.833847" lon="121.112325"><ele>10.0</ele></rtept><rtept lat="28.833812" lon="121.11231"><ele>10.2</ele></rtept><rtept lat="28.833782" lon="121.112297"><ele>10.2</ele></rtept><rtept lat="28.833752" lon="121.112285"><ele>10.4</ele></rtept><rtept lat="28.833722" lon="121.112267"><ele>10.4</ele></rtept><rtept lat="28.833695" lon="121.112252"><ele>10.2</ele></rtept><rtept lat="28.833665" lon="121.112235"><ele>10.0</ele></rtept><rtept lat="28.833602" lon="121.1122"><ele>9.8</ele></rtept><rtept lat="28.833577" lon="121.112177"><ele>9.8</ele></rtept><rtept lat="28.833547" lon="121.112162"><ele>9.8</ele></rtept><rtept lat="28.833517" lon="121.112147"><ele>10.2</ele></rtept><rtept lat="28.833485" lon="121.112135"><ele>10.2</ele></rtept><rtept lat="28.833455" lon="121.112122"><ele>10.0</ele></rtept><rtept lat="28.833425" lon="121.11211"><ele>9.8</ele></rtept><rtept lat="28.833397" lon="121.112095"><ele>9.8</ele></rtept><rtept lat="28.833365" lon="121.112082"><ele>9.8</ele></rtept><rtept lat="28.833332" lon="121.11207"><ele>9.8</ele></rtept><rtept lat="28.833302" lon="121.112057"><ele>9.8</ele></rtept><rtept lat="28.833272" lon="121.112042"><ele>10.0</ele></rtept><rtept lat="28.833242" lon="121.112027"><ele>10.0</ele></rtept><rtept lat="28.83321" lon="121.112012"><ele>10.0</ele></rtept><rtept lat="28.833177" lon="121.112"><ele>9.8</ele></rtept><rtept lat="28.83315" lon="121.11198"><ele>9.6</ele></rtept><rtept lat="28.83312" lon="121.111962"><ele>9.6</ele></rtept><rtept lat="28.833092" lon="121.11194"><ele>9.6</ele></rtept><rtept lat="28.833062" lon="121.111922"><ele>9.4</ele></rtept><rtept lat="28.833037" lon="121.111902"><ele>9.4</ele></rtept><rtept lat="28.83301" lon="121.11188"><ele>9.6</ele></rtept><rtept lat="28.832982" lon="121.11186"><ele>9.6</ele></rtept><rtept lat="28.832957" lon="121.11184"><ele>9.6</ele></rtept><rtept lat="28.832927" lon="121.111817"><ele>9.6</ele></rtept><rtept lat="28.832902" lon="121.111797"><ele>9.6</ele></rtept><rtept lat="28.832877" lon="121.111777"><ele>9.6</ele></rtept><rtept lat="28.832847" lon="121.111762"><ele>9.6</ele></rtept><rtept lat="28.832822" lon="121.11174"><ele>9.6</ele></rtept><rtept lat="28.832797" lon="121.111717"><ele>9.6</ele></rtept><rtept lat="28.83277" lon="121.111692"><ele>9.6</ele></rtept><rtept lat="28.832745" lon="121.111672"><ele>9.8</ele></rtept><rtept lat="28.832717" lon="121.111647"><ele>9.8</ele></rtept><rtept lat="28.832697" lon="121.111625"><ele>9.4</ele></rtept><rtept lat="28.83267" lon="121.1116"><ele>9.8</ele></rtept><rtept lat="28.83265" lon="121.111575"><ele>9.8</ele></rtept><rtept lat="28.832625" lon="121.111547"><ele>9.8</ele></rtept><rtept lat="28.832602" lon="121.111525"><ele>9.6</ele></rtept><rtept lat="28.83258" lon="121.1115"><ele>9.6</ele></rtept><rtept lat="28.832557" lon="121.111477"><ele>9.6</ele></rtept><rtept lat="28.832537" lon="121.111447"><ele>9.6</ele></rtept><rtept lat="28.832517" lon="121.11142"><ele>9.6</ele></rtept><rtept lat="28.832497" lon="121.111392"><ele>9.8</ele></rtept><rtept lat="28.832472" lon="121.11137"><ele>9.8</ele></rtept><rtept lat="28.832452" lon="121.111342"><ele>9.8</ele></rtept><rtept lat="28.832427" lon="121.111315"><ele>9.8</ele></rtept><rtept lat="28.832407" lon="121.111282"><ele>10.0</ele></rtept><rtept lat="28.832382" lon="121.111252"><ele>10.0</ele></rtept><rtept lat="28.832362" lon="121.111222"><ele>10.0</ele></rtept><rtept lat="28.83234" lon="121.111192"><ele>10.2</ele></rtept><rtept lat="28.832322" lon="121.11116"><ele>10.2</ele></rtept><rtept lat="28.832302" lon="121.111127"><ele>10.2</ele></rtept><rtept lat="28.832282" lon="121.111097"><ele>10.2</ele></rtept><rtept lat="28.832262" lon="121.111067"><ele>10.0</ele></rtept><rtept lat="28.83224" lon="121.111035"><ele>10.0</ele></rtept><rtept lat="28.832222" lon="121.111002"><ele>10.2</ele></rtept><rtept lat="28.832202" lon="121.110972"><ele>10.2</ele></rtept><rtept lat="28.832185" lon="121.110942"><ele>10.2</ele></rtept><rtept lat="28.832167" lon="121.11091"><ele>10.2</ele></rtept><rtept lat="28.832147" lon="121.110877"><ele>10.0</ele></rtept><rtept lat="28.832127" lon="121.110847"><ele>10.0</ele></rtept><rtept lat="28.832107" lon="121.110812"><ele>10.0</ele></rtept><rtept lat="28.832087" lon="121.110782"><ele>9.8</ele></rtept><rtept lat="28.832065" lon="121.110747"><ele>9.8</ele></rtept><rtept lat="28.832047" lon="121.110717"><ele>10.4</ele></rtept><rtept lat="28.832032" lon="121.110682"><ele>10.4</ele></rtept><rtept lat="28.832015" lon="121.110652"><ele>10.4</ele></rtept><rtept lat="28.831995" lon="121.110617"><ele>10.4</ele></rtept><rtept lat="28.831977" lon="121.11059"><ele>10.4</ele></rtept><rtept lat="28.831962" lon="121.110557"><ele>10.4</ele></rtept><rtept lat="28.831947" lon="121.110527"><ele>10.4</ele></rtept><rtept lat="28.831932" lon="121.110495"><ele>10.4</ele></rtept><rtept lat="28.831912" lon="121.110465"><ele>10.4</ele></rtept><rtept lat="28.831895" lon="121.110428"><ele>10.2</ele></rtept><rtept lat="28.831875" lon="121.110397"><ele>10.2</ele></rtept><rtept lat="28.831857" lon="121.110365"><ele>10.2</ele></rtept><rtept lat="28.83184" lon="121.110332"><ele>10.4</ele></rtept><rtept lat="28.831825" lon="121.110297"><ele>10.6</ele></rtept><rtept lat="28.831807" lon="121.110267"><ele>10.6</ele></rtept><rtept lat="28.83179" lon="121.110232"><ele>10.4</ele></rtept><rtept lat="28.83177" lon="121.110202"><ele>10.4</ele></rtept><rtept lat="28.831752" lon="121.11017"><ele>10.4</ele></rtept><rtept lat="28.831735" lon="121.110137"><ele>10.4</ele></rtept><rtept lat="28.831717" lon="121.110107"><ele>10.4</ele></rtept><rtept lat="28.831697" lon="121.110077"><ele>10.4</ele></rtept><rtept lat="28.831677" lon="121.110047"><ele>10.4</ele></rtept><rtept lat="28.831657" lon="121.110017"><ele>10.6</ele></rtept><rtept lat="28.831637" lon="121.109985"><ele>10.6</ele></rtept><rtept lat="28.831617" lon="121.109955"><ele>10.8</ele></rtept><rtept lat="28.831597" lon="121.109922"><ele>10.8</ele></rtept><rtept lat="28.831572" lon="121.109893"><ele>11.0</ele></rtept><rtept lat="28.831547" lon="121.109867"><ele>11.0</ele></rtept><rtept lat="28.831522" lon="121.10984"><ele>10.8</ele></rtept><rtept lat="28.831497" lon="121.109812"><ele>10.6</ele></rtept><rtept lat="28.831472" lon="121.109782"><ele>10.4</ele></rtept><rtept lat="28.831447" lon="121.109757"><ele>10.4</ele></rtept><rtept lat="28.83142" lon="121.109727"><ele>10.4</ele></rtept><rtept lat="28.831395" lon="121.1097"><ele>10.4</ele></rtept><rtept lat="28.83137" lon="121.109672"><ele>10.4</ele></rtept><rtept lat="28.831342" lon="121.109642"><ele>10.4</ele></rtept><rtept lat="28.831317" lon="121.109617"><ele>10.0</ele></rtept><rtept lat="28.831297" lon="121.109583"><ele>9.8</ele></rtept><rtept lat="28.831155" lon="121.109437"><ele>9.8</ele></rtept><rtept lat="28.831127" lon="121.109412"><ele>9.8</ele></rtept><rtept lat="28.8311" lon="121.10939"><ele>9.8</ele></rtept><rtept lat="28.831075" lon="121.109367"><ele>9.8</ele></rtept><rtept lat="28.831057" lon="121.109342"><ele>9.8</ele></rtept><rtept lat="28.831037" lon="121.109312"><ele>9.8</ele></rtept><rtept lat="28.831017" lon="121.10929"><ele>10.0</ele></rtept><rtept lat="28.830997" lon="121.109262"><ele>10.4</ele></rtept><rtept lat="28.83098" lon="121.109237"><ele>10.4</ele></rtept><rtept lat="28.830962" lon="121.109207"><ele>10.4</ele></rtept><rtept lat="28.830945" lon="121.109182"><ele>10.6</ele></rtept><rtept lat="28.83093" lon="121.109152"><ele>10.8</ele></rtept><rtept lat="28.830912" lon="121.109125"><ele>10.8</ele></rtept><rtept lat="28.830895" lon="121.109092"><ele>11.2</ele></rtept><rtept lat="28.830875" lon="121.109065"><ele>11.4</ele></rtept><rtept lat="28.830852" lon="121.109032"><ele>11.4</ele></rtept><rtept lat="28.830835" lon="121.109005"><ele>11.4</ele></rtept><rtept lat="28.830812" lon="121.108977"><ele>11.4</ele></rtept><rtept lat="28.830792" lon="121.10895"><ele>11.4</ele></rtept><rtept lat="28.83077" lon="121.108922"><ele>11.4</ele></rtept><rtept lat="28.830747" lon="121.108895"><ele>11.4</ele></rtept><rtept lat="28.830727" lon="121.108865"><ele>11.4</ele></rtept><rtept lat="28.830705" lon="121.108837"><ele>11.2</ele></rtept><rtept lat="28.830685" lon="121.108802"><ele>11.2</ele></rtept><rtept lat="28.830665" lon="121.108777"><ele>11.4</ele></rtept><rtept lat="28.830642" lon="121.108742"><ele>11.4</ele></rtept><rtept lat="28.830625" lon="121.108712"><ele>11.4</ele></rtept><rtept lat="28.830603" lon="121.108677"><ele>11.2</ele></rtept><rtept lat="28.830587" lon="121.108647"><ele>11.2</ele></rtept><rtept lat="28.830572" lon="121.108612"><ele>11.2</ele></rtept><rtept lat="28.830555" lon="121.108585"><ele>11.4</ele></rtept><rtept lat="28.830537" lon="121.108552"><ele>11.4</ele></rtept><rtept lat="28.830517" lon="121.108517"><ele>11.2</ele></rtept><rtept lat="28.8305" lon="121.108487"><ele>11.2</ele></rtept><rtept lat="28.830482" lon="121.108455"><ele>11.2</ele></rtept><rtept lat="28.830467" lon="121.108422"><ele>11.6</ele></rtept><rtept lat="28.830447" lon="121.108387"><ele>11.6</ele></rtept><rtept lat="28.830432" lon="121.108352"><ele>11.4</ele></rtept><rtept lat="28.830417" lon="121.108317"><ele>11.2</ele></rtept><rtept lat="28.8304" lon="121.108285"><ele>11.2</ele></rtept><rtept lat="28.830385" lon="121.108252"><ele>11.0</ele></rtept><rtept lat="28.83037" lon="121.108217"><ele>11.0</ele></rtept><rtept lat="28.830352" lon="121.108182"><ele>11.0</ele></rtept><rtept lat="28.830337" lon="121.108152"><ele>11.2</ele></rtept><rtept lat="28.83032" lon="121.108117"><ele>11.2</ele></rtept><rtept lat="28.8303" lon="121.10809"><ele>11.0</ele></rtept><rtept lat="28.83028" lon="121.108057"><ele>11.0</ele></rtept><rtept lat="28.830258" lon="121.10803"><ele>11.0</ele></rtept><rtept lat="28.83024" lon="121.108"><ele>11.0</ele></rtept><rtept lat="28.83022" lon="121.107972"><ele>11.2</ele></rtept><rtept lat="28.8302" lon="121.107942"><ele>11.4</ele></rtept><rtept lat="28.83018" lon="121.107912"><ele>11.6</ele></rtept><rtept lat="28.830157" lon="121.107877"><ele>11.6</ele></rtept><rtept lat="28.83014" lon="121.10785"><ele>11.6</ele></rtept><rtept lat="28.83012" lon="121.107817"><ele>11.4</ele></rtept><rtept lat="28.8301" lon="121.10779"><ele>11.2</ele></rtept><rtept lat="28.830077" lon="121.107757"><ele>11.2</ele></rtept><rtept lat="28.830057" lon="121.107727"><ele>11.2</ele></rtept><rtept lat="28.830033" lon="121.107697"><ele>11.2</ele></rtept><rtept lat="28.830015" lon="121.107667"><ele>11.2</ele></rtept><rtept lat="28.829995" lon="121.107637"><ele>11.2</ele></rtept><rtept lat="28.829975" lon="121.107607"><ele>11.2</ele></rtept><rtept lat="28.829957" lon="121.107577"><ele>11.4</ele></rtept><rtept lat="28.829937" lon="121.107547"><ele>11.2</ele></rtept><rtept lat="28.829917" lon="121.107517"><ele>11.4</ele></rtept><rtept lat="28.8299" lon="121.107487"><ele>11.6</ele></rtept><rtept lat="28.82988" lon="121.107457"><ele>11.6</ele></rtept><rtept lat="28.82986" lon="121.107427"><ele>11.6</ele></rtept><rtept lat="28.82984" lon="121.107397"><ele>11.6</ele></rtept><rtept lat="28.829822" lon="121.107362"><ele>11.6</ele></rtept><rtept lat="28.829805" lon="121.10733"><ele>11.6</ele></rtept><rtept lat="28.829792" lon="121.107295"><ele>11.6</ele></rtept><rtept lat="28.829775" lon="121.107262"><ele>11.6</ele></rtept><rtept lat="28.82976" lon="121.107227"><ele>11.6</ele></rtept><rtept lat="28.829747" lon="121.107197"><ele>11.8</ele></rtept><rtept lat="28.829732" lon="121.10716"><ele>12.0</ele></rtept><rtept lat="28.829722" lon="121.107125"><ele>12.0</ele></rtept><rtept lat="28.82971" lon="121.107087"><ele>11.6</ele></rtept><rtept lat="28.829697" lon="121.107055"><ele>11.6</ele></rtept><rtept lat="28.829687" lon="121.107017"><ele>11.6</ele></rtept><rtept lat="28.829675" lon="121.106985"><ele>11.8</ele></rtept><rtept lat="28.829665" lon="121.106947"><ele>11.8</ele></rtept><rtept lat="28.829653" lon="121.106915"><ele>11.8</ele></rtept><rtept lat="28.829645" lon="121.106877"><ele>11.8</ele></rtept><rtept lat="28.829635" lon="121.106842"><ele>12.0</ele></rtept><rtept lat="28.829625" lon="121.106805"><ele>12.0</ele></rtept><rtept lat="28.829615" lon="121.10677"><ele>12.0</ele></rtept><rtept lat="28.829607" lon="121.106735"><ele>11.8</ele></rtept><rtept lat="28.829597" lon="121.106702"><ele>11.8</ele></rtept><rtept lat="28.829592" lon="121.106665"><ele>11.8</ele></rtept><rtept lat="28.829582" lon="121.106628"><ele>11.8</ele></rtept><rtept lat="28.829572" lon="121.106592"><ele>11.8</ele></rtept><rtept lat="28.82956" lon="121.106555"><ele>11.8</ele></rtept><rtept lat="28.829547" lon="121.106517"><ele>12.2</ele></rtept><rtept lat="28.829537" lon="121.106482"><ele>12.2</ele></rtept><rtept lat="28.829527" lon="121.106447"><ele>12.4</ele></rtept><rtept lat="28.829517" lon="121.106412"><ele>12.4</ele></rtept><rtept lat="28.829507" lon="121.106377"><ele>12.6</ele></rtept><rtept lat="28.829497" lon="121.10634"><ele>12.6</ele></rtept><rtept lat="28.829487" lon="121.106305"><ele>12.2</ele></rtept><rtept lat="28.829477" lon="121.106267"><ele>12.2</ele></rtept><rtept lat="28.82947" lon="121.10623"><ele>12.4</ele></rtept><rtept lat="28.82946" lon="121.106192"><ele>12.4</ele></rtept><rtept lat="28.829452" lon="121.106157"><ele>12.4</ele></rtept><rtept lat="28.829442" lon="121.10612"><ele>12.4</ele></rtept><rtept lat="28.829432" lon="121.106082"><ele>12.4</ele></rtept><rtept lat="28.829422" lon="121.106047"><ele>12.4</ele></rtept><rtept lat="28.829412" lon="121.10601"><ele>12.4</ele></rtept><rtept lat="28.8294" lon="121.105972"><ele>12.4</ele></rtept><rtept lat="28.829387" lon="121.105937"><ele>12.4</ele></rtept><rtept lat="28.829375" lon="121.105902"><ele>12.4</ele></rtept><rtept lat="28.829365" lon="121.105867"><ele>12.6</ele></rtept><rtept lat="28.829355" lon="121.10583"><ele>12.6</ele></rtept><rtept lat="28.829345" lon="121.105795"><ele>12.4</ele></rtept><rtept lat="28.829335" lon="121.105757"><ele>12.4</ele></rtept><rtept lat="28.829325" lon="121.105722"><ele>12.6</ele></rtept><rtept lat="28.829312" lon="121.105687"><ele>12.6</ele></rtept><rtept lat="28.829302" lon="121.105652"><ele>12.6</ele></rtept><rtept lat="28.82929" lon="121.105612"><ele>12.2</ele></rtept><rtept lat="28.82928" lon="121.105577"><ele>12.2</ele></rtept><rtept lat="28.82927" lon="121.105542"><ele>12.4</ele></rtept><rtept lat="28.82926" lon="121.105507"><ele>12.4</ele></rtept><rtept lat="28.82925" lon="121.10547"><ele>12.4</ele></rtept><rtept lat="28.829237" lon="121.105435"><ele>12.4</ele></rtept><rtept lat="28.829227" lon="121.105397"><ele>12.4</ele></rtept><rtept lat="28.829217" lon="121.105367"><ele>12.4</ele></rtept><rtept lat="28.829207" lon="121.105332"><ele>12.4</ele></rtept><rtept lat="28.829197" lon="121.105297"><ele>12.4</ele></rtept><rtept lat="28.829187" lon="121.105262"><ele>13.0</ele></rtept><rtept lat="28.829172" lon="121.105232"><ele>13.0</ele></rtept><rtept lat="28.82916" lon="121.105197"><ele>12.8</ele></rtept><rtept lat="28.829137" lon="121.105122"><ele>12.8</ele></rtept><rtept lat="28.829127" lon="121.105087"><ele>12.8</ele></rtept><rtept lat="28.82912" lon="121.10505"><ele>13.0</ele></rtept><rtept lat="28.829107" lon="121.105012"><ele>13.0</ele></rtept><rtept lat="28.829092" lon="121.104975"><ele>13.0</ele></rtept><rtept lat="28.829082" lon="121.104942"><ele>13.0</ele></rtept><rtept lat="28.829072" lon="121.104907"><ele>13.0</ele></rtept><rtept lat="28.829062" lon="121.104872"><ele>13.4</ele></rtept><rtept lat="28.829052" lon="121.104837"><ele>13.4</ele></rtept><rtept lat="28.829042" lon="121.104802"><ele>13.2</ele></rtept><rtept lat="28.829032" lon="121.104767"><ele>13.2</ele></rtept><rtept lat="28.829022" lon="121.104732"><ele>13.6</ele></rtept><rtept lat="28.829012" lon="121.1047"><ele>13.6</ele></rtept><rtept lat="28.829002" lon="121.104662"><ele>13.6</ele></rtept><rtept lat="28.828992" lon="121.10463"><ele>13.6</ele></rtept><rtept lat="28.828982" lon="121.104597"><ele>13.8</ele></rtept><rtept lat="28.828972" lon="121.104565"><ele>13.6</ele></rtept><rtept lat="28.828965" lon="121.104532"><ele>13.6</ele></rtept><rtept lat="28.828955" lon="121.104502"><ele>13.4</ele></rtept><rtept lat="28.828945" lon="121.104467"><ele>13.2</ele></rtept><rtept lat="28.828932" lon="121.104437"><ele>13.2</ele></rtept><rtept lat="28.828917" lon="121.104405"><ele>13.2</ele></rtept><rtept lat="28.828907" lon="121.104367"><ele>13.4</ele></rtept><rtept lat="28.828895" lon="121.104332"><ele>13.4</ele></rtept><rtept lat="28.828887" lon="121.104297"><ele>13.6</ele></rtept><rtept lat="28.828875" lon="121.104257"><ele>14.0</ele></rtept><rtept lat="28.828867" lon="121.10422"><ele>14.2</ele></rtept><rtept lat="28.828857" lon="121.104182"><ele>14.2</ele></rtept><rtept lat="28.828847" lon="121.104147"><ele>14.2</ele></rtept><rtept lat="28.828837" lon="121.104107"><ele>14.0</ele></rtept><rtept lat="28.828827" lon="121.104072"><ele>13.8</ele></rtept><rtept lat="28.828815" lon="121.104037"><ele>13.4</ele></rtept><rtept lat="28.828805" lon="121.104002"><ele>13.4</ele></rtept><rtept lat="28.828795" lon="121.103967"><ele>13.8</ele></rtept><rtept lat="28.828782" lon="121.103927"><ele>14.0</ele></rtept><rtept lat="28.828772" lon="121.103895"><ele>14.6</ele></rtept><rtept lat="28.828762" lon="121.103857"><ele>14.6</ele></rtept><rtept lat="28.828752" lon="121.103827"><ele>14.2</ele></rtept><rtept lat="28.828742" lon="121.10379"><ele>13.8</ele></rtept><rtept lat="28.82873" lon="121.103757"><ele>13.8</ele></rtept><rtept lat="28.828717" lon="121.103722"><ele>14.0</ele></rtept><rtept lat="28.828707" lon="121.103687"><ele>14.2</ele></rtept><rtept lat="28.828697" lon="121.103652"><ele>14.2</ele></rtept><rtept lat="28.828687" lon="121.10362"><ele>14.0</ele></rtept><rtept lat="28.828677" lon="121.103585"><ele>14.0</ele></rtept><rtept lat="28.828667" lon="121.103552"><ele>14.2</ele></rtept><rtept lat="28.828657" lon="121.103517"><ele>14.2</ele></rtept><rtept lat="28.828647" lon="121.10348"><ele>14.4</ele></rtept><rtept lat="28.828637" lon="121.103442"><ele>14.4</ele></rtept><rtept lat="28.828627" lon="121.103402"><ele>14.2</ele></rtept><rtept lat="28.828617" lon="121.103367"><ele>14.2</ele></rtept><rtept lat="28.828607" lon="121.10333"><ele>14.2</ele></rtept><rtept lat="28.828595" lon="121.103295"><ele>14.2</ele></rtept><rtept lat="28.828585" lon="121.10326"><ele>14.2</ele></rtept><rtept lat="28.828572" lon="121.103223"><ele>14.2</ele></rtept><rtept lat="28.828562" lon="121.103187"><ele>14.4</ele></rtept><rtept lat="28.828547" lon="121.103152"><ele>14.6</ele></rtept><rtept lat="28.828537" lon="121.103117"><ele>14.8</ele></rtept><rtept lat="28.828527" lon="121.103082"><ele>14.8</ele></rtept><rtept lat="28.828515" lon="121.103047"><ele>14.8</ele></rtept><rtept lat="28.828505" lon="121.103012"><ele>14.8</ele></rtept><rtept lat="28.828495" lon="121.102977"><ele>14.8</ele></rtept><rtept lat="28.828482" lon="121.102942"><ele>14.8</ele></rtept><rtept lat="28.828472" lon="121.102902"><ele>14.8</ele></rtept><rtept lat="28.828462" lon="121.10287"><ele>14.8</ele></rtept><rtept lat="28.828452" lon="121.102837"><ele>15.0</ele></rtept><rtept lat="28.828442" lon="121.102807"><ele>15.0</ele></rtept><rtept lat="28.828432" lon="121.102772"><ele>15.0</ele></rtept><rtept lat="28.82842" lon="121.102742"><ele>15.0</ele></rtept><rtept lat="28.828407" lon="121.102705"><ele>15.0</ele></rtept><rtept lat="28.828395" lon="121.102672"><ele>15.0</ele></rtept><rtept lat="28.828385" lon="121.102637"><ele>15.0</ele></rtept><rtept lat="28.828372" lon="121.102603"><ele>15.0</ele></rtept><rtept lat="28.828362" lon="121.102565"><ele>14.8</ele></rtept><rtept lat="28.828347" lon="121.102532"><ele>14.8</ele></rtept><rtept lat="28.828337" lon="121.102497"><ele>15.2</ele></rtept><rtept lat="28.828322" lon="121.102467"><ele>15.2</ele></rtept><rtept lat="28.82831" lon="121.102432"><ele>15.2</ele></rtept><rtept lat="28.828297" lon="121.102397"><ele>15.4</ele></rtept><rtept lat="28.828287" lon="121.102362"><ele>15.4</ele></rtept><rtept lat="28.828277" lon="121.102332"><ele>15.4</ele></rtept><rtept lat="28.82827" lon="121.102297"><ele>15.4</ele></rtept><rtept lat="28.82826" lon="121.102267"><ele>15.6</ele></rtept><rtept lat="28.82825" lon="121.102232"><ele>15.6</ele></rtept><rtept lat="28.828237" lon="121.1022"><ele>15.8</ele></rtept><rtept lat="28.828227" lon="121.102165"><ele>16.0</ele></rtept><rtept lat="28.828215" lon="121.102132"><ele>16.0</ele></rtept><rtept lat="28.828205" lon="121.102098"><ele>15.8</ele></rtept><rtept lat="28.828195" lon="121.102067"><ele>15.8</ele></rtept><rtept lat="28.828185" lon="121.102032"><ele>16.2</ele></rtept><rtept lat="28.828172" lon="121.101997"><ele>16.4</ele></rtept><rtept lat="28.828162" lon="121.10196"><ele>16.4</ele></rtept><rtept lat="28.828152" lon="121.101927"><ele>16.6</ele></rtept><rtept lat="28.828145" lon="121.101887"><ele>16.6</ele></rtept><rtept lat="28.828135" lon="121.101852"><ele>16.6</ele></rtept><rtept lat="28.828127" lon="121.101812"><ele>16.6</ele></rtept><rtept lat="28.82812" lon="121.101777"><ele>16.6</ele></rtept><rtept lat="28.828115" lon="121.10174"><ele>16.6</ele></rtept><rtept lat="28.828107" lon="121.101703"><ele>16.8</ele></rtept><rtept lat="28.828102" lon="121.101665"><ele>17.0</ele></rtept><rtept lat="28.828095" lon="121.101627"><ele>17.0</ele></rtept><rtept lat="28.82809" lon="121.10159"><ele>17.2</ele></rtept><rtept lat="28.828082" lon="121.101555"><ele>17.2</ele></rtept><rtept lat="28.828077" lon="121.10152"><ele>17.2</ele></rtept><rtept lat="28.82807" lon="121.101482"><ele>17.2</ele></rtept><rtept lat="28.828063" lon="121.101447"><ele>17.0</ele></rtept><rtept lat="28.828062" lon="121.10141"><ele>17.0</ele></rtept><rtept lat="28.828062" lon="121.101375"><ele>17.2</ele></rtept><rtept lat="28.82806" lon="121.101337"><ele>17.2</ele></rtept><rtept lat="28.82806" lon="121.1013"><ele>17.4</ele></rtept><rtept lat="28.828062" lon="121.101262"><ele>17.4</ele></rtept><rtept lat="28.828062" lon="121.101227"><ele>17.4</ele></rtept><rtept lat="28.828062" lon="121.101187"><ele>17.4</ele></rtept><rtept lat="28.82806" lon="121.101147"><ele>17.4</ele></rtept><rtept lat="28.828057" lon="121.101105"><ele>17.4</ele></rtept><rtept lat="28.828057" lon="121.101067"><ele>17.4</ele></rtept><rtept lat="28.82806" lon="121.101027"><ele>17.6</ele></rtept><rtept lat="28.82806" lon="121.10099"><ele>17.6</ele></rtept><rtept lat="28.828063" lon="121.100952"><ele>17.8</ele></rtept><rtept lat="28.828067" lon="121.100917"><ele>17.8</ele></rtept><rtept lat="28.828072" lon="121.100877"><ele>17.8</ele></rtept><rtept lat="28.828077" lon="121.100842"><ele>17.8</ele></rtept><rtept lat="28.828082" lon="121.100807"><ele>17.8</ele></rtept><rtept lat="28.828082" lon="121.10077"><ele>18.0</ele></rtept><rtept lat="28.828087" lon="121.100732"><ele>18.0</ele></rtept><rtept lat="28.828087" lon="121.100695"><ele>18.2</ele></rtept><rtept lat="28.828087" lon="121.100655"><ele>18.2</ele></rtept><rtept lat="28.828092" lon="121.100622"><ele>18.4</ele></rtept><rtept lat="28.828097" lon="121.100582"><ele>18.4</ele></rtept><rtept lat="28.828102" lon="121.100552"><ele>18.4</ele></rtept><rtept lat="28.828102" lon="121.10052"><ele>18.4</ele></rtept><rtept lat="28.828102" lon="121.100487"><ele>18.4</ele></rtept><rtept lat="28.828107" lon="121.100457"><ele>18.4</ele></rtept><rtept lat="28.828107" lon="121.100422"><ele>18.4</ele></rtept><rtept lat="28.828112" lon="121.100387"><ele>18.4</ele></rtept><rtept lat="28.828112" lon="121.100352"><ele>18.4</ele></rtept><rtept lat="28.828115" lon="121.100315"><ele>18.6</ele></rtept><rtept lat="28.828117" lon="121.10028"><ele>19.0</ele></rtept><rtept lat="28.828122" lon="121.100247"><ele>19.0</ele></rtept><rtept lat="28.828122" lon="121.100212"><ele>19.0</ele></rtept><rtept lat="28.828125" lon="121.100175"><ele>19.2</ele></rtept><rtept lat="28.828122" lon="121.10014"><ele>19.2</ele></rtept><rtept lat="28.828122" lon="121.100102"><ele>19.4</ele></rtept><rtept lat="28.828117" lon="121.100067"><ele>19.4</ele></rtept><rtept lat="28.828115" lon="121.100027"><ele>19.6</ele></rtept><rtept lat="28.82811" lon="121.099992"><ele>19.8</ele></rtept><rtept lat="28.828105" lon="121.099957"><ele>19.8</ele></rtept><rtept lat="28.828097" lon="121.099922"><ele>20.0</ele></rtept><rtept lat="28.82809" lon="121.099887"><ele>20.2</ele></rtept><rtept lat="28.828082" lon="121.099852"><ele>20.4</ele></rtept><rtept lat="28.828077" lon="121.099817"><ele>20.4</ele></rtept><rtept lat="28.828072" lon="121.099785"><ele>20.4</ele></rtept><rtept lat="28.828067" lon="121.099755"><ele>20.4</ele></rtept><rtept lat="28.82806" lon="121.099722"><ele>20.4</ele></rtept><rtept lat="28.82805" lon="121.099687"><ele>20.4</ele></rtept><rtept lat="28.828042" lon="121.099657"><ele>20.8</ele></rtept><rtept lat="28.82804" lon="121.099627"><ele>20.8</ele></rtept><rtept lat="28.828032" lon="121.099597"><ele>21.0</ele></rtept><rtept lat="28.828022" lon="121.099565"><ele>21.0</ele></rtept><rtept lat="28.828017" lon="121.099532"><ele>21.2</ele></rtept><rtept lat="28.82801" lon="121.099495"><ele>21.2</ele></rtept><rtept lat="28.828" lon="121.09946"><ele>21.2</ele></rtept><rtept lat="28.827992" lon="121.099427"><ele>21.2</ele></rtept><rtept lat="28.827987" lon="121.099397"><ele>21.2</ele></rtept><rtept lat="28.827982" lon="121.099365"><ele>21.2</ele></rtept><rtept lat="28.827972" lon="121.099332"><ele>21.2</ele></rtept><rtept lat="28.827962" lon="121.0993"><ele>21.2</ele></rtept><rtept lat="28.827955" lon="121.099267"><ele>21.4</ele></rtept><rtept lat="28.827942" lon="121.099242"><ele>21.6</ele></rtept><rtept lat="28.827922" lon="121.099217"><ele>21.6</ele></rtept><rtept lat="28.827902" lon="121.099197"><ele>21.6</ele></rtept><rtept lat="28.82788" lon="121.099177"><ele>21.6</ele></rtept><rtept lat="28.827857" lon="121.099162"><ele>21.6</ele></rtept><rtept lat="28.82783" lon="121.099147"><ele>21.6</ele></rtept><rtept lat="28.827802" lon="121.099127"><ele>21.6</ele></rtept><rtept lat="28.827777" lon="121.099107"><ele>21.6</ele></rtept><rtept lat="28.827752" lon="121.099085"><ele>21.6</ele></rtept><rtept lat="28.827722" lon="121.099062"><ele>21.6</ele></rtept><rtept lat="28.827695" lon="121.099037"><ele>21.6</ele></rtept><rtept lat="28.827672" lon="121.099012"><ele>21.6</ele></rtept><rtept lat="28.827647" lon="121.098985"><ele>21.6</ele></rtept><rtept lat="28.827627" lon="121.098955"><ele>21.6</ele></rtept><rtept lat="28.827602" lon="121.098927"><ele>21.6</ele></rtept><rtept lat="28.827585" lon="121.098895"><ele>21.6</ele></rtept><rtept lat="28.827567" lon="121.098867"><ele>21.6</ele></rtept><rtept lat="28.827552" lon="121.098837"><ele>21.8</ele></rtept><rtept lat="28.827537" lon="121.098807"><ele>21.8</ele></rtept><rtept lat="28.82752" lon="121.09878"><ele>21.8</ele></rtept><rtept lat="28.827502" lon="121.098752"><ele>21.8</ele></rtept><rtept lat="28.827487" lon="121.098722"><ele>22.0</ele></rtept><rtept lat="28.827472" lon="121.098697"><ele>22.0</ele></rtept><rtept lat="28.827457" lon="121.098667"><ele>22.0</ele></rtept><rtept lat="28.82744" lon="121.098642"><ele>22.0</ele></rtept><rtept lat="28.827422" lon="121.098612"><ele>22.0</ele></rtept><rtept lat="28.827405" lon="121.098582"><ele>22.6</ele></rtept><rtept lat="28.82739" lon="121.09855"><ele>22.6</ele></rtept><rtept lat="28.827377" lon="121.098522"><ele>22.8</ele></rtept><rtept lat="28.827362" lon="121.098492"><ele>23.0</ele></rtept><rtept lat="28.827347" lon="121.098462"><ele>23.0</ele></rtept><rtept lat="28.827335" lon="121.098432"><ele>23.2</ele></rtept><rtept lat="28.82732" lon="121.098402"><ele>22.8</ele></rtept><rtept lat="28.827303" lon="121.098372"><ele>22.8</ele></rtept><rtept lat="28.827287" lon="121.098342"><ele>23.4</ele></rtept><rtept lat="28.827272" lon="121.098312"><ele>23.6</ele></rtept><rtept lat="28.827257" lon="121.098282"><ele>23.6</ele></rtept><rtept lat="28.827242" lon="121.09825"><ele>23.8</ele></rtept><rtept lat="28.827227" lon="121.09822"><ele>24.2</ele></rtept><rtept lat="28.827215" lon="121.098187"><ele>24.2</ele></rtept><rtept lat="28.827202" lon="121.098162"><ele>24.2</ele></rtept><rtept lat="28.827187" lon="121.098135"><ele>24.4</ele></rtept><rtept lat="28.82717" lon="121.098105"><ele>24.6</ele></rtept><rtept lat="28.827157" lon="121.098077"><ele>24.6</ele></rtept><rtept lat="28.827142" lon="121.098052"><ele>24.4</ele></rtept><rtept lat="28.827127" lon="121.098022"><ele>24.2</ele></rtept><rtept lat="28.827112" lon="121.097995"><ele>24.2</ele></rtept><rtept lat="28.8271" lon="121.097965"><ele>24.6</ele></rtept><rtept lat="28.827087" lon="121.097937"><ele>24.6</ele></rtept><rtept lat="28.827072" lon="121.097907"><ele>24.8</ele></rtept><rtept lat="28.827062" lon="121.097877"><ele>24.8</ele></rtept><rtept lat="28.827052" lon="121.097847"><ele>25.0</ele></rtept><rtept lat="28.827042" lon="121.097817"><ele>25.2</ele></rtept><rtept lat="28.827032" lon="121.097787"><ele>25.4</ele></rtept><rtept lat="28.827022" lon="121.09776"><ele>25.6</ele></rtept><rtept lat="28.827012" lon="121.09773"><ele>25.8</ele></rtept><rtept lat="28.827002" lon="121.097705"><ele>26.0</ele></rtept><rtept lat="28.826992" lon="121.097677"><ele>26.2</ele></rtept><rtept lat="28.82698" lon="121.097655"><ele>26.4</ele></rtept><rtept lat="28.826967" lon="121.097627"><ele>26.4</ele></rtept><rtept lat="28.826957" lon="121.097605"><ele>26.8</ele></rtept><rtept lat="28.826945" lon="121.09758"><ele>27.2</ele></rtept><rtept lat="28.826932" lon="121.097557"><ele>27.4</ele></rtept><rtept lat="28.826922" lon="121.097527"><ele>27.4</ele></rtept><rtept lat="28.826912" lon="121.097507"><ele>27.4</ele></rtept><rtept lat="28.8269" lon="121.097482"><ele>27.6</ele></rtept><rtept lat="28.826892" lon="121.097462"><ele>27.6</ele></rtept><rtept lat="28.826885" lon="121.097442"><ele>28.2</ele></rtept><rtept lat="28.82688" lon="121.09742"><ele>28.6</ele></rtept><rtept lat="28.82686" lon="121.097387"><ele>28.6</ele></rtept><rtept lat="28.826845" lon="121.097372"><ele>29.2</ele></rtept><rtept lat="28.826827" lon="121.097337"><ele>29.6</ele></rtept><rtept lat="28.826807" lon="121.09731"><ele>30.8</ele></rtept><rtept lat="28.826787" lon="121.097287"><ele>32.2</ele></rtept><rtept lat="28.826765" lon="121.097277"><ele>32.2</ele></rtept><rtept lat="28.82674" lon="121.097275"><ele>32.6</ele></rtept><rtept lat="28.826717" lon="121.09728"><ele>34.0</ele></rtept><rtept lat="28.82669" lon="121.097287"><ele>34.6</ele></rtept><rtept lat="28.82666" lon="121.097275"><ele>35.6</ele></rtept><rtept lat="28.826635" lon="121.09726"><ele>36.4</ele></rtept><rtept lat="28.826607" lon="121.097247"><ele>37.4</ele></rtept><rtept lat="28.826587" lon="121.097225"><ele>38.4</ele></rtept><rtept lat="28.82657" lon="121.097207"><ele>39.0</ele></rtept><rtept lat="28.826555" lon="121.097185"><ele>40.0</ele></rtept><rtept lat="28.826537" lon="121.097172"><ele>41.2</ele></rtept><rtept lat="28.826508" lon="121.097162"><ele>42.2</ele></rtept><rtept lat="28.826482" lon="121.097152"><ele>43.0</ele></rtept><rtept lat="28.82646" lon="121.097142"><ele>43.6</ele></rtept><rtept lat="28.826432" lon="121.097127"><ele>45.2</ele></rtept><rtept lat="28.826407" lon="121.097117"><ele>45.6</ele></rtept><rtept lat="28.826377" lon="121.097097"><ele>46.4</ele></rtept><rtept lat="28.826347" lon="121.097077"><ele>47.4</ele></rtept><rtept lat="28.826318" lon="121.097057"><ele>48.2</ele></rtept><rtept lat="28.826302" lon="121.097047"><ele>48.4</ele></rtept><rtept lat="28.82627" lon="121.097027"><ele>48.8</ele></rtept><rtept lat="28.826237" lon="121.097015"><ele>48.8</ele></rtept><rtept lat="28.826212" lon="121.096997"><ele>49.4</ele></rtept><rtept lat="28.826187" lon="121.09698"><ele>50.0</ele></rtept><rtept lat="28.826167" lon="121.096952"><ele>51.0</ele></rtept><rtept lat="28.826155" lon="121.096927"><ele>51.6</ele></rtept><rtept lat="28.82614" lon="121.0969"><ele>52.0</ele></rtept><rtept lat="28.826122" lon="121.096872"><ele>52.8</ele></rtept><rtept lat="28.826107" lon="121.09685"><ele>53.6</ele></rtept><rtept lat="28.826092" lon="121.096822"><ele>54.2</ele></rtept><rtept lat="28.826082" lon="121.0968"><ele>55.0</ele></rtept><rtept lat="28.82607" lon="121.096775"><ele>55.8</ele></rtept><rtept lat="28.826057" lon="121.096757"><ele>56.6</ele></rtept><rtept lat="28.826042" lon="121.096737"><ele>57.6</ele></rtept><rtept lat="28.826027" lon="121.096717"><ele>58.4</ele></rtept><rtept lat="28.826012" lon="121.096702"><ele>58.8</ele></rtept><rtept lat="28.826002" lon="121.09668"><ele>60.2</ele></rtept><rtept lat="28.82599" lon="121.096662"><ele>61.0</ele></rtept><rtept lat="28.825987" lon="121.09663"><ele>61.0</ele></rtept><rtept lat="28.825977" lon="121.096605"><ele>61.6</ele></rtept><rtept lat="28.825967" lon="121.096577"><ele>62.6</ele></rtept><rtept lat="28.825957" lon="121.09655"><ele>63.6</ele></rtept><rtept lat="28.825952" lon="121.096525"><ele>64.0</ele></rtept><rtept lat="28.825938" lon="121.096502"><ele>64.8</ele></rtept><rtept lat="28.825927" lon="121.09648"><ele>65.4</ele></rtept><rtept lat="28.825915" lon="121.096452"><ele>65.8</ele></rtept><rtept lat="28.825907" lon="121.096432"><ele>66.6</ele></rtept><rtept lat="28.825897" lon="121.0964"><ele>67.2</ele></rtept><rtept lat="28.825885" lon="121.096372"><ele>67.8</ele></rtept><rtept lat="28.825877" lon="121.096337"><ele>68.4</ele></rtept><rtept lat="28.825875" lon="121.096305"><ele>69.0</ele></rtept><rtept lat="28.825865" lon="121.096277"><ele>69.6</ele></rtept><rtept lat="28.825847" lon="121.096255"><ele>70.2</ele></rtept><rtept lat="28.825827" lon="121.096235"><ele>71.0</ele></rtept><rtept lat="28.825807" lon="121.096217"><ele>71.8</ele></rtept><rtept lat="28.825785" lon="121.096197"><ele>72.2</ele></rtept><rtept lat="28.825762" lon="121.09618"><ele>72.8</ele></rtept><rtept lat="28.825737" lon="121.096172"><ele>73.4</ele></rtept><rtept lat="28.825717" lon="121.096167"><ele>74.0</ele></rtept><rtept lat="28.825697" lon="121.096157"><ele>74.8</ele></rtept><rtept lat="28.825675" lon="121.096152"><ele>75.2</ele></rtept><rtept lat="28.82565" lon="121.096145"><ele>75.8</ele></rtept><rtept lat="28.825627" lon="121.096137"><ele>76.2</ele></rtept><rtept lat="28.825602" lon="121.096132"><ele>77.0</ele></rtept><rtept lat="28.825587" lon="121.09613"><ele>77.8</ele></rtept><rtept lat="28.825557" lon="121.096127"><ele>78.6</ele></rtept><rtept lat="28.825532" lon="121.09613"><ele>79.2</ele></rtept><rtept lat="28.82551" lon="121.096147"><ele>79.8</ele></rtept><rtept lat="28.825487" lon="121.096162"><ele>80.8</ele></rtept><rtept lat="28.825465" lon="121.09617"><ele>81.4</ele></rtept><rtept lat="28.825442" lon="121.096177"><ele>81.8</ele></rtept><rtept lat="28.825422" lon="121.096187"><ele>82.6</ele></rtept><rtept lat="28.825402" lon="121.096197"><ele>83.0</ele></rtept><rtept lat="28.825387" lon="121.096212"><ele>83.4</ele></rtept><rtept lat="28.82536" lon="121.096237"><ele>84.0</ele></rtept><rtept lat="28.825342" lon="121.096252"><ele>84.8</ele></rtept><rtept lat="28.825312" lon="121.096277"><ele>84.8</ele></rtept><rtept lat="28.825282" lon="121.096297"><ele>85.2</ele></rtept><rtept lat="28.825257" lon="121.096317"><ele>86.0</ele></rtept><rtept lat="28.825227" lon="121.096332"><ele>86.4</ele></rtept><rtept lat="28.825197" lon="121.096337"><ele>87.0</ele></rtept><rtept lat="28.82517" lon="121.096335"><ele>87.8</ele></rtept><rtept lat="28.825143" lon="121.096322"><ele>88.4</ele></rtept><rtept lat="28.825122" lon="121.096295"><ele>89.2</ele></rtept><rtept lat="28.825102" lon="121.096267"><ele>89.8</ele></rtept><rtept lat="28.82508" lon="121.096242"><ele>90.8</ele></rtept><rtept lat="28.825057" lon="121.096212"><ele>91.6</ele></rtept><rtept lat="28.82505" lon="121.09619"><ele>91.6</ele></rtept><rtept lat="28.825042" lon="121.096167"><ele>92.2</ele></rtept><rtept lat="28.825037" lon="121.096142"><ele>92.2</ele></rtept><rtept lat="28.825035" lon="121.096117"><ele>92.6</ele></rtept><rtept lat="28.825037" lon="121.096092"><ele>92.6</ele></rtept><rtept lat="28.82504" lon="121.096067"><ele>92.6</ele></rtept><rtept lat="28.825045" lon="121.096042"><ele>93.0</ele></rtept><rtept lat="28.825052" lon="121.096017"><ele>93.2</ele></rtept><rtept lat="28.825057" lon="121.09599"><ele>93.2</ele></rtept><rtept lat="28.825065" lon="121.095965"><ele>93.2</ele></rtept><rtept lat="28.825072" lon="121.095937"><ele>93.6</ele></rtept><rtept lat="28.825077" lon="121.095912"><ele>93.8</ele></rtept><rtept lat="28.825077" lon="121.095887"><ele>93.6</ele></rtept><rtept lat="28.825082" lon="121.095862"><ele>93.6</ele></rtept><rtept lat="28.82508" lon="121.09584"><ele>93.6</ele></rtept><rtept lat="28.825082" lon="121.095812"><ele>94.0</ele></rtept><rtept lat="28.825082" lon="121.095792"><ele>94.2</ele></rtept><rtept lat="28.825077" lon="121.09577"><ele>94.2</ele></rtept><rtept lat="28.82507" lon="121.095742"><ele>93.8</ele></rtept><rtept lat="28.825065" lon="121.095717"><ele>93.8</ele></rtept><rtept lat="28.82506" lon="121.095687"><ele>94.4</ele></rtept><rtept lat="28.825052" lon="121.09566"><ele>94.6</ele></rtept><rtept lat="28.825042" lon="121.095637"><ele>94.6</ele></rtept><rtept lat="28.825042" lon="121.09561"><ele>94.6</ele></rtept><rtept lat="28.825037" lon="121.095585"><ele>94.6</ele></rtept><rtept lat="28.825032" lon="121.095552"><ele>94.6</ele></rtept><rtept lat="28.825025" lon="121.095522"><ele>94.6</ele></rtept><rtept lat="28.825017" lon="121.095497"><ele>94.6</ele></rtept><rtept lat="28.82501" lon="121.095472"><ele>94.8</ele></rtept><rtept lat="28.824997" lon="121.095447"><ele>95.2</ele></rtept><rtept lat="28.824982" lon="121.095427"><ele>95.2</ele></rtept><rtept lat="28.82497" lon="121.095407"><ele>95.6</ele></rtept><rtept lat="28.824953" lon="121.095385"><ele>95.6</ele></rtept><rtept lat="28.824945" lon="121.095362"><ele>95.8</ele></rtept><rtept lat="28.824927" lon="121.095337"><ele>96.0</ele></rtept><rtept lat="28.824912" lon="121.095312"><ele>96.0</ele></rtept><rtept lat="28.824905" lon="121.095287"><ele>96.2</ele></rtept><rtept lat="28.8249" lon="121.095262"><ele>96.8</ele></rtept><rtept lat="28.824897" lon="121.095237"><ele>96.8</ele></rtept><rtept lat="28.824892" lon="121.0952"><ele>97.0</ele></rtept><rtept lat="28.824895" lon="121.095177"><ele>97.2</ele></rtept><rtept lat="28.824897" lon="121.095157"><ele>97.8</ele></rtept><rtept lat="28.824902" lon="121.095137"><ele>98.0</ele></rtept><rtept lat="28.824907" lon="121.095115"><ele>98.2</ele></rtept><rtept lat="28.824912" lon="121.095077"><ele>98.6</ele></rtept><rtept lat="28.824918" lon="121.095042"><ele>99.4</ele></rtept><rtept lat="28.824932" lon="121.095007"><ele>100.0</ele></rtept><rtept lat="28.824937" lon="121.094987"><ele>100.4</ele></rtept><rtept lat="28.824952" lon="121.094957"><ele>100.8</ele></rtept><rtept lat="28.824962" lon="121.09494"><ele>101.0</ele></rtept><rtept lat="28.824972" lon="121.094912"><ele>101.8</ele></rtept><rtept lat="28.824985" lon="121.094892"><ele>102.8</ele></rtept><rtept lat="28.824985" lon="121.094862"><ele>103.6</ele></rtept><rtept lat="28.824972" lon="121.094827"><ele>104.2</ele></rtept><rtept lat="28.824965" lon="121.094807"><ele>104.8</ele></rtept><rtept lat="28.824942" lon="121.09478"><ele>105.4</ele></rtept><rtept lat="28.824922" lon="121.094755"><ele>106.4</ele></rtept><rtept lat="28.82491" lon="121.094737"><ele>106.4</ele></rtept><rtept lat="28.824897" lon="121.094722"><ele>106.8</ele></rtept><rtept lat="28.824883" lon="121.094707"><ele>107.8</ele></rtept><rtept lat="28.824852" lon="121.094692"><ele>107.8</ele></rtept><rtept lat="28.824832" lon="121.094685"><ele>107.8</ele></rtept><rtept lat="28.824802" lon="121.094667"><ele>108.8</ele></rtept><rtept lat="28.824775" lon="121.094647"><ele>109.4</ele></rtept><rtept lat="28.82476" lon="121.094632"><ele>109.8</ele></rtept><rtept lat="28.824732" lon="121.094605"><ele>110.2</ele></rtept><rtept lat="28.824717" lon="121.094587"><ele>110.6</ele></rtept><rtept lat="28.824693" lon="121.09456"><ele>111.0</ele></rtept><rtept lat="28.824675" lon="121.094535"><ele>111.6</ele></rtept><rtept lat="28.82466" lon="121.094517"><ele>112.0</ele></rtept><rtept lat="28.824637" lon="121.094485"><ele>112.8</ele></rtept><rtept lat="28.82462" lon="121.094472"><ele>113.0</ele></rtept><rtept lat="28.824602" lon="121.094467"><ele>113.6</ele></rtept><rtept lat="28.824582" lon="121.094457"><ele>113.6</ele></rtept><rtept lat="28.824562" lon="121.094455"><ele>113.8</ele></rtept><rtept lat="28.824538" lon="121.094447"><ele>114.0</ele></rtept><rtept lat="28.824522" lon="121.094443"><ele>114.2</ele></rtept><rtept lat="28.824502" lon="121.09444"><ele>114.4</ele></rtept><rtept lat="28.824485" lon="121.09443"><ele>114.4</ele></rtept><rtept lat="28.824447" lon="121.094415"><ele>114.4</ele></rtept><rtept lat="28.824427" lon="121.094407"><ele>114.8</ele></rtept><rtept lat="28.824407" lon="121.0944"><ele>114.8</ele></rtept><rtept lat="28.824387" lon="121.094392"><ele>115.4</ele></rtept><rtept lat="28.824365" lon="121.094385"><ele>115.6</ele></rtept><rtept lat="28.824345" lon="121.094375"><ele>115.8</ele></rtept><rtept lat="28.824327" lon="121.094362"><ele>115.8</ele></rtept><rtept lat="28.824307" lon="121.094352"><ele>115.8</ele></rtept><rtept lat="28.82429" lon="121.094345"><ele>116.0</ele></rtept><rtept lat="28.824272" lon="121.094337"><ele>116.4</ele></rtept><rtept lat="28.824252" lon="121.094322"><ele>116.6</ele></rtept><rtept lat="28.824232" lon="121.094312"><ele>117.0</ele></rtept><rtept lat="28.824212" lon="121.094302"><ele>117.2</ele></rtept><rtept lat="28.82419" lon="121.094292"><ele>117.6</ele></rtept><rtept lat="28.824167" lon="121.09428"><ele>117.4</ele></rtept><rtept lat="28.824145" lon="121.094272"><ele>117.4</ele></rtept><rtept lat="28.82412" lon="121.094262"><ele>117.6</ele></rtept><rtept lat="28.8241" lon="121.09425"><ele>117.8</ele></rtept><rtept lat="28.824082" lon="121.094237"><ele>117.8</ele></rtept><rtept lat="28.824062" lon="121.094222"><ele>118.0</ele></rtept><rtept lat="28.824042" lon="121.094205"><ele>118.2</ele></rtept><rtept lat="28.824025" lon="121.094187"><ele>118.6</ele></rtept><rtept lat="28.824007" lon="121.094167"><ele>118.6</ele></rtept><rtept lat="28.823992" lon="121.094152"><ele>118.6</ele></rtept><rtept lat="28.823977" lon="121.094132"><ele>118.6</ele></rtept><rtept lat="28.823962" lon="121.094112"><ele>118.8</ele></rtept><rtept lat="28.82394" lon="121.094097"><ele>118.8</ele></rtept><rtept lat="28.823912" lon="121.09408"><ele>118.6</ele></rtept><rtept lat="28.823877" lon="121.094062"><ele>118.6</ele></rtept><rtept lat="28.823847" lon="121.094047"><ele>117.8</ele></rtept><rtept lat="28.823812" lon="121.094032"><ele>117.8</ele></rtept><rtept lat="28.823782" lon="121.094017"><ele>117.6</ele></rtept><rtept lat="28.823752" lon="121.094"><ele>117.2</ele></rtept><rtept lat="28.823722" lon="121.093985"><ele>116.8</ele></rtept><rtept lat="28.823695" lon="121.093967"><ele>116.6</ele></rtept><rtept lat="28.823665" lon="121.093952"><ele>116.2</ele></rtept><rtept lat="28.823637" lon="121.093935"><ele>115.6</ele></rtept><rtept lat="28.823605" lon="121.093922"><ele>115.2</ele></rtept><rtept lat="28.82357" lon="121.093908"><ele>114.8</ele></rtept><rtept lat="28.82354" lon="121.093897"><ele>114.4</ele></rtept><rtept lat="28.823507" lon="121.093882"><ele>113.8</ele></rtept><rtept lat="28.823475" lon="121.093867"><ele>113.4</ele></rtept><rtept lat="28.82344" lon="121.093847"><ele>113.0</ele></rtept><rtept lat="28.823412" lon="121.093823"><ele>112.4</ele></rtept><rtept lat="28.82339" lon="121.093795"><ele>112.2</ele></rtept><rtept lat="28.823377" lon="121.093762"><ele>112.0</ele></rtept><rtept lat="28.823367" lon="121.093727"><ele>111.8</ele></rtept><rtept lat="28.823352" lon="121.093692"><ele>111.2</ele></rtept><rtept lat="28.823335" lon="121.093657"><ele>110.8</ele></rtept><rtept lat="28.823322" lon="121.09362"><ele>110.2</ele></rtept><rtept lat="28.823307" lon="121.093585"><ele>109.6</ele></rtept><rtept lat="28.82329" lon="121.093547"><ele>109.2</ele></rtept><rtept lat="28.823275" lon="121.093512"><ele>109.0</ele></rtept><rtept lat="28.82326" lon="121.09348"><ele>109.0</ele></rtept><rtept lat="28.823247" lon="121.093442"><ele>108.6</ele></rtept><rtept lat="28.823235" lon="121.09341"><ele>108.2</ele></rtept><rtept lat="28.823222" lon="121.093377"><ele>108.0</ele></rtept><rtept lat="28.823212" lon="121.093345"><ele>107.4</ele></rtept><rtept lat="28.823195" lon="121.093312"><ele>107.2</ele></rtept><rtept lat="28.823177" lon="121.093277"><ele>107.2</ele></rtept><rtept lat="28.823162" lon="121.093247"><ele>107.2</ele></rtept><rtept lat="28.823147" lon="121.093215"><ele>107.2</ele></rtept><rtept lat="28.82313" lon="121.093182"><ele>107.2</ele></rtept><rtept lat="28.823112" lon="121.093152"><ele>107.0</ele></rtept><rtept lat="28.823095" lon="121.093122"><ele>107.0</ele></rtept><rtept lat="28.823085" lon="121.093092"><ele>107.0</ele></rtept><rtept lat="28.823075" lon="121.09306"><ele>107.2</ele></rtept><rtept lat="28.82307" lon="121.093022"><ele>107.2</ele></rtept><rtept lat="28.82307" lon="121.092982"><ele>107.0</ele></rtept><rtept lat="28.823065" lon="121.092947"><ele>107.0</ele></rtept><rtept lat="28.823057" lon="121.092907"><ele>107.0</ele></rtept><rtept lat="28.82305" lon="121.09287"><ele>107.0</ele></rtept><rtept lat="28.823045" lon="121.092837"><ele>107.0</ele></rtept><rtept lat="28.823035" lon="121.092805"><ele>107.0</ele></rtept><rtept lat="28.823022" lon="121.092772"><ele>107.0</ele></rtept><rtept lat="28.823005" lon="121.092737"><ele>107.8</ele></rtept><rtept lat="28.822987" lon="121.09271"><ele>107.8</ele></rtept><rtept lat="28.822967" lon="121.09268"><ele>107.8</ele></rtept><rtept lat="28.822947" lon="121.092652"><ele>107.8</ele></rtept><rtept lat="28.822922" lon="121.09263"><ele>108.0</ele></rtept><rtept lat="28.8229" lon="121.09261"><ele>108.2</ele></rtept><rtept lat="28.822872" lon="121.092595"><ele>108.2</ele></rtept><rtept lat="28.822847" lon="121.092582"><ele>108.0</ele></rtept><rtept lat="28.822822" lon="121.092562"><ele>108.0</ele></rtept><rtept lat="28.822797" lon="121.09254"><ele>108.0</ele></rtept><rtept lat="28.822775" lon="121.092512"><ele>107.8</ele></rtept><rtept lat="28.822752" lon="121.092482"><ele>107.8</ele></rtept><rtept lat="28.822732" lon="121.092457"><ele>107.6</ele></rtept><rtept lat="28.822715" lon="121.092427"><ele>107.6</ele></rtept><rtept lat="28.822697" lon="121.092402"><ele>107.8</ele></rtept><rtept lat="28.822675" lon="121.09238"><ele>107.8</ele></rtept><rtept lat="28.822652" lon="121.09236"><ele>107.8</ele></rtept><rtept lat="28.82263" lon="121.092337"><ele>107.8</ele></rtept><rtept lat="28.82261" lon="121.092312"><ele>107.8</ele></rtept><rtept lat="28.82259" lon="121.092282"><ele>107.8</ele></rtept><rtept lat="28.822568" lon="121.092257"><ele>108.0</ele></rtept><rtept lat="28.822552" lon="121.09223"><ele>108.0</ele></rtept><rtept lat="28.822537" lon="121.092205"><ele>108.0</ele></rtept><rtept lat="28.82252" lon="121.092175"><ele>108.0</ele></rtept><rtept lat="28.822507" lon="121.092147"><ele>108.0</ele></rtept><rtept lat="28.822495" lon="121.092117"><ele>108.2</ele></rtept><rtept lat="28.822477" lon="121.092082"><ele>108.2</ele></rtept><rtept lat="28.822462" lon="121.092052"><ele>108.4</ele></rtept><rtept lat="28.822442" lon="121.092022"><ele>108.4</ele></rtept><rtept lat="28.822425" lon="121.09199"><ele>108.6</ele></rtept><rtept lat="28.822407" lon="121.091965"><ele>108.6</ele></rtept><rtept lat="28.822392" lon="121.091937"><ele>108.8</ele></rtept><rtept lat="28.822377" lon="121.091907"><ele>108.8</ele></rtept><rtept lat="28.82236" lon="121.09188"><ele>108.8</ele></rtept><rtept lat="28.822347" lon="121.091845"><ele>108.8</ele></rtept><rtept lat="28.822335" lon="121.091817"><ele>108.8</ele></rtept><rtept lat="28.82232" lon="121.091787"><ele>108.8</ele></rtept><rtept lat="28.822302" lon="121.091767"><ele>109.2</ele></rtept><rtept lat="28.822285" lon="121.091742"><ele>109.2</ele></rtept><rtept lat="28.822267" lon="121.091712"><ele>109.4</ele></rtept><rtept lat="28.822247" lon="121.09168"><ele>109.6</ele></rtept><rtept lat="28.82223" lon="121.091647"><ele>109.8</ele></rtept><rtept lat="28.822217" lon="121.091617"><ele>109.8</ele></rtept><rtept lat="28.822207" lon="121.091582"><ele>109.8</ele></rtept><rtept lat="28.8222" lon="121.091552"><ele>110.0</ele></rtept><rtept lat="28.822187" lon="121.091517"><ele>110.0</ele></rtept><rtept lat="28.822177" lon="121.091487"><ele>110.0</ele></rtept><rtept lat="28.82217" lon="121.09146"><ele>110.0</ele></rtept><rtept lat="28.822152" lon="121.091427"><ele>110.0</ele></rtept><rtept lat="28.822137" lon="121.091397"><ele>110.0</ele></rtept><rtept lat="28.822112" lon="121.091367"><ele>110.0</ele></rtept><rtept lat="28.822095" lon="121.091342"><ele>110.2</ele></rtept><rtept lat="28.822072" lon="121.091318"><ele>110.4</ele></rtept><rtept lat="28.822055" lon="121.091295"><ele>110.4</ele></rtept><rtept lat="28.82204" lon="121.091267"><ele>110.2</ele></rtept><rtept lat="28.82202" lon="121.091242"><ele>110.2</ele></rtept><rtept lat="28.822007" lon="121.09121"><ele>110.2</ele></rtept><rtept lat="28.821995" lon="121.091182"><ele>110.2</ele></rtept><rtept lat="28.821982" lon="121.091152"><ele>110.2</ele></rtept><rtept lat="28.821962" lon="121.091122"><ele>110.2</ele></rtept><rtept lat="28.821947" lon="121.091092"><ele>110.2</ele></rtept><rtept lat="28.821927" lon="121.091065"><ele>110.2</ele></rtept><rtept lat="28.82191" lon="121.091037"><ele>110.4</ele></rtept><rtept lat="28.821892" lon="121.091007"><ele>110.4</ele></rtept><rtept lat="28.821872" lon="121.090982"><ele>110.2</ele></rtept><rtept lat="28.82185" lon="121.090952"><ele>110.2</ele></rtept><rtept lat="28.821825" lon="121.090927"><ele>110.0</ele></rtept><rtept lat="28.821802" lon="121.090905"><ele>109.8</ele></rtept><rtept lat="28.821777" lon="121.090882"><ele>109.8</ele></rtept><rtept lat="28.821755" lon="121.090855"><ele>109.8</ele></rtept><rtept lat="28.82173" lon="121.090832"><ele>109.8</ele></rtept><rtept lat="28.821705" lon="121.090807"><ele>109.8</ele></rtept><rtept lat="28.821677" lon="121.090787"><ele>109.8</ele></rtept><rtept lat="28.821647" lon="121.090767"><ele>109.4</ele></rtept><rtept lat="28.82162" lon="121.09075"><ele>109.4</ele></rtept><rtept lat="28.821597" lon="121.090732"><ele>109.4</ele></rtept><rtept lat="28.821572" lon="121.09071"><ele>109.4</ele></rtept><rtept lat="28.821547" lon="121.09069"><ele>109.4</ele></rtept><rtept lat="28.821522" lon="121.090662"><ele>109.2</ele></rtept><rtept lat="28.821502" lon="121.090642"><ele>109.2</ele></rtept><rtept lat="28.821487" lon="121.090617"><ele>109.2</ele></rtept><rtept lat="28.821467" lon="121.090585"><ele>109.2</ele></rtept><rtept lat="28.821452" lon="121.090545"><ele>109.2</ele></rtept><rtept lat="28.82144" lon="121.090507"><ele>109.4</ele></rtept><rtept lat="28.821427" lon="121.090472"><ele>109.4</ele></rtept><rtept lat="28.821415" lon="121.09044"><ele>109.4</ele></rtept><rtept lat="28.821402" lon="121.090407"><ele>109.4</ele></rtept><rtept lat="28.821387" lon="121.090377"><ele>109.6</ele></rtept><rtept lat="28.821365" lon="121.090352"><ele>109.6</ele></rtept><rtept lat="28.821342" lon="121.090327"><ele>109.6</ele></rtept><rtept lat="28.821315" lon="121.090305"><ele>109.4</ele></rtept><rtept lat="28.821287" lon="121.09028"><ele>109.4</ele></rtept><rtept lat="28.821262" lon="121.090257"><ele>109.4</ele></rtept><rtept lat="28.821235" lon="121.090237"><ele>109.2</ele></rtept><rtept lat="28.821207" lon="121.090217"><ele>109.0</ele></rtept><rtept lat="28.821177" lon="121.090202"><ele>109.0</ele></rtept><rtept lat="28.82115" lon="121.090192"><ele>109.0</ele></rtept><rtept lat="28.821117" lon="121.090177"><ele>109.4</ele></rtept><rtept lat="28.821087" lon="121.090167"><ele>109.4</ele></rtept><rtept lat="28.821057" lon="121.090157"><ele>109.4</ele></rtept><rtept lat="28.82103" lon="121.090155"><ele>109.4</ele></rtept><rtept lat="28.821005" lon="121.090147"><ele>109.4</ele></rtept><rtept lat="28.820982" lon="121.090137"><ele>109.4</ele></rtept><rtept lat="28.820952" lon="121.090127"><ele>109.4</ele></rtept><rtept lat="28.820925" lon="121.09012"><ele>109.6</ele></rtept><rtept lat="28.820897" lon="121.090107"><ele>109.6</ele></rtept><rtept lat="28.820872" lon="121.090087"><ele>109.8</ele></rtept><rtept lat="28.820847" lon="121.090067"><ele>110.0</ele></rtept><rtept lat="28.820827" lon="121.090047"><ele>110.0</ele></rtept><rtept lat="28.820802" lon="121.090022"><ele>110.0</ele></rtept><rtept lat="28.820777" lon="121.09"><ele>110.0</ele></rtept><rtept lat="28.820753" lon="121.089977"><ele>110.2</ele></rtept><rtept lat="28.820732" lon="121.08995"><ele>110.6</ele></rtept><rtept lat="28.820712" lon="121.089925"><ele>110.6</ele></rtept><rtept lat="28.82069" lon="121.089902"><ele>110.6</ele></rtept><rtept lat="28.820667" lon="121.089882"><ele>110.6</ele></rtept><rtept lat="28.820647" lon="121.089857"><ele>110.8</ele></rtept><rtept lat="28.820627" lon="121.08984"><ele>110.8</ele></rtept><rtept lat="28.820607" lon="121.08982"><ele>111.2</ele></rtept><rtept lat="28.820582" lon="121.089797"><ele>111.2</ele></rtept><rtept lat="28.820557" lon="121.089775"><ele>111.2</ele></rtept><rtept lat="28.82053" lon="121.089757"><ele>111.2</ele></rtept><rtept lat="28.820507" lon="121.08974"><ele>111.4</ele></rtept><rtept lat="28.820482" lon="121.089717"><ele>112.0</ele></rtept><rtept lat="28.82046" lon="121.089697"><ele>112.2</ele></rtept><rtept lat="28.820437" lon="121.089677"><ele>112.4</ele></rtept><rtept lat="28.82042" lon="121.089655"><ele>112.6</ele></rtept><rtept lat="28.820397" lon="121.089632"><ele>112.6</ele></rtept><rtept lat="28.820373" lon="121.089607"><ele>112.8</ele></rtept><rtept lat="28.820352" lon="121.089582"><ele>112.8</ele></rtept><rtept lat="28.82033" lon="121.08956"><ele>113.2</ele></rtept><rtept lat="28.820307" lon="121.089537"><ele>113.4</ele></rtept><rtept lat="28.820287" lon="121.089515"><ele>113.6</ele></rtept><rtept lat="28.820262" lon="121.08949"><ele>113.6</ele></rtept><rtept lat="28.820242" lon="121.089467"><ele>114.0</ele></rtept><rtept lat="28.820217" lon="121.089445"><ele>114.0</ele></rtept><rtept lat="28.820197" lon="121.089417"><ele>113.6</ele></rtept><rtept lat="28.820175" lon="121.08939"><ele>113.4</ele></rtept><rtept lat="28.820157" lon="121.089357"><ele>113.2</ele></rtept><rtept lat="28.820142" lon="121.089327"><ele>113.2</ele></rtept><rtept lat="28.820127" lon="121.089292"><ele>113.2</ele></rtept><rtept lat="28.820107" lon="121.089265"><ele>113.2</ele></rtept><rtept lat="28.820092" lon="121.089237"><ele>113.4</ele></rtept><rtept lat="28.820072" lon="121.089207"><ele>113.4</ele></rtept><rtept lat="28.820055" lon="121.089177"><ele>113.4</ele></rtept><rtept lat="28.820035" lon="121.08915"><ele>113.4</ele></rtept><rtept lat="28.820012" lon="121.089122"><ele>113.4</ele></rtept><rtept lat="28.819993" lon="121.089097"><ele>113.6</ele></rtept><rtept lat="28.819977" lon="121.089072"><ele>113.6</ele></rtept><rtept lat="28.819958" lon="121.089047"><ele>113.4</ele></rtept><rtept lat="28.819937" lon="121.089017"><ele>113.4</ele></rtept><rtept lat="28.819917" lon="121.088995"><ele>113.4</ele></rtept><rtept lat="28.819892" lon="121.088967"><ele>113.4</ele></rtept><rtept lat="28.819872" lon="121.088942"><ele>113.4</ele></rtept><rtept lat="28.819852" lon="121.088912"><ele>113.4</ele></rtept><rtept lat="28.819837" lon="121.088882"><ele>113.4</ele></rtept><rtept lat="28.81982" lon="121.08885"><ele>113.4</ele></rtept><rtept lat="28.819807" lon="121.088813"><ele>113.4</ele></rtept><rtept lat="28.819792" lon="121.088782"><ele>113.4</ele></rtept><rtept lat="28.819775" lon="121.088752"><ele>113.0</ele></rtept><rtept lat="28.819757" lon="121.088727"><ele>113.0</ele></rtept><rtept lat="28.819732" lon="121.088697"><ele>113.0</ele></rtept><rtept lat="28.819707" lon="121.088673"><ele>113.2</ele></rtept><rtept lat="28.819682" lon="121.088657"><ele>113.4</ele></rtept><rtept lat="28.819652" lon="121.08865"><ele>113.0</ele></rtept><rtept lat="28.819622" lon="121.088642"><ele>113.0</ele></rtept><rtept lat="28.819592" lon="121.08864"><ele>113.0</ele></rtept><rtept lat="28.819565" lon="121.088635"><ele>113.2</ele></rtept><rtept lat="28.819532" lon="121.088632"><ele>113.4</ele></rtept><rtept lat="28.819507" lon="121.088627"><ele>113.6</ele></rtept><rtept lat="28.819475" lon="121.088627"><ele>113.8</ele></rtept><rtept lat="28.819445" lon="121.088622"><ele>113.8</ele></rtept><rtept lat="28.819415" lon="121.088617"><ele>114.0</ele></rtept><rtept lat="28.819387" lon="121.088612"><ele>114.0</ele></rtept><rtept lat="28.819362" lon="121.088602"><ele>114.0</ele></rtept><rtept lat="28.819337" lon="121.088595"><ele>114.0</ele></rtept><rtept lat="28.81931" lon="121.088587"><ele>114.0</ele></rtept><rtept lat="28.819282" lon="121.088585"><ele>114.0</ele></rtept><rtept lat="28.819257" lon="121.088585"><ele>114.2</ele></rtept><rtept lat="28.81923" lon="121.088582"><ele>114.4</ele></rtept><rtept lat="28.819202" lon="121.088577"><ele>114.6</ele></rtept><rtept lat="28.819175" lon="121.088572"><ele>114.6</ele></rtept><rtept lat="28.819147" lon="121.088567"><ele>114.8</ele></rtept><rtept lat="28.819117" lon="121.088565"><ele>114.8</ele></rtept><rtept lat="28.819092" lon="121.088555"><ele>114.8</ele></rtept><rtept lat="28.819067" lon="121.08854"><ele>115.0</ele></rtept><rtept lat="28.819047" lon="121.088522"><ele>115.0</ele></rtept><rtept lat="28.819025" lon="121.088507"><ele>115.2</ele></rtept><rtept lat="28.819002" lon="121.088487"><ele>115.4</ele></rtept><rtept lat="28.818982" lon="121.08847"><ele>115.6</ele></rtept><rtept lat="28.818965" lon="121.088452"><ele>116.0</ele></rtept><rtept lat="28.818952" lon="121.088432"><ele>116.0</ele></rtept><rtept lat="28.818937" lon="121.08841"><ele>116.0</ele></rtept><rtept lat="28.818917" lon="121.088392"><ele>116.0</ele></rtept><rtept lat="28.818897" lon="121.088377"><ele>116.6</ele></rtept><rtept lat="28.818877" lon="121.088363"><ele>116.6</ele></rtept><rtept lat="28.81886" lon="121.08835"><ele>116.8</ele></rtept><rtept lat="28.818842" lon="121.088335"><ele>116.8</ele></rtept><rtept lat="28.818822" lon="121.08832"><ele>117.0</ele></rtept><rtept lat="28.818807" lon="121.088302"><ele>117.2</ele></rtept><rtept lat="28.818792" lon="121.088282"><ele>117.2</ele></rtept><rtept lat="28.818775" lon="121.088267"><ele>117.6</ele></rtept><rtept lat="28.818755" lon="121.088247"><ele>117.6</ele></rtept><rtept lat="28.818737" lon="121.088223"><ele>118.0</ele></rtept><rtept lat="28.818722" lon="121.088205"><ele>118.2</ele></rtept><rtept lat="28.818705" lon="121.08819"><ele>118.2</ele></rtept><rtept lat="28.818687" lon="121.088172"><ele>118.2</ele></rtept><rtept lat="28.818667" lon="121.088157"><ele>118.8</ele></rtept><rtept lat="28.81865" lon="121.088145"><ele>119.0</ele></rtept><rtept lat="28.818632" lon="121.088132"><ele>119.0</ele></rtept><rtept lat="28.818615" lon="121.088117"><ele>119.2</ele></rtept><rtept lat="28.818587" lon="121.088092"><ele>119.6</ele></rtept><rtept lat="28.81856" lon="121.08806"><ele>120.2</ele></rtept><rtept lat="28.818542" lon="121.088042"><ele>121.0</ele></rtept><rtept lat="28.818527" lon="121.088027"><ele>121.0</ele></rtept><rtept lat="28.818512" lon="121.088017"><ele>121.2</ele></rtept><rtept lat="28.818487" lon="121.087992"><ele>121.8</ele></rtept><rtept lat="28.818477" lon="121.087975"><ele>122.4</ele></rtept><rtept lat="28.818462" lon="121.08796"><ele>122.6</ele></rtept><rtept lat="28.818445" lon="121.087947"><ele>123.0</ele></rtept><rtept lat="28.818427" lon="121.087937"><ele>123.2</ele></rtept><rtept lat="28.818407" lon="121.087925"><ele>123.6</ele></rtept><rtept lat="28.818375" lon="121.087907"><ele>124.0</ele></rtept><rtept lat="28.818357" lon="121.087897"><ele>124.2</ele></rtept><rtept lat="28.818322" lon="121.087885"><ele>124.8</ele></rtept><rtept lat="28.818285" lon="121.087877"><ele>125.4</ele></rtept><rtept lat="28.818265" lon="121.087867"><ele>125.6</ele></rtept><rtept lat="28.818242" lon="121.087865"><ele>126.4</ele></rtept><rtept lat="28.818227" lon="121.087857"><ele>126.4</ele></rtept><rtept lat="28.818207" lon="121.087847"><ele>126.8</ele></rtept><rtept lat="28.818192" lon="121.087837"><ele>127.2</ele></rtept><rtept lat="28.818177" lon="121.087825"><ele>127.4</ele></rtept><rtept lat="28.818162" lon="121.08781"><ele>128.2</ele></rtept><rtept lat="28.818145" lon="121.087802"><ele>128.6</ele></rtept><rtept lat="28.818117" lon="121.087777"><ele>129.0</ele></rtept><rtept lat="28.818092" lon="121.087747"><ele>129.4</ele></rtept><rtept lat="28.818072" lon="121.087737"><ele>129.6</ele></rtept><rtept lat="28.818047" lon="121.087715"><ele>130.2</ele></rtept><rtept lat="28.818022" lon="121.087687"><ele>130.6</ele></rtept><rtept lat="28.818002" lon="121.087662"><ele>131.6</ele></rtept><rtept lat="28.817987" lon="121.087642"><ele>132.0</ele></rtept><rtept lat="28.817977" lon="121.087622"><ele>132.2</ele></rtept><rtept lat="28.817962" lon="121.087607"><ele>132.6</ele></rtept><rtept lat="28.817947" lon="121.087592"><ele>133.2</ele></rtept><rtept lat="28.817932" lon="121.087577"><ele>133.2</ele></rtept><rtept lat="28.817917" lon="121.087562"><ele>133.4</ele></rtept><rtept lat="28.817902" lon="121.087548"><ele>133.6</ele></rtept><rtept lat="28.817885" lon="121.087535"><ele>134.0</ele></rtept><rtept lat="28.817872" lon="121.087517"><ele>134.2</ele></rtept><rtept lat="28.817857" lon="121.087502"><ele>134.8</ele></rtept><rtept lat="28.817845" lon="121.087482"><ele>134.8</ele></rtept><rtept lat="28.817832" lon="121.087463"><ele>135.0</ele></rtept><rtept lat="28.817822" lon="121.087442"><ele>135.2</ele></rtept><rtept lat="28.817812" lon="121.087412"><ele>135.6</ele></rtept><rtept lat="28.817802" lon="121.087382"><ele>135.8</ele></rtept><rtept lat="28.817792" lon="121.087352"><ele>136.0</ele></rtept><rtept lat="28.817785" lon="121.087327"><ele>136.0</ele></rtept><rtept lat="28.817777" lon="121.087297"><ele>136.0</ele></rtept><rtept lat="28.817775" lon="121.087267"><ele>136.2</ele></rtept><rtept lat="28.817772" lon="121.087235"><ele>136.2</ele></rtept><rtept lat="28.81777" lon="121.087207"><ele>136.2</ele></rtept><rtept lat="28.817767" lon="121.087187"><ele>136.4</ele></rtept><rtept lat="28.817767" lon="121.087162"><ele>136.4</ele></rtept><rtept lat="28.817762" lon="121.087137"><ele>136.4</ele></rtept><rtept lat="28.817757" lon="121.087112"><ele>136.6</ele></rtept><rtept lat="28.817747" lon="121.087092"><ele>137.0</ele></rtept><rtept lat="28.817735" lon="121.087072"><ele>137.4</ele></rtept><rtept lat="28.817722" lon="121.087047"><ele>137.6</ele></rtept><rtept lat="28.817712" lon="121.08703"><ele>138.0</ele></rtept><rtept lat="28.817695" lon="121.087013"><ele>138.2</ele></rtept><rtept lat="28.817677" lon="121.087005"><ele>138.2</ele></rtept><rtept lat="28.817657" lon="121.086997"><ele>138.4</ele></rtept><rtept lat="28.817637" lon="121.086987"><ele>138.4</ele></rtept><rtept lat="28.817607" lon="121.086972"><ele>139.0</ele></rtept><rtept lat="28.817592" lon="121.086957"><ele>139.2</ele></rtept><rtept lat="28.817572" lon="121.086927"><ele>139.2</ele></rtept><rtept lat="28.817555" lon="121.0869"><ele>140.0</ele></rtept><rtept lat="28.817527" lon="121.086882"><ele>140.2</ele></rtept><rtept lat="28.817502" lon="121.086865"><ele>140.6</ele></rtept><rtept lat="28.817477" lon="121.086842"><ele>141.0</ele></rtept><rtept lat="28.817453" lon="121.086817"><ele>141.8</ele></rtept><rtept lat="28.817435" lon="121.086787"><ele>142.8</ele></rtept><rtept lat="28.817417" lon="121.086755"><ele>143.4</ele></rtept><rtept lat="28.817397" lon="121.086722"><ele>143.8</ele></rtept><rtept lat="28.817387" lon="121.086703"><ele>144.2</ele></rtept><rtept lat="28.817372" lon="121.08669"><ele>145.0</ele></rtept><rtept lat="28.81736" lon="121.086675"><ele>145.0</ele></rtept><rtept lat="28.817337" lon="121.086647"><ele>145.6</ele></rtept><rtept lat="28.817312" lon="121.086622"><ele>145.8</ele></rtept><rtept lat="28.817287" lon="121.086602"><ele>146.4</ele></rtept><rtept lat="28.817267" lon="121.086577"><ele>147.4</ele></rtept><rtept lat="28.817247" lon="121.086547"><ele>148.0</ele></rtept><rtept lat="28.817225" lon="121.08652"><ele>148.4</ele></rtept><rtept lat="28.817202" lon="121.0865"><ele>148.6</ele></rtept><rtept lat="28.817177" lon="121.086475"><ele>149.6</ele></rtept><rtept lat="28.817157" lon="121.086452"><ele>150.4</ele></rtept><rtept lat="28.817137" lon="121.086427"><ele>151.0</ele></rtept><rtept lat="28.817115" lon="121.086405"><ele>152.0</ele></rtept><rtept lat="28.8171" lon="121.08639"><ele>152.0</ele></rtept><rtept lat="28.81707" lon="121.086372"><ele>152.8</ele></rtept><rtept lat="28.817052" lon="121.086365"><ele>152.8</ele></rtept><rtept lat="28.817017" lon="121.086347"><ele>153.2</ele></rtept><rtept lat="28.81699" lon="121.086325"><ele>153.6</ele></rtept><rtept lat="28.816972" lon="121.086312"><ele>153.6</ele></rtept><rtept lat="28.816957" lon="121.086302"><ele>154.0</ele></rtept><rtept lat="28.816942" lon="121.086292"><ele>154.2</ele></rtept><rtept lat="28.816925" lon="121.08628"><ele>154.6</ele></rtept><rtept lat="28.816897" lon="121.086253"><ele>155.2</ele></rtept><rtept lat="28.816875" lon="121.086227"><ele>155.8</ele></rtept><rtept lat="28.816862" lon="121.086212"><ele>156.2</ele></rtept><rtept lat="28.816842" lon="121.086172"><ele>156.8</ele></rtept><rtept lat="28.816835" lon="121.086152"><ele>157.0</ele></rtept><rtept lat="28.816812" lon="121.086122"><ele>157.2</ele></rtept><rtept lat="28.816787" lon="121.08609"><ele>157.8</ele></rtept><rtept lat="28.816772" lon="121.086072"><ele>157.8</ele></rtept><rtept lat="28.816757" lon="121.08606"><ele>158.0</ele></rtept><rtept lat="28.816727" lon="121.086042"><ele>158.0</ele></rtept><rtept lat="28.8167" lon="121.086032"><ele>158.4</ele></rtept><rtept lat="28.816667" lon="121.086028"><ele>159.0</ele></rtept><rtept lat="28.816637" lon="121.086017"><ele>160.0</ele></rtept><rtept lat="28.81661" lon="121.085997"><ele>160.2</ele></rtept><rtept lat="28.81659" lon="121.085972"><ele>160.8</ele></rtept><rtept lat="28.816572" lon="121.085947"><ele>161.4</ele></rtept><rtept lat="28.816547" lon="121.085922"><ele>162.0</ele></rtept><rtept lat="28.816525" lon="121.085897"><ele>162.6</ele></rtept><rtept lat="28.816502" lon="121.085872"><ele>163.4</ele></rtept><rtept lat="28.816477" lon="121.085855"><ele>164.2</ele></rtept><rtept lat="28.81646" lon="121.085837"><ele>164.2</ele></rtept><rtept lat="28.81644" lon="121.085825"><ele>165.2</ele></rtept><rtept lat="28.816422" lon="121.08581"><ele>165.6</ele></rtept><rtept lat="28.816402" lon="121.085787"><ele>166.4</ele></rtept><rtept lat="28.81638" lon="121.085765"><ele>167.0</ele></rtept><rtept lat="28.816357" lon="121.085747"><ele>167.4</ele></rtept><rtept lat="28.81633" lon="121.085727"><ele>168.2</ele></rtept><rtept lat="28.816312" lon="121.085705"><ele>168.8</ele></rtept><rtept lat="28.816297" lon="121.085687"><ele>169.2</ele></rtept><rtept lat="28.816282" lon="121.085667"><ele>169.8</ele></rtept><rtept lat="28.816272" lon="121.085647"><ele>170.4</ele></rtept><rtept lat="28.816257" lon="121.085632"><ele>170.6</ele></rtept><rtept lat="28.816237" lon="121.085617"><ele>171.6</ele></rtept><rtept lat="28.81622" lon="121.085607"><ele>172.4</ele></rtept><rtept lat="28.816212" lon="121.085585"><ele>173.0</ele></rtept><rtept lat="28.816197" lon="121.085562"><ele>174.2</ele></rtept><rtept lat="28.81618" lon="121.085537"><ele>174.4</ele></rtept><rtept lat="28.816167" lon="121.085512"><ele>175.2</ele></rtept><rtept lat="28.816142" lon="121.085497"><ele>176.2</ele></rtept><rtept lat="28.816127" lon="121.08548"><ele>176.6</ele></rtept><rtept lat="28.816107" lon="121.08547"><ele>177.0</ele></rtept><rtept lat="28.816095" lon="121.085452"><ele>178.0</ele></rtept><rtept lat="28.816077" lon="121.085442"><ele>178.4</ele></rtept><rtept lat="28.81606" lon="121.085422"><ele>178.6</ele></rtept><rtept lat="28.816045" lon="121.085407"><ele>179.8</ele></rtept><rtept lat="28.81603" lon="121.08539"><ele>180.2</ele></rtept><rtept lat="28.81601" lon="121.085372"><ele>180.6</ele></rtept><rtept lat="28.815997" lon="121.085352"><ele>181.4</ele></rtept><rtept lat="28.815982" lon="121.085332"><ele>182.2</ele></rtept><rtept lat="28.81597" lon="121.085317"><ele>182.4</ele></rtept><rtept lat="28.815952" lon="121.0853"><ele>183.2</ele></rtept><rtept lat="28.815935" lon="121.085287"><ele>183.2</ele></rtept><rtept lat="28.815912" lon="121.085267"><ele>184.0</ele></rtept><rtept lat="28.815892" lon="121.085255"><ele>184.2</ele></rtept><rtept lat="28.81587" lon="121.085237"><ele>185.4</ele></rtept><rtept lat="28.815855" lon="121.085222"><ele>185.6</ele></rtept><rtept lat="28.815837" lon="121.085207"><ele>186.8</ele></rtept><rtept lat="28.815822" lon="121.08519"><ele>187.2</ele></rtept><rtept lat="28.815807" lon="121.085172"><ele>188.2</ele></rtept><rtept lat="28.815787" lon="121.085155"><ele>189.2</ele></rtept><rtept lat="28.815765" lon="121.085137"><ele>189.8</ele></rtept><rtept lat="28.815747" lon="121.085122"><ele>190.4</ele></rtept><rtept lat="28.81573" lon="121.085107"><ele>191.4</ele></rtept><rtept lat="28.815712" lon="121.085097"><ele>191.8</ele></rtept><rtept lat="28.815695" lon="121.085077"><ele>193.2</ele></rtept><rtept lat="28.81568" lon="121.085062"><ele>193.4</ele></rtept><rtept lat="28.81566" lon="121.08505"><ele>194.6</ele></rtept><rtept lat="28.815642" lon="121.08504"><ele>195.2</ele></rtept><rtept lat="28.815627" lon="121.085027"><ele>196.0</ele></rtept><rtept lat="28.81561" lon="121.085017"><ele>196.4</ele></rtept><rtept lat="28.815592" lon="121.085002"><ele>197.0</ele></rtept><rtept lat="28.815587" lon="121.084985"><ele>198.4</ele></rtept><rtept lat="28.815582" lon="121.084962"><ele>199.2</ele></rtept><rtept lat="28.815582" lon="121.084942"><ele>199.8</ele></rtept><rtept lat="28.815582" lon="121.084907"><ele>200.6</ele></rtept><rtept lat="28.815575" lon="121.08489"><ele>200.8</ele></rtept><rtept lat="28.815567" lon="121.084872"><ele>201.2</ele></rtept><rtept lat="28.815547" lon="121.08483"><ele>201.8</ele></rtept><rtept lat="28.815532" lon="121.084792"><ele>202.4</ele></rtept><rtept lat="28.815512" lon="121.084765"><ele>203.0</ele></rtept><rtept lat="28.815495" lon="121.08474"><ele>203.6</ele></rtept><rtept lat="28.815487" lon="121.08472"><ele>204.0</ele></rtept><rtept lat="28.815472" lon="121.0847"><ele>204.6</ele></rtept><rtept lat="28.81546" lon="121.084672"><ele>205.4</ele></rtept><rtept lat="28.815448" lon="121.084655"><ele>206.2</ele></rtept><rtept lat="28.815437" lon="121.084637"><ele>206.8</ele></rtept><rtept lat="28.81542" lon="121.084622"><ele>207.4</ele></rtept><rtept lat="28.815402" lon="121.08461"><ele>208.0</ele></rtept><rtept lat="28.815382" lon="121.084593"><ele>208.6</ele></rtept><rtept lat="28.815357" lon="121.084582"><ele>209.4</ele></rtept><rtept lat="28.815342" lon="121.084572"><ele>210.2</ele></rtept><rtept lat="28.815327" lon="121.084552"><ele>210.6</ele></rtept><rtept lat="28.815312" lon="121.084535"><ele>211.2</ele></rtept><rtept lat="28.815293" lon="121.08452"><ele>212.2</ele></rtept><rtept lat="28.81528" lon="121.084508"><ele>213.0</ele></rtept><rtept lat="28.815262" lon="121.084487"><ele>213.6</ele></rtept><rtept lat="28.815252" lon="121.08447"><ele>214.4</ele></rtept><rtept lat="28.815237" lon="121.084445"><ele>215.0</ele></rtept><rtept lat="28.815212" lon="121.084427"><ele>216.0</ele></rtept><rtept lat="28.815192" lon="121.084417"><ele>217.0</ele></rtept><rtept lat="28.815175" lon="121.084407"><ele>217.8</ele></rtept><rtept lat="28.815152" lon="121.084392"><ele>218.4</ele></rtept><rtept lat="28.81514" lon="121.084377"><ele>219.2</ele></rtept><rtept lat="28.815125" lon="121.084362"><ele>220.4</ele></rtept><rtept lat="28.81511" lon="121.084342"><ele>220.6</ele></rtept><rtept lat="28.815092" lon="121.084325"><ele>221.4</ele></rtept><rtept lat="28.815072" lon="121.08431"><ele>222.6</ele></rtept><rtept lat="28.81506" lon="121.08429"><ele>223.0</ele></rtept><rtept lat="28.815047" lon="121.084265"><ele>223.6</ele></rtept><rtept lat="28.815032" lon="121.084237"><ele>224.2</ele></rtept><rtept lat="28.815012" lon="121.084215"><ele>224.8</ele></rtept><rtept lat="28.815" lon="121.084192"><ele>225.6</ele></rtept><rtept lat="28.814985" lon="121.084167"><ele>226.0</ele></rtept><rtept lat="28.814972" lon="121.084152"><ele>226.6</ele></rtept><rtept lat="28.814952" lon="121.084137"><ele>227.2</ele></rtept><rtept lat="28.814932" lon="121.084117"><ele>228.0</ele></rtept><rtept lat="28.814913" lon="121.084102"><ele>228.8</ele></rtept><rtept lat="28.814892" lon="121.084087"><ele>229.4</ele></rtept><rtept lat="28.81487" lon="121.084077"><ele>229.6</ele></rtept><rtept lat="28.81485" lon="121.084057"><ele>230.4</ele></rtept><rtept lat="28.81482" lon="121.084047"><ele>230.6</ele></rtept><rtept lat="28.814792" lon="121.084032"><ele>231.4</ele></rtept><rtept lat="28.814765" lon="121.084012"><ele>231.6</ele></rtept><rtept lat="28.81474" lon="121.083997"><ele>231.6</ele></rtept><rtept lat="28.814715" lon="121.083985"><ele>232.2</ele></rtept><rtept lat="28.814695" lon="121.083962"><ele>233.0</ele></rtept><rtept lat="28.814672" lon="121.083952"><ele>233.6</ele></rtept><rtept lat="28.814647" lon="121.08394"><ele>234.6</ele></rtept><rtept lat="28.81462" lon="121.08393"><ele>235.0</ele></rtept><rtept lat="28.814595" lon="121.08393"><ele>235.8</ele></rtept><rtept lat="28.814577" lon="121.083927"><ele>236.6</ele></rtept><rtept lat="28.814552" lon="121.083915"><ele>237.4</ele></rtept><rtept lat="28.814527" lon="121.083897"><ele>238.4</ele></rtept><rtept lat="28.814512" lon="121.083885"><ele>238.6</ele></rtept><rtept lat="28.81449" lon="121.083867"><ele>239.6</ele></rtept><rtept lat="28.814467" lon="121.08386"><ele>240.4</ele></rtept><rtept lat="28.814447" lon="121.083857"><ele>241.0</ele></rtept><rtept lat="28.814422" lon="121.08385"><ele>241.0</ele></rtept><rtept lat="28.8144" lon="121.083837"><ele>241.8</ele></rtept><rtept lat="28.81438" lon="121.083833"><ele>242.4</ele></rtept><rtept lat="28.814357" lon="121.08383"><ele>242.6</ele></rtept><rtept lat="28.814327" lon="121.08383"><ele>243.2</ele></rtept><rtept lat="28.814302" lon="121.083833"><ele>244.0</ele></rtept><rtept lat="28.814282" lon="121.083842"><ele>244.6</ele></rtept><rtept lat="28.814262" lon="121.08385"><ele>245.2</ele></rtept><rtept lat="28.814242" lon="121.083847"><ele>245.6</ele></rtept><rtept lat="28.81422" lon="121.083837"><ele>246.2</ele></rtept><rtept lat="28.814192" lon="121.083822"><ele>247.0</ele></rtept><rtept lat="28.814167" lon="121.083807"><ele>247.4</ele></rtept><rtept lat="28.814152" lon="121.083797"><ele>248.2</ele></rtept><rtept lat="28.814122" lon="121.083787"><ele>248.4</ele></rtept><rtept lat="28.814097" lon="121.083777"><ele>249.0</ele></rtept><rtept lat="28.814072" lon="121.083762"><ele>249.8</ele></rtept><rtept lat="28.814047" lon="121.083747"><ele>250.4</ele></rtept><rtept lat="28.81402" lon="121.08374"><ele>251.0</ele></rtept><rtept lat="28.813992" lon="121.083737"><ele>251.4</ele></rtept><rtept lat="28.813962" lon="121.083732"><ele>251.8</ele></rtept><rtept lat="28.81394" lon="121.083722"><ele>252.4</ele></rtept><rtept lat="28.813912" lon="121.08371"><ele>253.0</ele></rtept><rtept lat="28.813892" lon="121.083705"><ele>253.6</ele></rtept><rtept lat="28.813875" lon="121.0837"><ele>253.8</ele></rtept><rtept lat="28.813852" lon="121.083692"><ele>254.8</ele></rtept><rtept lat="28.81383" lon="121.083677"><ele>255.4</ele></rtept><rtept lat="28.813812" lon="121.083672"><ele>256.4</ele></rtept><rtept lat="28.813792" lon="121.083672"><ele>257.4</ele></rtept><rtept lat="28.813767" lon="121.08367"><ele>257.8</ele></rtept><rtept lat="28.813747" lon="121.083672"><ele>258.6</ele></rtept><rtept lat="28.81372" lon="121.083672"><ele>259.0</ele></rtept><rtept lat="28.813692" lon="121.083667"><ele>259.8</ele></rtept><rtept lat="28.813667" lon="121.083672"><ele>260.0</ele></rtept><rtept lat="28.813642" lon="121.083682"><ele>261.0</ele></rtept><rtept lat="28.81362" lon="121.083692"><ele>261.4</ele></rtept><rtept lat="28.813597" lon="121.083702"><ele>261.8</ele></rtept><rtept lat="28.81358" lon="121.0837"><ele>263.0</ele></rtept><rtept lat="28.813555" lon="121.083697"><ele>264.0</ele></rtept><rtept lat="28.813532" lon="121.083682"><ele>264.4</ele></rtept><rtept lat="28.81352" lon="121.083667"><ele>265.2</ele></rtept><rtept lat="28.8135" lon="121.083652"><ele>265.6</ele></rtept><rtept lat="28.813472" lon="121.083645"><ele>266.4</ele></rtept><rtept lat="28.81345" lon="121.083647"><ele>267.0</ele></rtept><rtept lat="28.813422" lon="121.083645"><ele>268.2</ele></rtept><rtept lat="28.813402" lon="121.08364"><ele>268.6</ele></rtept><rtept lat="28.813385" lon="121.083635"><ele>268.6</ele></rtept><rtept lat="28.813362" lon="121.083627"><ele>268.6</ele></rtept><rtept lat="28.813327" lon="121.083608"><ele>268.8</ele></rtept><rtept lat="28.81331" lon="121.083602"><ele>269.0</ele></rtept><rtept lat="28.813288" lon="121.083592"><ele>269.0</ele></rtept><rtept lat="28.81327" lon="121.083585"><ele>269.2</ele></rtept><rtept lat="28.81325" lon="121.083575"><ele>269.2</ele></rtept><rtept lat="28.81323" lon="121.083565"><ele>269.4</ele></rtept><rtept lat="28.81321" lon="121.083555"><ele>269.6</ele></rtept><rtept lat="28.81319" lon="121.083547"><ele>269.6</ele></rtept><rtept lat="28.813172" lon="121.083537"><ele>269.6</ele></rtept><rtept lat="28.81315" lon="121.083527"><ele>270.0</ele></rtept><rtept lat="28.813132" lon="121.083517"><ele>270.0</ele></rtept><rtept lat="28.81311" lon="121.083507"><ele>270.2</ele></rtept><rtept lat="28.81309" lon="121.083497"><ele>270.2</ele></rtept><rtept lat="28.81307" lon="121.083482"><ele>270.6</ele></rtept><rtept lat="28.81305" lon="121.083472"><ele>270.6</ele></rtept><rtept lat="28.813032" lon="121.083457"><ele>270.6</ele></rtept><rtept lat="28.813012" lon="121.083447"><ele>270.6</ele></rtept><rtept lat="28.812992" lon="121.083432"><ele>270.8</ele></rtept><rtept lat="28.81297" lon="121.083417"><ele>270.8</ele></rtept><rtept lat="28.812952" lon="121.083402"><ele>271.0</ele></rtept><rtept lat="28.812932" lon="121.083385"><ele>271.0</ele></rtept><rtept lat="28.812917" lon="121.083367"><ele>271.4</ele></rtept><rtept lat="28.812902" lon="121.083342"><ele>271.6</ele></rtept><rtept lat="28.812885" lon="121.083322"><ele>271.8</ele></rtept><rtept lat="28.812873" lon="121.083298"><ele>271.8</ele></rtept><rtept lat="28.812862" lon="121.083277"><ele>271.8</ele></rtept><rtept lat="28.812857" lon="121.083257"><ele>271.8</ele></rtept><rtept lat="28.812847" lon="121.083232"><ele>272.2</ele></rtept><rtept lat="28.812837" lon="121.08321"><ele>272.4</ele></rtept><rtept lat="28.812827" lon="121.083182"><ele>273.0</ele></rtept><rtept lat="28.812817" lon="121.083157"><ele>273.0</ele></rtept><rtept lat="28.812807" lon="121.083128"><ele>273.6</ele></rtept><rtept lat="28.812797" lon="121.083102"><ele>273.6</ele></rtept><rtept lat="28.812787" lon="121.083077"><ele>273.6</ele></rtept><rtept lat="28.812777" lon="121.083052"><ele>274.0</ele></rtept><rtept lat="28.812767" lon="121.083027"><ele>274.4</ele></rtept><rtept lat="28.812757" lon="121.083002"><ele>274.4</ele></rtept><rtept lat="28.812742" lon="121.082977"><ele>274.4</ele></rtept><rtept lat="28.812727" lon="121.082955"><ele>274.4</ele></rtept><rtept lat="28.81271" lon="121.082927"><ele>274.4</ele></rtept><rtept lat="28.812695" lon="121.082902"><ele>275.0</ele></rtept><rtept lat="28.812682" lon="121.08288"><ele>275.0</ele></rtept><rtept lat="28.812667" lon="121.082855"><ele>275.2</ele></rtept><rtept lat="28.81265" lon="121.082827"><ele>275.4</ele></rtept><rtept lat="28.812637" lon="121.082802"><ele>275.4</ele></rtept><rtept lat="28.812622" lon="121.082775"><ele>275.2</ele></rtept><rtept lat="28.812612" lon="121.08275"><ele>275.2</ele></rtept><rtept lat="28.812607" lon="121.082722"><ele>275.4</ele></rtept><rtept lat="28.812607" lon="121.082695"><ele>275.4</ele></rtept><rtept lat="28.812607" lon="121.082667"><ele>275.0</ele></rtept><rtept lat="28.812617" lon="121.08264"><ele>275.0</ele></rtept><rtept lat="28.812632" lon="121.082617"><ele>275.2</ele></rtept><rtept lat="28.81265" lon="121.082602"><ele>275.6</ele></rtept><rtept lat="28.812667" lon="121.082587"><ele>275.6</ele></rtept><rtept lat="28.812683" lon="121.082577"><ele>275.6</ele></rtept><rtept lat="28.812707" lon="121.082565"><ele>276.0</ele></rtept><rtept lat="28.812727" lon="121.082557"><ele>276.2</ele></rtept><rtept lat="28.812752" lon="121.082557"><ele>276.4</ele></rtept><rtept lat="28.812775" lon="121.082565"><ele>276.6</ele></rtept><rtept lat="28.812795" lon="121.08257"><ele>277.0</ele></rtept><rtept lat="28.812815" lon="121.082587"><ele>277.4</ele></rtept><rtept lat="28.812832" lon="121.0826"><ele>278.4</ele></rtept><rtept lat="28.812852" lon="121.082612"><ele>278.4</ele></rtept><rtept lat="28.81287" lon="121.082627"><ele>278.6</ele></rtept><rtept lat="28.812887" lon="121.082642"><ele>278.8</ele></rtept><rtept lat="28.812905" lon="121.082657"><ele>279.0</ele></rtept><rtept lat="28.812927" lon="121.082672"><ele>279.0</ele></rtept><rtept lat="28.81295" lon="121.082682"><ele>279.6</ele></rtept><rtept lat="28.812967" lon="121.082682"><ele>279.6</ele></rtept><rtept lat="28.812987" lon="121.082667"><ele>279.6</ele></rtept><rtept lat="28.812997" lon="121.082647"><ele>279.6</ele></rtept><rtept lat="28.813007" lon="121.082627"><ele>280.2</ele></rtept><rtept lat="28.813012" lon="121.082602"><ele>280.6</ele></rtept><rtept lat="28.813012" lon="121.082575"><ele>280.6</ele></rtept><rtept lat="28.813007" lon="121.082547"><ele>280.8</ele></rtept><rtept lat="28.813002" lon="121.082522"><ele>280.8</ele></rtept><rtept lat="28.812995" lon="121.082495"><ele>281.2</ele></rtept><rtept lat="28.812987" lon="121.08247"><ele>281.4</ele></rtept><rtept lat="28.812977" lon="121.082442"><ele>281.6</ele></rtept><rtept lat="28.812972" lon="121.082415"><ele>282.0</ele></rtept><rtept lat="28.812965" lon="121.082387"><ele>282.0</ele></rtept><rtept lat="28.812957" lon="121.082362"><ele>282.2</ele></rtept><rtept lat="28.812952" lon="121.082332"><ele>282.2</ele></rtept><rtept lat="28.812947" lon="121.082307"><ele>282.2</ele></rtept><rtept lat="28.812942" lon="121.082277"><ele>282.2</ele></rtept><rtept lat="28.812937" lon="121.082252"><ele>282.4</ele></rtept><rtept lat="28.812932" lon="121.082222"><ele>282.6</ele></rtept><rtept lat="28.812927" lon="121.082197"><ele>282.6</ele></rtept><rtept lat="28.812927" lon="121.082172"><ele>282.8</ele></rtept><rtept lat="28.812932" lon="121.082147"><ele>283.0</ele></rtept><rtept lat="28.812943" lon="121.082132"><ele>283.2</ele></rtept><rtept lat="28.812965" lon="121.082132"><ele>283.4</ele></rtept><rtept lat="28.813" lon="121.082127"><ele>283.4</ele></rtept><rtept lat="28.813017" lon="121.082117"><ele>283.4</ele></rtept><rtept lat="28.813037" lon="121.082112"><ele>283.4</ele></rtept><rtept lat="28.813055" lon="121.082112"><ele>284.2</ele></rtept><rtept lat="28.813072" lon="121.082115"><ele>284.2</ele></rtept><rtept lat="28.813092" lon="121.08212"><ele>284.6</ele></rtept><rtept lat="28.813122" lon="121.082132"><ele>285.0</ele></rtept><rtept lat="28.813152" lon="121.082132"><ele>285.6</ele></rtept><rtept lat="28.813162" lon="121.082115"><ele>286.0</ele></rtept><rtept lat="28.813177" lon="121.082092"><ele>286.8</ele></rtept><rtept lat="28.813185" lon="121.082062"><ele>288.2</ele></rtept><rtept lat="28.813185" lon="121.08204"><ele>289.0</ele></rtept><rtept lat="28.813192" lon="121.082012"><ele>290.2</ele></rtept><rtept lat="28.813212" lon="121.081982"><ele>290.6</ele></rtept><rtept lat="28.813225" lon="121.081967"><ele>291.0</ele></rtept><rtept lat="28.813237" lon="121.081952"><ele>291.6</ele></rtept><rtept lat="28.813267" lon="121.081932"><ele>292.4</ele></rtept><rtept lat="28.813295" lon="121.081907"><ele>293.2</ele></rtept><rtept lat="28.813307" lon="121.081887"><ele>293.4</ele></rtept><rtept lat="28.813337" lon="121.081867"><ele>293.0</ele></rtept><rtept lat="28.813355" lon="121.081857"><ele>293.0</ele></rtept><rtept lat="28.813372" lon="121.081845"><ele>293.8</ele></rtept><rtept lat="28.813387" lon="121.081832"><ele>293.8</ele></rtept><rtept lat="28.813405" lon="121.08182"><ele>293.8</ele></rtept><rtept lat="28.813422" lon="121.081805"><ele>294.0</ele></rtept><rtept lat="28.813437" lon="121.08179"><ele>294.0</ele></rtept><rtept lat="28.81345" lon="121.081767"><ele>294.6</ele></rtept><rtept lat="28.81346" lon="121.08175"><ele>295.2</ele></rtept><rtept lat="28.813472" lon="121.081732"><ele>295.8</ele></rtept><rtept lat="28.813502" lon="121.081705"><ele>296.4</ele></rtept><rtept lat="28.813513" lon="121.08169"><ele>296.4</ele></rtept><rtept lat="28.813537" lon="121.081652"><ele>296.6</ele></rtept><rtept lat="28.813555" lon="121.08162"><ele>297.0</ele></rtept><rtept lat="28.813562" lon="121.081602"><ele>297.2</ele></rtept><rtept lat="28.813582" lon="121.08157"><ele>298.4</ele></rtept><rtept lat="28.813597" lon="121.081552"><ele>298.8</ele></rtept><rtept lat="28.813617" lon="121.081537"><ele>299.4</ele></rtept><rtept lat="28.81364" lon="121.081527"><ele>300.0</ele></rtept><rtept lat="28.813662" lon="121.081522"><ele>300.0</ele></rtept><rtept lat="28.81369" lon="121.081512"><ele>300.0</ele></rtept><rtept lat="28.813712" lon="121.081505"><ele>299.6</ele></rtept><rtept lat="28.813737" lon="121.081502"><ele>299.4</ele></rtept><rtept lat="28.81376" lon="121.081497"><ele>298.8</ele></rtept><rtept lat="28.813785" lon="121.081495"><ele>298.8</ele></rtept><rtept lat="28.813807" lon="121.081487"><ele>300.0</ele></rtept><rtept lat="28.813827" lon="121.081477"><ele>300.0</ele></rtept><rtept lat="28.81384" lon="121.081457"><ele>300.0</ele></rtept><rtept lat="28.813857" lon="121.081417"><ele>300.0</ele></rtept><rtept lat="28.813862" lon="121.081395"><ele>300.0</ele></rtept><rtept lat="28.813857" lon="121.081372"><ele>300.4</ele></rtept><rtept lat="28.813842" lon="121.081337"><ele>301.0</ele></rtept><rtept lat="28.813857" lon="121.081312"><ele>302.0</ele></rtept><rtept lat="28.813887" lon="121.081312"><ele>302.8</ele></rtept><rtept lat="28.813907" lon="121.081312"><ele>303.2</ele></rtept><rtept lat="28.813927" lon="121.081317"><ele>303.4</ele></rtept><rtept lat="28.81395" lon="121.081332"><ele>303.6</ele></rtept><rtept lat="28.813972" lon="121.081347"><ele>304.0</ele></rtept><rtept lat="28.81399" lon="121.081367"><ele>304.2</ele></rtept><rtept lat="28.814012" lon="121.081382"><ele>304.4</ele></rtept><rtept lat="28.814032" lon="121.081395"><ele>304.6</ele></rtept><rtept lat="28.814052" lon="121.081407"><ele>304.6</ele></rtept><rtept lat="28.814072" lon="121.081422"><ele>304.6</ele></rtept><rtept lat="28.814092" lon="121.081437"><ele>304.6</ele></rtept><rtept lat="28.814112" lon="121.081452"><ele>304.6</ele></rtept><rtept lat="28.81413" lon="121.081472"><ele>304.6</ele></rtept><rtept lat="28.814145" lon="121.081492"><ele>304.6</ele></rtept><rtept lat="28.81416" lon="121.081512"><ele>304.6</ele></rtept><rtept lat="28.814175" lon="121.08153"><ele>305.0</ele></rtept><rtept lat="28.814187" lon="121.081547"><ele>305.0</ele></rtept><rtept lat="28.8142" lon="121.081567"><ele>305.4</ele></rtept><rtept lat="28.814217" lon="121.081585"><ele>305.6</ele></rtept><rtept lat="28.814232" lon="121.081602"><ele>305.6</ele></rtept><rtept lat="28.814247" lon="121.081617"><ele>306.0</ele></rtept><rtept lat="28.814267" lon="121.081632"><ele>306.4</ele></rtept><rtept lat="28.814287" lon="121.081642"><ele>306.8</ele></rtept><rtept lat="28.814307" lon="121.081647"><ele>306.8</ele></rtept><rtept lat="28.814342" lon="121.08165"><ele>307.2</ele></rtept><rtept lat="28.814362" lon="121.081627"><ele>307.6</ele></rtept><rtept lat="28.81437" lon="121.081597"><ele>308.6</ele></rtept><rtept lat="28.814377" lon="121.08158"><ele>309.4</ele></rtept><rtept lat="28.814397" lon="121.081565"><ele>309.8</ele></rtept><rtept lat="28.814417" lon="121.081553"><ele>310.8</ele></rtept><rtept lat="28.81444" lon="121.081547"><ele>311.6</ele></rtept><rtept lat="28.81446" lon="121.081532"><ele>312.0</ele></rtept><rtept lat="28.814482" lon="121.081522"><ele>312.8</ele></rtept><rtept lat="28.814507" lon="121.081512"><ele>313.4</ele></rtept><rtept lat="28.81452" lon="121.081497"><ele>313.8</ele></rtept><rtept lat="28.814542" lon="121.081477"><ele>314.6</ele></rtept><rtept lat="28.814557" lon="121.08146"><ele>315.8</ele></rtept><rtept lat="28.814577" lon="121.081435"><ele>316.4</ele></rtept><rtept lat="28.814592" lon="121.081412"><ele>317.4</ele></rtept><rtept lat="28.814612" lon="121.0814"><ele>318.4</ele></rtept><rtept lat="28.814625" lon="121.081372"><ele>319.0</ele></rtept><rtept lat="28.81463" lon="121.081355"><ele>320.0</ele></rtept><rtept lat="28.814637" lon="121.081332"><ele>321.2</ele></rtept><rtept lat="28.814645" lon="121.081307"><ele>322.0</ele></rtept><rtept lat="28.814657" lon="121.081295"><ele>322.8</ele></rtept><rtept lat="28.814667" lon="121.081277"><ele>324.2</ele></rtept><rtept lat="28.814677" lon="121.081257"><ele>324.6</ele></rtept><rtept lat="28.814687" lon="121.081225"><ele>325.2</ele></rtept><rtept lat="28.814692" lon="121.081197"><ele>326.2</ele></rtept><rtept lat="28.814702" lon="121.081167"><ele>326.4</ele></rtept><rtept lat="28.814712" lon="121.081132"><ele>327.2</ele></rtept><rtept lat="28.814727" lon="121.081107"><ele>328.2</ele></rtept><rtept lat="28.81474" lon="121.081085"><ele>328.6</ele></rtept><rtept lat="28.81475" lon="121.081062"><ele>329.0</ele></rtept><rtept lat="28.81476" lon="121.081045"><ele>329.6</ele></rtept><rtept lat="28.814777" lon="121.08101"><ele>330.0</ele></rtept><rtept lat="28.814787" lon="121.08098"><ele>330.2</ele></rtept><rtept lat="28.814807" lon="121.080955"><ele>330.6</ele></rtept><rtept lat="28.814827" lon="121.080937"><ele>331.4</ele></rtept><rtept lat="28.81484" lon="121.080917"><ele>332.0</ele></rtept><rtept lat="28.81485" lon="121.08089"><ele>332.6</ele></rtept><rtept lat="28.814862" lon="121.080872"><ele>333.6</ele></rtept><rtept lat="28.814875" lon="121.080835"><ele>334.6</ele></rtept><rtept lat="28.814882" lon="121.080817"><ele>334.8</ele></rtept><rtept lat="28.814887" lon="121.080785"><ele>335.2</ele></rtept><rtept lat="28.814887" lon="121.080762"><ele>335.8</ele></rtept><rtept lat="28.81489" lon="121.080735"><ele>336.0</ele></rtept><rtept lat="28.814895" lon="121.080702"><ele>336.6</ele></rtept><rtept lat="28.814902" lon="121.080672"><ele>337.2</ele></rtept><rtept lat="28.81491" lon="121.080652"><ele>337.8</ele></rtept><rtept lat="28.814927" lon="121.080642"><ele>338.8</ele></rtept><rtept lat="28.814947" lon="121.080622"><ele>339.6</ele></rtept><rtept lat="28.814962" lon="121.080617"><ele>340.2</ele></rtept><rtept lat="28.814992" lon="121.0806"><ele>340.8</ele></rtept><rtept lat="28.815007" lon="121.08058"><ele>341.8</ele></rtept><rtept lat="28.815027" lon="121.080557"><ele>342.8</ele></rtept><rtept lat="28.815052" lon="121.080545"><ele>343.2</ele></rtept><rtept lat="28.815075" lon="121.080532"><ele>344.6</ele></rtept><rtept lat="28.815102" lon="121.080522"><ele>344.8</ele></rtept><rtept lat="28.815122" lon="121.08051"><ele>345.4</ele></rtept><rtept lat="28.815142" lon="121.080502"><ele>346.8</ele></rtept><rtept lat="28.815165" lon="121.080492"><ele>347.4</ele></rtept><rtept lat="28.81519" lon="121.080483"><ele>347.6</ele></rtept><rtept lat="28.815217" lon="121.080487"><ele>348.4</ele></rtept><rtept lat="28.815242" lon="121.080492"><ele>348.6</ele></rtept><rtept lat="28.815265" lon="121.0805"><ele>348.8</ele></rtept><rtept lat="28.815287" lon="121.080507"><ele>350.0</ele></rtept><rtept lat="28.81531" lon="121.080512"><ele>350.4</ele></rtept><rtept lat="28.815332" lon="121.080517"><ele>351.2</ele></rtept><rtept lat="28.815352" lon="121.080532"><ele>351.6</ele></rtept><rtept lat="28.815372" lon="121.080552"><ele>352.4</ele></rtept><rtept lat="28.815397" lon="121.080582"><ele>353.0</ele></rtept><rtept lat="28.815412" lon="121.080617"><ele>353.6</ele></rtept><rtept lat="28.815425" lon="121.080635"><ele>354.0</ele></rtept><rtept lat="28.815427" lon="121.08067"><ele>355.0</ele></rtept><rtept lat="28.815425" lon="121.080692"><ele>355.2</ele></rtept><rtept lat="28.815437" lon="121.080735"><ele>355.4</ele></rtept><rtept lat="28.815445" lon="121.080762"><ele>356.0</ele></rtept><rtept lat="28.815452" lon="121.080782"><ele>356.0</ele></rtept><rtept lat="28.815457" lon="121.080805"><ele>356.4</ele></rtept><rtept lat="28.815457" lon="121.08083"><ele>356.6</ele></rtept><rtept lat="28.815457" lon="121.080855"><ele>356.8</ele></rtept><rtept lat="28.815452" lon="121.080875"><ele>357.4</ele></rtept><rtept lat="28.815447" lon="121.080895"><ele>357.4</ele></rtept><rtept lat="28.815442" lon="121.080917"><ele>358.0</ele></rtept><rtept lat="28.815437" lon="121.080937"><ele>358.0</ele></rtept><rtept lat="28.81543" lon="121.080957"><ele>358.2</ele></rtept><rtept lat="28.815417" lon="121.080992"><ele>358.4</ele></rtept><rtept lat="28.815407" lon="121.081025"><ele>359.4</ele></rtept><rtept lat="28.815405" lon="121.081062"><ele>360.0</ele></rtept><rtept lat="28.8154" lon="121.081097"><ele>360.4</ele></rtept><rtept lat="28.815397" lon="121.081117"><ele>361.2</ele></rtept><rtept lat="28.815395" lon="121.08115"><ele>361.8</ele></rtept><rtept lat="28.8154" lon="121.081187"><ele>362.0</ele></rtept><rtept lat="28.815405" lon="121.081222"><ele>362.4</ele></rtept><rtept lat="28.81541" lon="121.081252"><ele>363.0</ele></rtept><rtept lat="28.815427" lon="121.08128"><ele>363.4</ele></rtept><rtept lat="28.815442" lon="121.081292"><ele>364.0</ele></rtept><rtept lat="28.815465" lon="121.08131"><ele>364.8</ele></rtept><rtept lat="28.815487" lon="121.081317"><ele>365.8</ele></rtept><rtept lat="28.815505" lon="121.081312"><ele>366.2</ele></rtept><rtept lat="28.815527" lon="121.081302"><ele>366.0</ele></rtept><rtept lat="28.815547" lon="121.081285"><ele>367.8</ele></rtept><rtept lat="28.815565" lon="121.081262"><ele>368.4</ele></rtept><rtept lat="28.815587" lon="121.08124"><ele>369.4</ele></rtept><rtept lat="28.8156" lon="121.081222"><ele>369.6</ele></rtept><rtept lat="28.815615" lon="121.081197"><ele>371.4</ele></rtept><rtept lat="28.815632" lon="121.081177"><ele>372.8</ele></rtept><rtept lat="28.815652" lon="121.081162"><ele>373.6</ele></rtept><rtept lat="28.815677" lon="121.081142"><ele>374.2</ele></rtept><rtept lat="28.8157" lon="121.081127"><ele>374.4</ele></rtept><rtept lat="28.815722" lon="121.081115"><ele>374.4</ele></rtept><rtept lat="28.815742" lon="121.081095"><ele>375.6</ele></rtept><rtept lat="28.815762" lon="121.08108"><ele>375.8</ele></rtept><rtept lat="28.815782" lon="121.081057"><ele>376.0</ele></rtept><rtept lat="28.815802" lon="121.081042"><ele>375.8</ele></rtept><rtept lat="28.815817" lon="121.081017"><ele>376.0</ele></rtept><rtept lat="28.815828" lon="121.081"><ele>376.4</ele></rtept><rtept lat="28.815847" lon="121.080977"><ele>376.4</ele></rtept><rtept lat="28.815863" lon="121.080957"><ele>377.0</ele></rtept><rtept lat="28.81588" lon="121.080937"><ele>378.2</ele></rtept><rtept lat="28.815892" lon="121.080917"><ele>379.4</ele></rtept><rtept lat="28.815907" lon="121.0809"><ele>379.8</ele></rtept><rtept lat="28.815927" lon="121.080882"><ele>381.2</ele></rtept><rtept lat="28.815942" lon="121.080872"><ele>382.4</ele></rtept><rtept lat="28.815952" lon="121.080855"><ele>383.2</ele></rtept><rtept lat="28.81594" lon="121.080837"><ele>384.0</ele></rtept><rtept lat="28.815927" lon="121.080822"><ele>384.4</ele></rtept><rtept lat="28.815915" lon="121.080797"><ele>385.2</ele></rtept><rtept lat="28.815902" lon="121.080782"><ele>386.6</ele></rtept><rtept lat="28.815895" lon="121.080752"><ele>387.2</ele></rtept><rtept lat="28.81589" lon="121.080732"><ele>388.0</ele></rtept><rtept lat="28.815877" lon="121.080707"><ele>388.6</ele></rtept><rtept lat="28.815875" lon="121.080685"><ele>389.2</ele></rtept><rtept lat="28.815867" lon="121.080667"><ele>390.2</ele></rtept><rtept lat="28.815862" lon="121.080637"><ele>390.8</ele></rtept><rtept lat="28.815862" lon="121.08061"><ele>391.6</ele></rtept><rtept lat="28.815857" lon="121.080587"><ele>392.2</ele></rtept><rtept lat="28.815872" lon="121.080572"><ele>392.4</ele></rtept><rtept lat="28.81589" lon="121.080582"><ele>393.4</ele></rtept><rtept lat="28.815915" lon="121.080595"><ele>394.4</ele></rtept><rtept lat="28.81594" lon="121.080612"><ele>394.8</ele></rtept><rtept lat="28.81596" lon="121.080627"><ele>395.4</ele></rtept><rtept lat="28.815977" lon="121.080637"><ele>395.4</ele></rtept><rtept lat="28.815985" lon="121.080615"><ele>397.2</ele></rtept><rtept lat="28.815975" lon="121.080592"><ele>398.0</ele></rtept><rtept lat="28.815967" lon="121.080572"><ele>398.8</ele></rtept><rtept lat="28.815957" lon="121.080555"><ele>399.8</ele></rtept><rtept lat="28.815957" lon="121.080532"><ele>400.4</ele></rtept><rtept lat="28.815967" lon="121.080507"><ele>401.2</ele></rtept><rtept lat="28.816002" lon="121.080507"><ele>402.2</ele></rtept><rtept lat="28.816025" lon="121.080517"><ele>402.8</ele></rtept><rtept lat="28.816047" lon="121.080525"><ele>403.8</ele></rtept><rtept lat="28.816067" lon="121.080512"><ele>404.4</ele></rtept><rtept lat="28.81606" lon="121.08049"><ele>406.0</ele></rtept><rtept lat="28.816057" lon="121.080462"><ele>407.8</ele></rtept><rtept lat="28.816067" lon="121.080437"><ele>407.8</ele></rtept><rtept lat="28.816082" lon="121.080412"><ele>408.4</ele></rtept><rtept lat="28.816097" lon="121.080392"><ele>409.0</ele></rtept><rtept lat="28.816112" lon="121.08038"><ele>410.4</ele></rtept><rtept lat="28.816137" lon="121.080365"><ele>411.2</ele></rtept><rtept lat="28.816157" lon="121.080343"><ele>413.0</ele></rtept><rtept lat="28.816172" lon="121.080327"><ele>413.2</ele></rtept><rtept lat="28.81619" lon="121.080307"><ele>414.6</ele></rtept><rtept lat="28.816202" lon="121.08029"><ele>415.6</ele></rtept><rtept lat="28.816217" lon="121.080267"><ele>416.0</ele></rtept><rtept lat="28.816235" lon="121.080252"><ele>416.6</ele></rtept><rtept lat="28.816247" lon="121.080232"><ele>417.2</ele></rtept><rtept lat="28.816267" lon="121.080212"><ele>417.6</ele></rtept><rtept lat="28.816287" lon="121.080192"><ele>418.2</ele></rtept><rtept lat="28.816307" lon="121.080173"><ele>418.6</ele></rtept><rtept lat="28.816325" lon="121.080155"><ele>419.2</ele></rtept><rtept lat="28.816347" lon="121.080142"><ele>420.0</ele></rtept><rtept lat="28.816357" lon="121.080125"><ele>420.4</ele></rtept><rtept lat="28.816372" lon="121.08011"><ele>420.8</ele></rtept><rtept lat="28.816395" lon="121.080077"><ele>421.0</ele></rtept><rtept lat="28.816407" lon="121.080057"><ele>421.0</ele></rtept><rtept lat="28.816417" lon="121.080037"><ele>421.0</ele></rtept><rtept lat="28.816432" lon="121.080017"><ele>421.0</ele></rtept><rtept lat="28.816447" lon="121.08"><ele>421.0</ele></rtept><rtept lat="28.816472" lon="121.079967"><ele>421.4</ele></rtept><rtept lat="28.816487" lon="121.07996"><ele>421.6</ele></rtept><rtept lat="28.816512" lon="121.079952"><ele>422.4</ele></rtept><rtept lat="28.81653" lon="121.079945"><ele>423.2</ele></rtept><rtept lat="28.816547" lon="121.079935"><ele>424.0</ele></rtept><rtept lat="28.816567" lon="121.07992"><ele>424.8</ele></rtept><rtept lat="28.816597" lon="121.079917"><ele>425.6</ele></rtept><rtept lat="28.81661" lon="121.079912"><ele>427.0</ele></rtept><rtept lat="28.816632" lon="121.079902"><ele>428.4</ele></rtept><rtept lat="28.816652" lon="121.079905"><ele>427.6</ele></rtept><rtept lat="28.816667" lon="121.079882"><ele>427.2</ele></rtept><rtept lat="28.816677" lon="121.07986"><ele>427.6</ele></rtept><rtept lat="28.81669" lon="121.079832"><ele>428.0</ele></rtept><rtept lat="28.816697" lon="121.079802"><ele>428.4</ele></rtept><rtept lat="28.816705" lon="121.079772"><ele>429.4</ele></rtept><rtept lat="28.81671" lon="121.079735"><ele>429.4</ele></rtept><rtept lat="28.816715" lon="121.0797"><ele>428.4</ele></rtept><rtept lat="28.816722" lon="121.079667"><ele>427.6</ele></rtept><rtept lat="28.816732" lon="121.079637"><ele>427.4</ele></rtept><rtept lat="28.81674" lon="121.079605"><ele>427.0</ele></rtept><rtept lat="28.816747" lon="121.07957"><ele>426.8</ele></rtept><rtept lat="28.816757" lon="121.079535"><ele>426.0</ele></rtept><rtept lat="28.816762" lon="121.079502"><ele>425.4</ele></rtept><rtept lat="28.816767" lon="121.079467"><ele>425.4</ele></rtept><rtept lat="28.816765" lon="121.079435"><ele>426.0</ele></rtept><rtept lat="28.81676" lon="121.079402"><ele>426.0</ele></rtept><rtept lat="28.816752" lon="121.079372"><ele>426.4</ele></rtept><rtept lat="28.816737" lon="121.079337"><ele>426.6</ele></rtept><rtept lat="28.816722" lon="121.079312"><ele>426.6</ele></rtept><rtept lat="28.816707" lon="121.079282"><ele>426.2</ele></rtept><rtept lat="28.81669" lon="121.079257"><ele>426.2</ele></rtept><rtept lat="28.816677" lon="121.07923"><ele>426.2</ele></rtept><rtept lat="28.816662" lon="121.079202"><ele>426.2</ele></rtept><rtept lat="28.816642" lon="121.07918"><ele>426.2</ele></rtept><rtept lat="28.816622" lon="121.079152"><ele>426.0</ele></rtept><rtept lat="28.816595" lon="121.07913"><ele>426.0</ele></rtept><rtept lat="28.816565" lon="121.079107"><ele>425.6</ele></rtept><rtept lat="28.81653" lon="121.079092"><ele>425.6</ele></rtept><rtept lat="28.816497" lon="121.079082"><ele>425.6</ele></rtept><rtept lat="28.816465" lon="121.079077"><ele>425.6</ele></rtept><rtept lat="28.816427" lon="121.079072"><ele>426.0</ele></rtept><rtept lat="28.816392" lon="121.079067"><ele>426.0</ele></rtept><rtept lat="28.816352" lon="121.079067"><ele>425.4</ele></rtept><rtept lat="28.816315" lon="121.079072"><ele>424.8</ele></rtept><rtept lat="28.816272" lon="121.079065"><ele>424.6</ele></rtept><rtept lat="28.816235" lon="121.079057"><ele>423.6</ele></rtept><rtept lat="28.816192" lon="121.079048"><ele>423.4</ele></rtept><rtept lat="28.816152" lon="121.079037"><ele>423.2</ele></rtept><rtept lat="28.816115" lon="121.079012"><ele>423.2</ele></rtept><rtept lat="28.816085" lon="121.07898"><ele>422.2</ele></rtept><rtept lat="28.81606" lon="121.078937"><ele>422.2</ele></rtept><rtept lat="28.816037" lon="121.078895"><ele>422.2</ele></rtept><rtept lat="28.81602" lon="121.078852"><ele>422.2</ele></rtept><rtept lat="28.816002" lon="121.078812"><ele>421.2</ele></rtept><rtept lat="28.815982" lon="121.078777"><ele>420.8</ele></rtept><rtept lat="28.815957" lon="121.078752"><ele>420.8</ele></rtept><rtept lat="28.81592" lon="121.078737"><ele>420.8</ele></rtept><rtept lat="28.815882" lon="121.078737"><ele>420.8</ele></rtept><rtept lat="28.815847" lon="121.078747"><ele>420.0</ele></rtept><rtept lat="28.815815" lon="121.078772"><ele>419.6</ele></rtept><rtept lat="28.81578" lon="121.078797"><ele>419.6</ele></rtept><rtept lat="28.815747" lon="121.078827"><ele>419.8</ele></rtept><rtept lat="28.815712" lon="121.078855"><ele>419.8</ele></rtept><rtept lat="28.81568" lon="121.07889"><ele>419.8</ele></rtept><rtept lat="28.815645" lon="121.078917"><ele>419.4</ele></rtept><rtept lat="28.815612" lon="121.078947"><ele>417.4</ele></rtept><rtept lat="28.815582" lon="121.07898"><ele>416.6</ele></rtept><rtept lat="28.815552" lon="121.07901"><ele>416.4</ele></rtept><rtept lat="28.815525" lon="121.079042"><ele>415.8</ele></rtept><rtept lat="28.815497" lon="121.079077"><ele>414.6</ele></rtept><rtept lat="28.815462" lon="121.079102"><ele>414.2</ele></rtept><rtept lat="28.815432" lon="121.079132"><ele>414.0</ele></rtept><rtept lat="28.815397" lon="121.079157"><ele>413.6</ele></rtept><rtept lat="28.815365" lon="121.07918"><ele>413.6</ele></rtept><rtept lat="28.81533" lon="121.0792"><ele>411.6</ele></rtept><rtept lat="28.815297" lon="121.07922"><ele>410.6</ele></rtept><rtept lat="28.815258" lon="121.079235"><ele>410.0</ele></rtept><rtept lat="28.815222" lon="121.079245"><ele>409.6</ele></rtept><rtept lat="28.81518" lon="121.079245"><ele>409.4</ele></rtept><rtept lat="28.815142" lon="121.079232"><ele>408.0</ele></rtept><rtept lat="28.815112" lon="121.079205"><ele>407.2</ele></rtept><rtept lat="28.815097" lon="121.079167"><ele>406.8</ele></rtept><rtept lat="28.81509" lon="121.07912"><ele>406.4</ele></rtept><rtept lat="28.815087" lon="121.079077"><ele>405.8</ele></rtept><rtept lat="28.815087" lon="121.079032"><ele>405.2</ele></rtept><rtept lat="28.815092" lon="121.078987"><ele>404.8</ele></rtept><rtept lat="28.815095" lon="121.078942"><ele>404.6</ele></rtept><rtept lat="28.815092" lon="121.078895"><ele>404.2</ele></rtept><rtept lat="28.815095" lon="121.07885"><ele>404.0</ele></rtept><rtept lat="28.815095" lon="121.078805"><ele>403.8</ele></rtept><rtept lat="28.815097" lon="121.07876"><ele>403.6</ele></rtept><rtept lat="28.815092" lon="121.078717"><ele>403.4</ele></rtept><rtept lat="28.815087" lon="121.078675"><ele>403.0</ele></rtept><rtept lat="28.81508" lon="121.078637"><ele>403.0</ele></rtept><rtept lat="28.815067" lon="121.078602"><ele>403.2</ele></rtept><rtept lat="28.815052" lon="121.078567"><ele>403.4</ele></rtept><rtept lat="28.815032" lon="121.078535"><ele>402.8</ele></rtept><rtept lat="28.815012" lon="121.078507"><ele>402.8</ele></rtept><rtept lat="28.81499" lon="121.07848"><ele>402.6</ele></rtept><rtept lat="28.814962" lon="121.078452"><ele>402.4</ele></rtept><rtept lat="28.814935" lon="121.078425"><ele>402.4</ele></rtept><rtept lat="28.814907" lon="121.0784"><ele>402.4</ele></rtept><rtept lat="28.814877" lon="121.078377"><ele>402.6</ele></rtept><rtept lat="28.814847" lon="121.078362"><ele>402.4</ele></rtept><rtept lat="28.814812" lon="121.07835"><ele>402.4</ele></rtept><rtept lat="28.814777" lon="121.078347"><ele>402.6</ele></rtept><rtept lat="28.81474" lon="121.07834"><ele>402.6</ele></rtept><rtept lat="28.814702" lon="121.078337"><ele>402.4</ele></rtept><rtept lat="28.814662" lon="121.07834"><ele>401.6</ele></rtept><rtept lat="28.814625" lon="121.078345"><ele>401.8</ele></rtept><rtept lat="28.814582" lon="121.078347"><ele>401.8</ele></rtept><rtept lat="28.814545" lon="121.078355"><ele>401.6</ele></rtept><rtept lat="28.814502" lon="121.07836"><ele>401.2</ele></rtept><rtept lat="28.814462" lon="121.078367"><ele>400.8</ele></rtept><rtept lat="28.81442" lon="121.078372"><ele>400.6</ele></rtept><rtept lat="28.814377" lon="121.07838"><ele>400.2</ele></rtept><rtept lat="28.814335" lon="121.078382"><ele>399.4</ele></rtept><rtept lat="28.814292" lon="121.078382"><ele>398.8</ele></rtept><rtept lat="28.814252" lon="121.078385"><ele>398.2</ele></rtept><rtept lat="28.814212" lon="121.07839"><ele>397.8</ele></rtept><rtept lat="28.814172" lon="121.078402"><ele>397.0</ele></rtept><rtept lat="28.814132" lon="121.078417"><ele>396.6</ele></rtept><rtept lat="28.814097" lon="121.078435"><ele>395.8</ele></rtept><rtept lat="28.81406" lon="121.07846"><ele>395.8</ele></rtept><rtept lat="28.814027" lon="121.078485"><ele>395.6</ele></rtept><rtept lat="28.813992" lon="121.078512"><ele>395.0</ele></rtept><rtept lat="28.813962" lon="121.07854"><ele>393.6</ele></rtept><rtept lat="28.813927" lon="121.07857"><ele>393.8</ele></rtept><rtept lat="28.813897" lon="121.078602"><ele>393.2</ele></rtept><rtept lat="28.813867" lon="121.078632"><ele>392.8</ele></rtept><rtept lat="28.813835" lon="121.078665"><ele>392.0</ele></rtept><rtept lat="28.813802" lon="121.078697"><ele>391.8</ele></rtept><rtept lat="28.813762" lon="121.078722"><ele>391.4</ele></rtept><rtept lat="28.81372" lon="121.078727"><ele>390.6</ele></rtept><rtept lat="28.813675" lon="121.078722"><ele>390.6</ele></rtept><rtept lat="28.813632" lon="121.0787"><ele>390.6</ele></rtept><rtept lat="28.813592" lon="121.078672"><ele>388.8</ele></rtept><rtept lat="28.813557" lon="121.078642"><ele>388.0</ele></rtept><rtept lat="28.81352" lon="121.078612"><ele>387.0</ele></rtept><rtept lat="28.813487" lon="121.078582"><ele>386.6</ele></rtept><rtept lat="28.813455" lon="121.078557"><ele>386.0</ele></rtept><rtept lat="28.813422" lon="121.078525"><ele>386.0</ele></rtept><rtept lat="28.81339" lon="121.078495"><ele>385.8</ele></rtept><rtept lat="28.813352" lon="121.07847"><ele>385.4</ele></rtept><rtept lat="28.813315" lon="121.078455"><ele>384.4</ele></rtept><rtept lat="28.813277" lon="121.078442"><ele>384.4</ele></rtept><rtept lat="28.81324" lon="121.078435"><ele>384.0</ele></rtept><rtept lat="28.813202" lon="121.078422"><ele>383.6</ele></rtept><rtept lat="28.813162" lon="121.078405"><ele>383.0</ele></rtept><rtept lat="28.81313" lon="121.078382"><ele>382.8</ele></rtept><rtept lat="28.813097" lon="121.078352"><ele>382.0</ele></rtept><rtept lat="28.813067" lon="121.078322"><ele>381.4</ele></rtept><rtept lat="28.813035" lon="121.078292"><ele>381.0</ele></rtept><rtept lat="28.813007" lon="121.078262"><ele>380.8</ele></rtept><rtept lat="28.812972" lon="121.078232"><ele>380.4</ele></rtept><rtept lat="28.812942" lon="121.078197"><ele>380.0</ele></rtept><rtept lat="28.812912" lon="121.07816"><ele>379.0</ele></rtept><rtept lat="28.812882" lon="121.078122"><ele>379.0</ele></rtept><rtept lat="28.812855" lon="121.07808"><ele>378.4</ele></rtept><rtept lat="28.81283" lon="121.078032"><ele>377.8</ele></rtept><rtept lat="28.812807" lon="121.077987"><ele>377.0</ele></rtept><rtept lat="28.812795" lon="121.077932"><ele>376.2</ele></rtept><rtept lat="28.812792" lon="121.077882"><ele>375.6</ele></rtept><rtept lat="28.812797" lon="121.077827"><ele>375.2</ele></rtept><rtept lat="28.812807" lon="121.077782"><ele>375.4</ele></rtept><rtept lat="28.812822" lon="121.077735"><ele>374.6</ele></rtept><rtept lat="28.812835" lon="121.07769"><ele>374.0</ele></rtept><rtept lat="28.812845" lon="121.077642"><ele>373.4</ele></rtept><rtept lat="28.81285" lon="121.077597"><ele>373.4</ele></rtept><rtept lat="28.812852" lon="121.077547"><ele>372.8</ele></rtept><rtept lat="28.81285" lon="121.077502"><ele>372.6</ele></rtept><rtept lat="28.81284" lon="121.077455"><ele>372.2</ele></rtept><rtept lat="28.812822" lon="121.077412"><ele>371.8</ele></rtept><rtept lat="28.8128" lon="121.077382"><ele>371.6</ele></rtept><rtept lat="28.812772" lon="121.07735"><ele>371.4</ele></rtept><rtept lat="28.812742" lon="121.077322"><ele>371.2</ele></rtept><rtept lat="28.812712" lon="121.077282"><ele>370.8</ele></rtept><rtept lat="28.81269" lon="121.077242"><ele>370.6</ele></rtept><rtept lat="28.812672" lon="121.077197"><ele>370.6</ele></rtept><rtept lat="28.812662" lon="121.077152"><ele>370.2</ele></rtept><rtept lat="28.812662" lon="121.077105"><ele>369.8</ele></rtept><rtept lat="28.812667" lon="121.077057"><ele>369.8</ele></rtept><rtept lat="28.812672" lon="121.077012"><ele>369.4</ele></rtept><rtept lat="28.81268" lon="121.076967"><ele>369.2</ele></rtept><rtept lat="28.812683" lon="121.076927"><ele>369.0</ele></rtept><rtept lat="28.812683" lon="121.07688"><ele>369.2</ele></rtept><rtept lat="28.812682" lon="121.076837"><ele>369.0</ele></rtept><rtept lat="28.812672" lon="121.0768"><ele>369.0</ele></rtept><rtept lat="28.812657" lon="121.076762"><ele>369.0</ele></rtept><rtept lat="28.81264" lon="121.076727"><ele>369.0</ele></rtept><rtept lat="28.812622" lon="121.076692"><ele>368.8</ele></rtept><rtept lat="28.812612" lon="121.076652"><ele>368.8</ele></rtept><rtept lat="28.812602" lon="121.076612"><ele>368.8</ele></rtept><rtept lat="28.812595" lon="121.076572"><ele>368.8</ele></rtept><rtept lat="28.812585" lon="121.076532"><ele>368.4</ele></rtept><rtept lat="28.812572" lon="121.076492"><ele>368.0</ele></rtept><rtept lat="28.812562" lon="121.07645"><ele>368.0</ele></rtept><rtept lat="28.812552" lon="121.076407"><ele>368.2</ele></rtept><rtept lat="28.812532" lon="121.07637"><ele>368.4</ele></rtept><rtept lat="28.812515" lon="121.076332"><ele>368.6</ele></rtept><rtept lat="28.812497" lon="121.076302"><ele>368.6</ele></rtept><rtept lat="28.812477" lon="121.07628"><ele>368.4</ele></rtept><rtept lat="28.812447" lon="121.076262"><ele>368.4</ele></rtept><rtept lat="28.81242" lon="121.076247"><ele>368.6</ele></rtept><rtept lat="28.812387" lon="121.076237"><ele>368.6</ele></rtept><rtept lat="28.812357" lon="121.07623"><ele>368.6</ele></rtept><rtept lat="28.812325" lon="121.076217"><ele>368.6</ele></rtept><rtept lat="28.812292" lon="121.076207"><ele>368.4</ele></rtept><rtept lat="28.81226" lon="121.076197"><ele>368.4</ele></rtept><rtept lat="28.812227" lon="121.076192"><ele>368.2</ele></rtept><rtept lat="28.812192" lon="121.07619"><ele>368.2</ele></rtept><rtept lat="28.812162" lon="121.076187"><ele>368.2</ele></rtept><rtept lat="28.81213" lon="121.076185"><ele>368.4</ele></rtept><rtept lat="28.8121" lon="121.076182"><ele>368.4</ele></rtept><rtept lat="28.812065" lon="121.076177"><ele>368.2</ele></rtept><rtept lat="28.812032" lon="121.076167"><ele>368.2</ele></rtept><rtept lat="28.811997" lon="121.07615"><ele>368.2</ele></rtept><rtept lat="28.811965" lon="121.076132"><ele>368.2</ele></rtept><rtept lat="28.811932" lon="121.076112"><ele>368.2</ele></rtept><rtept lat="28.811902" lon="121.076087"><ele>368.2</ele></rtept><rtept lat="28.81187" lon="121.07607"><ele>368.2</ele></rtept><rtept lat="28.811837" lon="121.076062"><ele>368.2</ele></rtept><rtept lat="28.811802" lon="121.076062"><ele>368.2</ele></rtept><rtept lat="28.811772" lon="121.07608"><ele>367.6</ele></rtept><rtept lat="28.81175" lon="121.076102"><ele>367.6</ele></rtept><rtept lat="28.811737" lon="121.076137"><ele>367.4</ele></rtept><rtept lat="28.81173" lon="121.076177"><ele>367.0</ele></rtept><rtept lat="28.811727" lon="121.076215"><ele>366.6</ele></rtept><rtept lat="28.811722" lon="121.076255"><ele>366.6</ele></rtept><rtept lat="28.811717" lon="121.076297"><ele>366.6</ele></rtept><rtept lat="28.811707" lon="121.076337"><ele>366.2</ele></rtept><rtept lat="28.811692" lon="121.07638"><ele>365.8</ele></rtept><rtept lat="28.811672" lon="121.076417"><ele>365.2</ele></rtept><rtept lat="28.81165" lon="121.076457"><ele>364.6</ele></rtept><rtept lat="28.81163" lon="121.076492"><ele>364.6</ele></rtept><rtept lat="28.811612" lon="121.076535"><ele>364.4</ele></rtept><rtept lat="28.811587" lon="121.076617"><ele>364.4</ele></rtept><rtept lat="28.811587" lon="121.076662"><ele>363.8</ele></rtept><rtept lat="28.81159" lon="121.07671"><ele>363.4</ele></rtept><rtept lat="28.811597" lon="121.076755"><ele>363.0</ele></rtept><rtept lat="28.811602" lon="121.0768"><ele>362.6</ele></rtept><rtept lat="28.811607" lon="121.076842"><ele>362.6</ele></rtept><rtept lat="28.811617" lon="121.076887"><ele>362.6</ele></rtept><rtept lat="28.811625" lon="121.076932"><ele>362.4</ele></rtept><rtept lat="28.811635" lon="121.076975"><ele>362.0</ele></rtept><rtept lat="28.811645" lon="121.077017"><ele>361.4</ele></rtept><rtept lat="28.811657" lon="121.07706"><ele>361.4</ele></rtept><rtept lat="28.811662" lon="121.077102"><ele>360.6</ele></rtept><rtept lat="28.811672" lon="121.077147"><ele>360.6</ele></rtept><rtept lat="28.81168" lon="121.077192"><ele>360.6</ele></rtept><rtept lat="28.811687" lon="121.077237"><ele>360.4</ele></rtept><rtept lat="28.811692" lon="121.077285"><ele>359.8</ele></rtept><rtept lat="28.811692" lon="121.077332"><ele>359.4</ele></rtept><rtept lat="28.811685" lon="121.077375"><ele>359.0</ele></rtept><rtept lat="28.811675" lon="121.07742"><ele>358.8</ele></rtept><rtept lat="28.811662" lon="121.077457"><ele>358.2</ele></rtept><rtept lat="28.811647" lon="121.077497"><ele>357.2</ele></rtept><rtept lat="28.811632" lon="121.077537"><ele>356.8</ele></rtept><rtept lat="28.811615" lon="121.07758"><ele>356.0</ele></rtept><rtept lat="28.811597" lon="121.077617"><ele>355.4</ele></rtept><rtept lat="28.811572" lon="121.077655"><ele>354.8</ele></rtept><rtept lat="28.81154" lon="121.077687"><ele>354.2</ele></rtept><rtept lat="28.811497" lon="121.077707"><ele>353.6</ele></rtept><rtept lat="28.811457" lon="121.077707"><ele>353.6</ele></rtept><rtept lat="28.811417" lon="121.077692"><ele>352.2</ele></rtept><rtept lat="28.811382" lon="121.077667"><ele>352.2</ele></rtept><rtept lat="28.811352" lon="121.077637"><ele>351.0</ele></rtept><rtept lat="28.811327" lon="121.077602"><ele>350.6</ele></rtept><rtept lat="28.811307" lon="121.077562"><ele>350.0</ele></rtept><rtept lat="28.811287" lon="121.077522"><ele>349.4</ele></rtept><rtept lat="28.811275" lon="121.077482"><ele>349.2</ele></rtept><rtept lat="28.81126" lon="121.077445"><ele>349.2</ele></rtept><rtept lat="28.81124" lon="121.077412"><ele>349.0</ele></rtept><rtept lat="28.811217" lon="121.077377"><ele>348.2</ele></rtept><rtept lat="28.811192" lon="121.077347"><ele>348.2</ele></rtept><rtept lat="28.811163" lon="121.077322"><ele>347.0</ele></rtept><rtept lat="28.811137" lon="121.077303"><ele>347.0</ele></rtept><rtept lat="28.811107" lon="121.077292"><ele>346.0</ele></rtept><rtept lat="28.811085" lon="121.077282"><ele>345.4</ele></rtept><rtept lat="28.811062" lon="121.077277"><ele>345.4</ele></rtept><rtept lat="28.811045" lon="121.077267"><ele>345.6</ele></rtept><rtept lat="28.811027" lon="121.07726"><ele>345.8</ele></rtept><rtept lat="28.810995" lon="121.07725"><ele>346.4</ele></rtept><rtept lat="28.810973" lon="121.077242"><ele>346.8</ele></rtept><rtept lat="28.810938" lon="121.077237"><ele>347.6</ele></rtept><rtept lat="28.810907" lon="121.07724"><ele>348.8</ele></rtept><rtept lat="28.810892" lon="121.077247"><ele>349.4</ele></rtept><rtept lat="28.810872" lon="121.077257"><ele>349.6</ele></rtept><rtept lat="28.810855" lon="121.077272"><ele>350.0</ele></rtept><rtept lat="28.810837" lon="121.077287"><ele>350.0</ele></rtept><rtept lat="28.81082" lon="121.077302"><ele>350.6</ele></rtept><rtept lat="28.810807" lon="121.077317"><ele>350.6</ele></rtept><rtept lat="28.810792" lon="121.077337"><ele>350.8</ele></rtept><rtept lat="28.810775" lon="121.07735"><ele>350.8</ele></rtept><rtept lat="28.81076" lon="121.077367"><ele>351.4</ele></rtept><rtept lat="28.810742" lon="121.077402"><ele>351.8</ele></rtept><rtept lat="28.810722" lon="121.077437"><ele>352.4</ele></rtept><rtept lat="28.810717" lon="121.077457"><ele>352.8</ele></rtept><rtept lat="28.810707" lon="121.077497"><ele>353.0</ele></rtept><rtept lat="28.8107" lon="121.077517"><ele>353.4</ele></rtept><rtept lat="28.810685" lon="121.077535"><ele>353.4</ele></rtept><rtept lat="28.810667" lon="121.077547"><ele>353.8</ele></rtept><rtept lat="28.810647" lon="121.07755"><ele>354.0</ele></rtept><rtept lat="28.810625" lon="121.077547"><ele>354.4</ele></rtept><rtept lat="28.810602" lon="121.077537"><ele>354.4</ele></rtept><rtept lat="28.810582" lon="121.077527"><ele>355.0</ele></rtept><rtept lat="28.810567" lon="121.077512"><ele>355.0</ele></rtept><rtept lat="28.81055" lon="121.077497"><ele>355.2</ele></rtept><rtept lat="28.810527" lon="121.077482"><ele>355.2</ele></rtept><rtept lat="28.810512" lon="121.077465"><ele>355.4</ele></rtept><rtept lat="28.810495" lon="121.07745"><ele>355.6</ele></rtept><rtept lat="28.810477" lon="121.077432"><ele>356.0</ele></rtept><rtept lat="28.810457" lon="121.07742"><ele>356.0</ele></rtept><rtept lat="28.810437" lon="121.077412"><ele>356.2</ele></rtept><rtept lat="28.810417" lon="121.07741"><ele>356.4</ele></rtept><rtept lat="28.810392" lon="121.077407"><ele>357.0</ele></rtept><rtept lat="28.810375" lon="121.077407"><ele>357.2</ele></rtept><rtept lat="28.810342" lon="121.077417"><ele>357.6</ele></rtept><rtept lat="28.810327" lon="121.077432"><ele>357.6</ele></rtept><rtept lat="28.810312" lon="121.077447"><ele>358.2</ele></rtept><rtept lat="28.810295" lon="121.077482"><ele>358.8</ele></rtept><rtept lat="28.81028" lon="121.07752"><ele>359.0</ele></rtept><rtept lat="28.810262" lon="121.077552"><ele>359.4</ele></rtept><rtept lat="28.810242" lon="121.077577"><ele>360.2</ele></rtept><rtept lat="28.810227" lon="121.07759"><ele>361.6</ele></rtept><rtept lat="28.810192" lon="121.077595"><ele>361.8</ele></rtept><rtept lat="28.810175" lon="121.077587"><ele>361.8</ele></rtept><rtept lat="28.810162" lon="121.077567"><ele>362.0</ele></rtept><rtept lat="28.810152" lon="121.077547"><ele>362.4</ele></rtept><rtept lat="28.81015" lon="121.077522"><ele>362.6</ele></rtept><rtept lat="28.810157" lon="121.0775"><ele>362.6</ele></rtept><rtept lat="28.810165" lon="121.07748"><ele>362.6</ele></rtept><rtept lat="28.810175" lon="121.077457"><ele>362.8</ele></rtept><rtept lat="28.810182" lon="121.077437"><ele>363.2</ele></rtept><rtept lat="28.81019" lon="121.077417"><ele>363.6</ele></rtept><rtept lat="28.810195" lon="121.077395"><ele>363.8</ele></rtept><rtept lat="28.8102" lon="121.077375"><ele>363.8</ele></rtept><rtept lat="28.810205" lon="121.077352"><ele>364.2</ele></rtept><rtept lat="28.81022" lon="121.077317"><ele>364.8</ele></rtept><rtept lat="28.810227" lon="121.077282"><ele>365.6</ele></rtept><rtept lat="28.810237" lon="121.077242"><ele>365.8</ele></rtept><rtept lat="28.810247" lon="121.077218"><ele>366.4</ele></rtept><rtept lat="28.810257" lon="121.077202"><ele>366.6</ele></rtept><rtept lat="28.810282" lon="121.077172"><ele>367.4</ele></rtept><rtept lat="28.8103" lon="121.07716"><ele>367.8</ele></rtept><rtept lat="28.810317" lon="121.077147"><ele>367.8</ele></rtept><rtept lat="28.810352" lon="121.07713"><ele>368.2</ele></rtept><rtept lat="28.810368" lon="121.077122"><ele>368.4</ele></rtept><rtept lat="28.810392" lon="121.077112"><ele>368.8</ele></rtept><rtept lat="28.81041" lon="121.077102"><ele>368.8</ele></rtept><rtept lat="28.81043" lon="121.07709"><ele>368.8</ele></rtept><rtept lat="28.810442" lon="121.077072"><ele>368.8</ele></rtept><rtept lat="28.810457" lon="121.077057"><ele>369.4</ele></rtept><rtept lat="28.810467" lon="121.077037"><ele>369.6</ele></rtept><rtept lat="28.810472" lon="121.077012"><ele>369.8</ele></rtept><rtept lat="28.810475" lon="121.076992"><ele>369.8</ele></rtept><rtept lat="28.810477" lon="121.07695"><ele>370.2</ele></rtept><rtept lat="28.81048" lon="121.076922"><ele>370.8</ele></rtept><rtept lat="28.810482" lon="121.076902"><ele>371.4</ele></rtept><rtept lat="28.810492" lon="121.076862"><ele>371.6</ele></rtept><rtept lat="28.810492" lon="121.07684"><ele>371.8</ele></rtept><rtept lat="28.810497" lon="121.07682"><ele>372.0</ele></rtept><rtept lat="28.810515" lon="121.076785"><ele>372.8</ele></rtept><rtept lat="28.810527" lon="121.076767"><ele>373.0</ele></rtept><rtept lat="28.810542" lon="121.076752"><ele>373.2</ele></rtept><rtept lat="28.810557" lon="121.076737"><ele>374.2</ele></rtept><rtept lat="28.810577" lon="121.076727"><ele>374.2</ele></rtept><rtept lat="28.810592" lon="121.076712"><ele>374.2</ele></rtept><rtept lat="28.810612" lon="121.076702"><ele>374.4</ele></rtept><rtept lat="28.810647" lon="121.076687"><ele>374.8</ele></rtept><rtept lat="28.810662" lon="121.076672"><ele>375.4</ele></rtept><rtept lat="28.810675" lon="121.076657"><ele>375.4</ele></rtept><rtept lat="28.810692" lon="121.076645"><ele>375.4</ele></rtept><rtept lat="28.810707" lon="121.076632"><ele>376.2</ele></rtept><rtept lat="28.810735" lon="121.076602"><ele>376.4</ele></rtept><rtept lat="28.810748" lon="121.076587"><ele>376.4</ele></rtept><rtept lat="28.810765" lon="121.07657"><ele>376.8</ele></rtept><rtept lat="28.810777" lon="121.076557"><ele>377.8</ele></rtept><rtept lat="28.810792" lon="121.076547"><ele>377.8</ele></rtept><rtept lat="28.81081" lon="121.076537"><ele>378.0</ele></rtept><rtept lat="28.810842" lon="121.076517"><ele>378.4</ele></rtept><rtept lat="28.81087" lon="121.0765"><ele>378.8</ele></rtept><rtept lat="28.810897" lon="121.076482"><ele>379.4</ele></rtept><rtept lat="28.810922" lon="121.076455"><ele>379.8</ele></rtept><rtept lat="28.810935" lon="121.076437"><ele>380.2</ele></rtept><rtept lat="28.81096" lon="121.076403"><ele>380.6</ele></rtept><rtept lat="28.810972" lon="121.076387"><ele>380.8</ele></rtept><rtept lat="28.81099" lon="121.076377"><ele>380.8</ele></rtept><rtept lat="28.811007" lon="121.076367"><ele>381.2</ele></rtept><rtept lat="28.81104" lon="121.076352"><ele>382.0</ele></rtept><rtept lat="28.811055" lon="121.076337"><ele>382.0</ele></rtept><rtept lat="28.811072" lon="121.07633"><ele>382.6</ele></rtept><rtept lat="28.811102" lon="121.076315"><ele>383.0</ele></rtept><rtept lat="28.811132" lon="121.0763"><ele>383.6</ele></rtept><rtept lat="28.81115" lon="121.07629"><ele>384.4</ele></rtept><rtept lat="28.811175" lon="121.07626"><ele>384.8</ele></rtept><rtept lat="28.811187" lon="121.076242"><ele>384.8</ele></rtept><rtept lat="28.811205" lon="121.076212"><ele>385.0</ele></rtept><rtept lat="28.81122" lon="121.076182"><ele>385.8</ele></rtept><rtept lat="28.811235" lon="121.076147"><ele>386.2</ele></rtept><rtept lat="28.811252" lon="121.076112"><ele>386.8</ele></rtept><rtept lat="28.811267" lon="121.076082"><ele>387.4</ele></rtept><rtept lat="28.811277" lon="121.076047"><ele>388.4</ele></rtept><rtept lat="28.811285" lon="121.076012"><ele>388.8</ele></rtept><rtept lat="28.811297" lon="121.07598"><ele>389.4</ele></rtept><rtept lat="28.811307" lon="121.075947"><ele>390.2</ele></rtept><rtept lat="28.811322" lon="121.075915"><ele>390.6</ele></rtept><rtept lat="28.811332" lon="121.075885"><ele>391.0</ele></rtept><rtept lat="28.811342" lon="121.075857"><ele>391.8</ele></rtept><rtept lat="28.811357" lon="121.075827"><ele>392.0</ele></rtept><rtept lat="28.811367" lon="121.075797"><ele>392.8</ele></rtept><rtept lat="28.811375" lon="121.075767"><ele>393.2</ele></rtept><rtept lat="28.811382" lon="121.075728"><ele>393.6</ele></rtept><rtept lat="28.811392" lon="121.075702"><ele>394.2</ele></rtept><rtept lat="28.811407" lon="121.07567"><ele>395.4</ele></rtept><rtept lat="28.811407" lon="121.07564"><ele>396.0</ele></rtept><rtept lat="28.81141" lon="121.075607"><ele>396.6</ele></rtept><rtept lat="28.811415" lon="121.075575"><ele>397.8</ele></rtept><rtept lat="28.811417" lon="121.075552"><ele>397.8</ele></rtept><rtept lat="28.811417" lon="121.075517"><ele>398.4</ele></rtept><rtept lat="28.811422" lon="121.075492"><ele>399.0</ele></rtept><rtept lat="28.81143" lon="121.07546"><ele>399.2</ele></rtept><rtept lat="28.811442" lon="121.07543"><ele>399.4</ele></rtept><rtept lat="28.811452" lon="121.075392"><ele>400.2</ele></rtept><rtept lat="28.811465" lon="121.075362"><ele>401.0</ele></rtept><rtept lat="28.811485" lon="121.075337"><ele>401.0</ele></rtept><rtept lat="28.811502" lon="121.075325"><ele>401.6</ele></rtept><rtept lat="28.811515" lon="121.075307"><ele>401.6</ele></rtept><rtept lat="28.811532" lon="121.075295"><ele>402.0</ele></rtept><rtept lat="28.811552" lon="121.07527"><ele>402.6</ele></rtept><rtept lat="28.81157" lon="121.075257"><ele>403.0</ele></rtept><rtept lat="28.8116" lon="121.075247"><ele>403.8</ele></rtept><rtept lat="28.811622" lon="121.075242"><ele>404.2</ele></rtept><rtept lat="28.81164" lon="121.07524"><ele>404.2</ele></rtept><rtept lat="28.81166" lon="121.075237"><ele>404.4</ele></rtept><rtept lat="28.811682" lon="121.075232"><ele>404.6</ele></rtept><rtept lat="28.811702" lon="121.075227"><ele>405.2</ele></rtept><rtept lat="28.81174" lon="121.075217"><ele>406.0</ele></rtept><rtept lat="28.811757" lon="121.075217"><ele>406.0</ele></rtept><rtept lat="28.811777" lon="121.075217"><ele>406.0</ele></rtept><rtept lat="28.8118" lon="121.075215"><ele>406.6</ele></rtept><rtept lat="28.811822" lon="121.075212"><ele>406.8</ele></rtept><rtept lat="28.81186" lon="121.075215"><ele>407.6</ele></rtept><rtept lat="28.811882" lon="121.075222"><ele>407.8</ele></rtept><rtept lat="28.811902" lon="121.075222"><ele>408.2</ele></rtept><rtept lat="28.811922" lon="121.075227"><ele>408.2</ele></rtept><rtept lat="28.811945" lon="121.075232"><ele>408.2</ele></rtept><rtept lat="28.811962" lon="121.075232"><ele>408.8</ele></rtept><rtept lat="28.811992" lon="121.075217"><ele>409.2</ele></rtept><rtept lat="28.81201" lon="121.075192"><ele>409.6</ele></rtept><rtept lat="28.812022" lon="121.075152"><ele>410.2</ele></rtept><rtept lat="28.812022" lon="121.075112"><ele>411.0</ele></rtept><rtept lat="28.812032" lon="121.075077"><ele>411.4</ele></rtept><rtept lat="28.812037" lon="121.075035"><ele>411.8</ele></rtept><rtept lat="28.812042" lon="121.074995"><ele>412.6</ele></rtept><rtept lat="28.812047" lon="121.074975"><ele>413.0</ele></rtept><rtept lat="28.812052" lon="121.074955"><ele>413.0</ele></rtept><rtept lat="28.812057" lon="121.074932"><ele>413.2</ele></rtept><rtept lat="28.812062" lon="121.074912"><ele>413.6</ele></rtept><rtept lat="28.812067" lon="121.07489"><ele>413.6</ele></rtept><rtept lat="28.81207" lon="121.074865"><ele>414.0</ele></rtept><rtept lat="28.812075" lon="121.074827"><ele>414.6</ele></rtept><rtept lat="28.812077" lon="121.074802"><ele>415.0</ele></rtept><rtept lat="28.812082" lon="121.074777"><ele>415.4</ele></rtept><rtept lat="28.812087" lon="121.074757"><ele>415.8</ele></rtept><rtept lat="28.8121" lon="121.074742"><ele>415.8</ele></rtept><rtept lat="28.812112" lon="121.074725"><ele>416.2</ele></rtept><rtept lat="28.81214" lon="121.074697"><ele>416.6</ele></rtept><rtept lat="28.812152" lon="121.07468"><ele>416.8</ele></rtept><rtept lat="28.81217" lon="121.074665"><ele>417.0</ele></rtept><rtept lat="28.812187" lon="121.074652"><ele>417.4</ele></rtept><rtept lat="28.812205" lon="121.074642"><ele>417.6</ele></rtept><rtept lat="28.812237" lon="121.074632"><ele>418.4</ele></rtept><rtept lat="28.812257" lon="121.074627"><ele>418.4</ele></rtept><rtept lat="28.812277" lon="121.074627"><ele>418.6</ele></rtept><rtept lat="28.812295" lon="121.074627"><ele>419.0</ele></rtept><rtept lat="28.812317" lon="121.074627"><ele>419.0</ele></rtept><rtept lat="28.812335" lon="121.074637"><ele>419.4</ele></rtept><rtept lat="28.812352" lon="121.074647"><ele>419.4</ele></rtept><rtept lat="28.812372" lon="121.074662"><ele>419.4</ele></rtept><rtept lat="28.81239" lon="121.074677"><ele>419.4</ele></rtept><rtept lat="28.812405" lon="121.074695"><ele>419.6</ele></rtept><rtept lat="28.812417" lon="121.074712"><ele>420.0</ele></rtept><rtept lat="28.812432" lon="121.074727"><ele>420.6</ele></rtept><rtept lat="28.812447" lon="121.074742"><ele>421.0</ele></rtept><rtept lat="28.812462" lon="121.074755"><ele>421.2</ele></rtept><rtept lat="28.812482" lon="121.074765"><ele>421.4</ele></rtept><rtept lat="28.812497" lon="121.074772"><ele>421.4</ele></rtept><rtept lat="28.812517" lon="121.074782"><ele>421.6</ele></rtept><rtept lat="28.812537" lon="121.074792"><ele>422.2</ele></rtept><rtept lat="28.81257" lon="121.074812"><ele>422.8</ele></rtept><rtept lat="28.8126" lon="121.074832"><ele>423.2</ele></rtept><rtept lat="28.812617" lon="121.074845"><ele>423.6</ele></rtept><rtept lat="28.812635" lon="121.07485"><ele>423.6</ele></rtept><rtept lat="28.812652" lon="121.074847"><ele>423.6</ele></rtept><rtept lat="28.812677" lon="121.074817"><ele>424.0</ele></rtept><rtept lat="28.812662" lon="121.074782"><ele>424.2</ele></rtept><rtept lat="28.812647" lon="121.074765"><ele>424.6</ele></rtept><rtept lat="28.81263" lon="121.074752"><ele>425.2</ele></rtept><rtept lat="28.812612" lon="121.074732"><ele>425.2</ele></rtept><rtept lat="28.812595" lon="121.074717"><ele>425.2</ele></rtept><rtept lat="28.812577" lon="121.0747"><ele>425.4</ele></rtept><rtept lat="28.812557" lon="121.074685"><ele>426.0</ele></rtept><rtept lat="28.812542" lon="121.074665"><ele>426.4</ele></rtept><rtept lat="28.812528" lon="121.074645"><ele>426.4</ele></rtept><rtept lat="28.812517" lon="121.074627"><ele>427.0</ele></rtept><rtept lat="28.81251" lon="121.074607"><ele>427.2</ele></rtept><rtept lat="28.812505" lon="121.074565"><ele>427.4</ele></rtept><rtept lat="28.812512" lon="121.074532"><ele>427.6</ele></rtept><rtept lat="28.812517" lon="121.07451"><ele>428.0</ele></rtept><rtept lat="28.812527" lon="121.07449"><ele>428.6</ele></rtept><rtept lat="28.81254" lon="121.074472"><ele>428.8</ele></rtept><rtept lat="28.81255" lon="121.074455"><ele>429.0</ele></rtept><rtept lat="28.81256" lon="121.074437"><ele>429.4</ele></rtept><rtept lat="28.812575" lon="121.074422"><ele>429.6</ele></rtept><rtept lat="28.812592" lon="121.074407"><ele>429.6</ele></rtept><rtept lat="28.81261" lon="121.074402"><ele>430.0</ele></rtept><rtept lat="28.812645" lon="121.074385"><ele>430.6</ele></rtept><rtept lat="28.812662" lon="121.074377"><ele>431.0</ele></rtept><rtept lat="28.812697" lon="121.074372"><ele>431.2</ele></rtept><rtept lat="28.812717" lon="121.074367"><ele>431.8</ele></rtept><rtept lat="28.812747" lon="121.074352"><ele>431.8</ele></rtept><rtept lat="28.812777" lon="121.074337"><ele>432.8</ele></rtept><rtept lat="28.812797" lon="121.074327"><ele>432.8</ele></rtept><rtept lat="28.812812" lon="121.07431"><ele>433.0</ele></rtept><rtept lat="28.81284" lon="121.074282"><ele>433.4</ele></rtept><rtept lat="28.812852" lon="121.074267"><ele>433.6</ele></rtept><rtept lat="28.812865" lon="121.074232"><ele>434.2</ele></rtept><rtept lat="28.812872" lon="121.074212"><ele>434.6</ele></rtept><rtept lat="28.812877" lon="121.074192"><ele>435.2</ele></rtept><rtept lat="28.812885" lon="121.074172"><ele>435.6</ele></rtept><rtept lat="28.81289" lon="121.074152"><ele>435.6</ele></rtept><rtept lat="28.812892" lon="121.074127"><ele>436.0</ele></rtept><rtept lat="28.812897" lon="121.074107"><ele>436.0</ele></rtept><rtept lat="28.812902" lon="121.074082"><ele>436.4</ele></rtept><rtept lat="28.812902" lon="121.074057"><ele>436.6</ele></rtept><rtept lat="28.812908" lon="121.074037"><ele>436.6</ele></rtept><rtept lat="28.812927" lon="121.074002"><ele>437.4</ele></rtept><rtept lat="28.812937" lon="121.073982"><ele>437.6</ele></rtept><rtept lat="28.812957" lon="121.073952"><ele>438.2</ele></rtept><rtept lat="28.812967" lon="121.073932"><ele>438.4</ele></rtept><rtept lat="28.81298" lon="121.073917"><ele>438.4</ele></rtept><rtept lat="28.812995" lon="121.073898"><ele>438.4</ele></rtept><rtept lat="28.81302" lon="121.073865"><ele>438.4</ele></rtept><rtept lat="28.813032" lon="121.073847"><ele>438.4</ele></rtept><rtept lat="28.813047" lon="121.073832"><ele>438.4</ele></rtept><rtept lat="28.813057" lon="121.073812"><ele>438.4</ele></rtept><rtept lat="28.813067" lon="121.073795"><ele>439.4</ele></rtept><rtept lat="28.813077" lon="121.073777"><ele>439.4</ele></rtept><rtept lat="28.813087" lon="121.073757"><ele>439.4</ele></rtept><rtept lat="28.813097" lon="121.073737"><ele>439.8</ele></rtept><rtept lat="28.813117" lon="121.073707"><ele>441.0</ele></rtept><rtept lat="28.813142" lon="121.073682"><ele>441.6</ele></rtept><rtept lat="28.81316" lon="121.07365"><ele>442.0</ele></rtept><rtept lat="28.813175" lon="121.073612"><ele>442.6</ele></rtept><rtept lat="28.813187" lon="121.073577"><ele>443.6</ele></rtept><rtept lat="28.813192" lon="121.073557"><ele>444.0</ele></rtept><rtept lat="28.813202" lon="121.073522"><ele>445.4</ele></rtept><rtept lat="28.813212" lon="121.07349"><ele>446.0</ele></rtept><rtept lat="28.81322" lon="121.073457"><ele>446.2</ele></rtept><rtept lat="28.813227" lon="121.073437"><ele>446.6</ele></rtept><rtept lat="28.813227" lon="121.073415"><ele>446.8</ele></rtept><rtept lat="28.813232" lon="121.073395"><ele>447.4</ele></rtept><rtept lat="28.813235" lon="121.073372"><ele>447.4</ele></rtept><rtept lat="28.81324" lon="121.073352"><ele>447.6</ele></rtept><rtept lat="28.813245" lon="121.073332"><ele>447.6</ele></rtept><rtept lat="28.813247" lon="121.073307"><ele>447.8</ele></rtept><rtept lat="28.813252" lon="121.07327"><ele>448.4</ele></rtept><rtept lat="28.813252" lon="121.07325"><ele>449.0</ele></rtept><rtept lat="28.81325" lon="121.073227"><ele>449.0</ele></rtept><rtept lat="28.813257" lon="121.073192"><ele>449.6</ele></rtept><rtept lat="28.813262" lon="121.07316"><ele>450.0</ele></rtept><rtept lat="28.81327" lon="121.073122"><ele>450.4</ele></rtept><rtept lat="28.813282" lon="121.073087"><ele>450.8</ele></rtept><rtept lat="28.813288" lon="121.073067"><ele>451.4</ele></rtept><rtept lat="28.813297" lon="121.07305"><ele>451.6</ele></rtept><rtept lat="28.813307" lon="121.073032"><ele>451.8</ele></rtept><rtept lat="28.813327" lon="121.072997"><ele>452.4</ele></rtept><rtept lat="28.813337" lon="121.07298"><ele>452.8</ele></rtept><rtept lat="28.813347" lon="121.072962"><ele>452.8</ele></rtept><rtept lat="28.81336" lon="121.072945"><ele>452.8</ele></rtept><rtept lat="28.813387" lon="121.07292"><ele>453.8</ele></rtept><rtept lat="28.813405" lon="121.072917"><ele>453.8</ele></rtept><rtept lat="28.813437" lon="121.072905"><ele>454.2</ele></rtept><rtept lat="28.813455" lon="121.072902"><ele>454.6</ele></rtept><rtept lat="28.813487" lon="121.07289"><ele>455.4</ele></rtept><rtept lat="28.813517" lon="121.07287"><ele>455.8</ele></rtept><rtept lat="28.813545" lon="121.072842"><ele>456.4</ele></rtept><rtept lat="28.813557" lon="121.072827"><ele>456.8</ele></rtept><rtept lat="28.813572" lon="121.0728"><ele>457.4</ele></rtept><rtept lat="28.813582" lon="121.072782"><ele>458.2</ele></rtept><rtept lat="28.8136" lon="121.072752"><ele>457.8</ele></rtept><rtept lat="28.813607" lon="121.072717"><ele>458.4</ele></rtept><rtept lat="28.813615" lon="121.072677"><ele>459.6</ele></rtept><rtept lat="28.813622" lon="121.072642"><ele>460.4</ele></rtept><rtept lat="28.81363" lon="121.072612"><ele>460.6</ele></rtept><rtept lat="28.813642" lon="121.072585"><ele>461.2</ele></rtept><rtept lat="28.813657" lon="121.072557"><ele>461.8</ele></rtept><rtept lat="28.813682" lon="121.072535"><ele>462.2</ele></rtept><rtept lat="28.813712" lon="121.072512"><ele>462.8</ele></rtept><rtept lat="28.813737" lon="121.072492"><ele>463.2</ele></rtept><rtept lat="28.813755" lon="121.072482"><ele>463.6</ele></rtept><rtept lat="28.813787" lon="121.072477"><ele>464.0</ele></rtept><rtept lat="28.813822" lon="121.072482"><ele>464.4</ele></rtept><rtept lat="28.813852" lon="121.072495"><ele>465.4</ele></rtept><rtept lat="28.813865" lon="121.072527"><ele>465.6</ele></rtept><rtept lat="28.813855" lon="121.072547"><ele>465.8</ele></rtept><rtept lat="28.813837" lon="121.07256"><ele>466.0</ele></rtept><rtept lat="28.81382" lon="121.072562"><ele>466.4</ele></rtept><rtept lat="28.813792" lon="121.072587"><ele>466.4</ele></rtept><rtept lat="28.813775" lon="121.072622"><ele>467.0</ele></rtept><rtept lat="28.813772" lon="121.072662"><ele>467.6</ele></rtept><rtept lat="28.81378" lon="121.072702"><ele>468.2</ele></rtept><rtept lat="28.813785" lon="121.072725"><ele>468.6</ele></rtept><rtept lat="28.813797" lon="121.072762"><ele>469.2</ele></rtept><rtept lat="28.813807" lon="121.07278"><ele>469.2</ele></rtept><rtept lat="28.81382" lon="121.072797"><ele>469.2</ele></rtept><rtept lat="28.813847" lon="121.07279"><ele>469.8</ele></rtept><rtept lat="28.813857" lon="121.072772"><ele>470.0</ele></rtept><rtept lat="28.813862" lon="121.07275"><ele>470.6</ele></rtept><rtept lat="28.813867" lon="121.072715"><ele>470.8</ele></rtept><rtept lat="28.813877" lon="121.072697"><ele>471.0</ele></rtept><rtept lat="28.81389" lon="121.07268"><ele>471.2</ele></rtept><rtept lat="28.813912" lon="121.072652"><ele>471.6</ele></rtept><rtept lat="28.813925" lon="121.072632"><ele>471.6</ele></rtept><rtept lat="28.813937" lon="121.072615"><ele>472.2</ele></rtept><rtept lat="28.81396" lon="121.072582"><ele>472.6</ele></rtept><rtept lat="28.813982" lon="121.072547"><ele>473.4</ele></rtept><rtept lat="28.813992" lon="121.072512"><ele>473.8</ele></rtept><rtept lat="28.813997" lon="121.072472"><ele>473.8</ele></rtept><rtept lat="28.814012" lon="121.072442"><ele>474.2</ele></rtept><rtept lat="28.814025" lon="121.072427"><ele>475.0</ele></rtept><rtept lat="28.81405" lon="121.07241"><ele>476.0</ele></rtept><rtept lat="28.814082" lon="121.072402"><ele>476.2</ele></rtept><rtept lat="28.814112" lon="121.07239"><ele>476.8</ele></rtept><rtept lat="28.814147" lon="121.072382"><ele>477.0</ele></rtept><rtept lat="28.814165" lon="121.072377"><ele>477.4</ele></rtept><rtept lat="28.814182" lon="121.07237"><ele>477.8</ele></rtept><rtept lat="28.814197" lon="121.07236"><ele>478.0</ele></rtept><rtept lat="28.814232" lon="121.072345"><ele>478.2</ele></rtept><rtept lat="28.814252" lon="121.072332"><ele>478.2</ele></rtept><rtept lat="28.814285" lon="121.072322"><ele>478.8</ele></rtept><rtept lat="28.814317" lon="121.072302"><ele>479.4</ele></rtept><rtept lat="28.814332" lon="121.07229"><ele>480.2</ele></rtept><rtept lat="28.814365" lon="121.07227"><ele>480.4</ele></rtept><rtept lat="28.814392" lon="121.072252"><ele>480.8</ele></rtept><rtept lat="28.814417" lon="121.072232"><ele>481.8</ele></rtept><rtept lat="28.814432" lon="121.072197"><ele>481.8</ele></rtept><rtept lat="28.814442" lon="121.072165"><ele>483.0</ele></rtept><rtept lat="28.814445" lon="121.072132"><ele>483.4</ele></rtept><rtept lat="28.814452" lon="121.072112"><ele>483.6</ele></rtept><rtept lat="28.814472" lon="121.072087"><ele>484.4</ele></rtept><rtept lat="28.814487" lon="121.072077"><ele>484.8</ele></rtept><rtept lat="28.814512" lon="121.072055"><ele>485.4</ele></rtept><rtept lat="28.814535" lon="121.072037"><ele>486.0</ele></rtept><rtept lat="28.814557" lon="121.072013"><ele>486.2</ele></rtept><rtept lat="28.81458" lon="121.071987"><ele>486.4</ele></rtept><rtept lat="28.8146" lon="121.071965"><ele>486.8</ele></rtept><rtept lat="28.814622" lon="121.071937"><ele>487.4</ele></rtept><rtept lat="28.814642" lon="121.071907"><ele>488.2</ele></rtept><rtept lat="28.814657" lon="121.071897"><ele>488.4</ele></rtept><rtept lat="28.814672" lon="121.071882"><ele>488.4</ele></rtept><rtept lat="28.814687" lon="121.071867"><ele>488.6</ele></rtept><rtept lat="28.814702" lon="121.071852"><ele>489.0</ele></rtept><rtept lat="28.814717" lon="121.07184"><ele>489.2</ele></rtept><rtept lat="28.814732" lon="121.071822"><ele>489.2</ele></rtept><rtept lat="28.814747" lon="121.071812"><ele>489.6</ele></rtept><rtept lat="28.814772" lon="121.071787"><ele>490.4</ele></rtept><rtept lat="28.814782" lon="121.071772"><ele>491.0</ele></rtept><rtept lat="28.814805" lon="121.071742"><ele>491.4</ele></rtept><rtept lat="28.814812" lon="121.071725"><ele>492.0</ele></rtept><rtept lat="28.814832" lon="121.071697"><ele>492.6</ele></rtept><rtept lat="28.814852" lon="121.07167"><ele>493.2</ele></rtept><rtept lat="28.814872" lon="121.071642"><ele>493.8</ele></rtept><rtept lat="28.814885" lon="121.071625"><ele>494.6</ele></rtept><rtept lat="28.814895" lon="121.071607"><ele>494.8</ele></rtept><rtept lat="28.814913" lon="121.07158"><ele>495.2</ele></rtept><rtept lat="28.814935" lon="121.071552"><ele>495.4</ele></rtept><rtept lat="28.814947" lon="121.071522"><ele>496.0</ele></rtept><rtept lat="28.814962" lon="121.071495"><ele>496.4</ele></rtept><rtept lat="28.814972" lon="121.071472"><ele>496.8</ele></rtept><rtept lat="28.814995" lon="121.071447"><ele>497.4</ele></rtept><rtept lat="28.815007" lon="121.071432"><ele>497.8</ele></rtept><rtept lat="28.815022" lon="121.071402"><ele>498.6</ele></rtept><rtept lat="28.81504" lon="121.071375"><ele>499.2</ele></rtept><rtept lat="28.815062" lon="121.071355"><ele>499.6</ele></rtept><rtept lat="28.81508" lon="121.071325"><ele>500.8</ele></rtept><rtept lat="28.815095" lon="121.071297"><ele>501.2</ele></rtept><rtept lat="28.815112" lon="121.071265"><ele>501.6</ele></rtept><rtept lat="28.81513" lon="121.071232"><ele>502.6</ele></rtept><rtept lat="28.81514" lon="121.071197"><ele>502.6</ele></rtept><rtept lat="28.815145" lon="121.071162"><ele>503.2</ele></rtept><rtept lat="28.81514" lon="121.071132"><ele>503.8</ele></rtept><rtept lat="28.815125" lon="121.071097"><ele>504.2</ele></rtept><rtept lat="28.815102" lon="121.071065"><ele>504.4</ele></rtept><rtept lat="28.81508" lon="121.071037"><ele>505.4</ele></rtept><rtept lat="28.815057" lon="121.071017"><ele>505.6</ele></rtept><rtept lat="28.815035" lon="121.070992"><ele>505.8</ele></rtept><rtept lat="28.815017" lon="121.070967"><ele>506.6</ele></rtept><rtept lat="28.815012" lon="121.070935"><ele>506.8</ele></rtept><rtept lat="28.815017" lon="121.070912"><ele>507.0</ele></rtept><rtept lat="28.815032" lon="121.070882"><ele>507.4</ele></rtept><rtept lat="28.815057" lon="121.070847"><ele>508.2</ele></rtept><rtept lat="28.815072" lon="121.070832"><ele>508.2</ele></rtept><rtept lat="28.815087" lon="121.070817"><ele>508.6</ele></rtept><rtept lat="28.815097" lon="121.070802"><ele>509.0</ele></rtept><rtept lat="28.815115" lon="121.07079"><ele>509.0</ele></rtept><rtept lat="28.815132" lon="121.070782"><ele>509.4</ele></rtept><rtept lat="28.815152" lon="121.070782"><ele>509.8</ele></rtept><rtept lat="28.815172" lon="121.070785"><ele>510.2</ele></rtept><rtept lat="28.81521" lon="121.070797"><ele>510.6</ele></rtept><rtept lat="28.815227" lon="121.07081"><ele>511.2</ele></rtept><rtept lat="28.815242" lon="121.070822"><ele>511.2</ele></rtept><rtept lat="28.815257" lon="121.07084"><ele>511.0</ele></rtept><rtept lat="28.81527" lon="121.070862"><ele>511.0</ele></rtept><rtept lat="28.815277" lon="121.070885"><ele>511.6</ele></rtept><rtept lat="28.815285" lon="121.070905"><ele>512.0</ele></rtept><rtept lat="28.81529" lon="121.070942"><ele>512.4</ele></rtept><rtept lat="28.815297" lon="121.070962"><ele>512.4</ele></rtept><rtept lat="28.815307" lon="121.070982"><ele>512.6</ele></rtept><rtept lat="28.815315" lon="121.07102"><ele>513.0</ele></rtept><rtept lat="28.815322" lon="121.07104"><ele>513.4</ele></rtept><rtept lat="28.815327" lon="121.07106"><ele>513.6</ele></rtept><rtept lat="28.815335" lon="121.07108"><ele>513.8</ele></rtept><rtept lat="28.815345" lon="121.071097"><ele>514.2</ele></rtept><rtept lat="28.815352" lon="121.071117"><ele>514.4</ele></rtept><rtept lat="28.815377" lon="121.071152"><ele>514.8</ele></rtept><rtept lat="28.815387" lon="121.071172"><ele>515.4</ele></rtept><rtept lat="28.8154" lon="121.071192"><ele>515.6</ele></rtept><rtept lat="28.815422" lon="121.071222"><ele>515.6</ele></rtept><rtept lat="28.815445" lon="121.071257"><ele>515.8</ele></rtept><rtept lat="28.815467" lon="121.071292"><ele>516.8</ele></rtept><rtept lat="28.815497" lon="121.071312"><ele>517.8</ele></rtept><rtept lat="28.815515" lon="121.071315"><ele>518.2</ele></rtept><rtept lat="28.815542" lon="121.071315"><ele>518.2</ele></rtept><rtept lat="28.81556" lon="121.071287"><ele>518.0</ele></rtept><rtept lat="28.815557" lon="121.071247"><ele>518.6</ele></rtept><rtept lat="28.81555" lon="121.071207"><ele>519.0</ele></rtept><rtept lat="28.815542" lon="121.07119"><ele>519.0</ele></rtept><rtept lat="28.815522" lon="121.071157"><ele>519.4</ele></rtept><rtept lat="28.815507" lon="121.071137"><ele>519.8</ele></rtept><rtept lat="28.81549" lon="121.071125"><ele>520.0</ele></rtept><rtept lat="28.815475" lon="121.071112"><ele>520.0</ele></rtept><rtept lat="28.815445" lon="121.071083"><ele>520.6</ele></rtept><rtept lat="28.81543" lon="121.071072"><ele>520.6</ele></rtept><rtept lat="28.815417" lon="121.071042"><ele>520.8</ele></rtept><rtept lat="28.815412" lon="121.071005"><ele>521.4</ele></rtept><rtept lat="28.815425" lon="121.070967"><ele>522.2</ele></rtept><rtept lat="28.815432" lon="121.070947"><ele>522.8</ele></rtept><rtept lat="28.815448" lon="121.070917"><ele>524.0</ele></rtept><rtept lat="28.815477" lon="121.070887"><ele>524.4</ele></rtept><rtept lat="28.815505" lon="121.070862"><ele>525.0</ele></rtept><rtept lat="28.81552" lon="121.07085"><ele>525.6</ele></rtept><rtept lat="28.815547" lon="121.070825"><ele>526.0</ele></rtept><rtept lat="28.815567" lon="121.070815"><ele>526.2</ele></rtept><rtept lat="28.815597" lon="121.070792"><ele>526.8</ele></rtept><rtept lat="28.81561" lon="121.070777"><ele>526.8</ele></rtept><rtept lat="28.815622" lon="121.070762"><ele>527.0</ele></rtept><rtept lat="28.815632" lon="121.070722"><ele>527.2</ele></rtept><rtept lat="28.815627" lon="121.070697"><ele>527.4</ele></rtept><rtept lat="28.81562" lon="121.070677"><ele>527.6</ele></rtept><rtept lat="28.815607" lon="121.070657"><ele>527.8</ele></rtept><rtept lat="28.815592" lon="121.07064"><ele>528.0</ele></rtept><rtept lat="28.81558" lon="121.070622"><ele>528.2</ele></rtept><rtept lat="28.815552" lon="121.070607"><ele>528.4</ele></rtept><rtept lat="28.815535" lon="121.070597"><ele>528.4</ele></rtept><rtept lat="28.815517" lon="121.07059"><ele>528.6</ele></rtept><rtept lat="28.815502" lon="121.07058"><ele>529.2</ele></rtept><rtept lat="28.815482" lon="121.070572"><ele>529.2</ele></rtept><rtept lat="28.815467" lon="121.070562"><ele>529.4</ele></rtept><rtept lat="28.815432" lon="121.070555"><ele>530.0</ele></rtept><rtept lat="28.815415" lon="121.070547"><ele>530.0</ele></rtept><rtept lat="28.815397" lon="121.07054"><ele>530.2</ele></rtept><rtept lat="28.815367" lon="121.070532"><ele>530.4</ele></rtept><rtept lat="28.815332" lon="121.070522"><ele>531.0</ele></rtept><rtept lat="28.815297" lon="121.070515"><ele>531.2</ele></rtept><rtept lat="28.815277" lon="121.070515"><ele>531.2</ele></rtept><rtept lat="28.815242" lon="121.070502"><ele>531.8</ele></rtept><rtept lat="28.81521" lon="121.070482"><ele>532.2</ele></rtept><rtept lat="28.815197" lon="121.070467"><ele>532.8</ele></rtept><rtept lat="28.81519" lon="121.070447"><ele>532.8</ele></rtept><rtept lat="28.815192" lon="121.070427"><ele>533.2</ele></rtept><rtept lat="28.815202" lon="121.070407"><ele>533.2</ele></rtept><rtept lat="28.815217" lon="121.070395"><ele>534.0</ele></rtept><rtept lat="28.81525" lon="121.070387"><ele>534.6</ele></rtept><rtept lat="28.815272" lon="121.070395"><ele>534.6</ele></rtept><rtept lat="28.81529" lon="121.070397"><ele>535.0</ele></rtept><rtept lat="28.815307" lon="121.070402"><ele>535.4</ele></rtept><rtept lat="28.81533" lon="121.070407"><ele>535.8</ele></rtept><rtept lat="28.815352" lon="121.070412"><ele>536.0</ele></rtept><rtept lat="28.815375" lon="121.070417"><ele>536.2</ele></rtept><rtept lat="28.815392" lon="121.070422"><ele>536.2</ele></rtept><rtept lat="28.815412" lon="121.070422"><ele>536.6</ele></rtept><rtept lat="28.815448" lon="121.070427"><ele>536.8</ele></rtept><rtept lat="28.81547" lon="121.070427"><ele>536.8</ele></rtept><rtept lat="28.815492" lon="121.07043"><ele>537.4</ele></rtept><rtept lat="28.815512" lon="121.07043"><ele>537.6</ele></rtept><rtept lat="28.815532" lon="121.070425"><ele>537.8</ele></rtept><rtept lat="28.815552" lon="121.070427"><ele>537.8</ele></rtept><rtept lat="28.81557" lon="121.070427"><ele>538.0</ele></rtept><rtept lat="28.815587" lon="121.070435"><ele>538.2</ele></rtept><rtept lat="28.815607" lon="121.070437"><ele>538.6</ele></rtept><rtept lat="28.815625" lon="121.07044"><ele>538.6</ele></rtept><rtept lat="28.81566" lon="121.070442"><ele>539.0</ele></rtept><rtept lat="28.81568" lon="121.070442"><ele>539.4</ele></rtept><rtept lat="28.8157" lon="121.070445"><ele>539.8</ele></rtept><rtept lat="28.815717" lon="121.070442"><ele>540.4</ele></rtept><rtept lat="28.815737" lon="121.070437"><ele>540.4</ele></rtept><rtept lat="28.815755" lon="121.07043"><ele>540.8</ele></rtept><rtept lat="28.815777" lon="121.070425"><ele>541.2</ele></rtept><rtept lat="28.815795" lon="121.070422"><ele>541.4</ele></rtept><rtept lat="28.815815" lon="121.070417"><ele>541.4</ele></rtept><rtept lat="28.815832" lon="121.070417"><ele>541.4</ele></rtept><rtept lat="28.815852" lon="121.070417"><ele>541.8</ele></rtept><rtept lat="28.815875" lon="121.070422"><ele>542.2</ele></rtept><rtept lat="28.815897" lon="121.070427"><ele>542.8</ele></rtept><rtept lat="28.815917" lon="121.070437"><ele>542.8</ele></rtept><rtept lat="28.815947" lon="121.07046"><ele>543.0</ele></rtept><rtept lat="28.815962" lon="121.070475"><ele>543.0</ele></rtept><rtept lat="28.81598" lon="121.070507"><ele>543.6</ele></rtept><rtept lat="28.815987" lon="121.070525"><ele>543.8</ele></rtept><rtept lat="28.816" lon="121.07056"><ele>544.8</ele></rtept><rtept lat="28.816015" lon="121.0706"><ele>545.0</ele></rtept><rtept lat="28.816027" lon="121.070617"><ele>545.2</ele></rtept><rtept lat="28.816057" lon="121.070627"><ele>545.6</ele></rtept><rtept lat="28.816085" lon="121.070617"><ele>546.0</ele></rtept><rtept lat="28.816092" lon="121.070587"><ele>546.6</ele></rtept><rtept lat="28.816087" lon="121.070547"><ele>547.2</ele></rtept><rtept lat="28.816082" lon="121.070527"><ele>547.8</ele></rtept><rtept lat="28.816075" lon="121.070502"><ele>547.8</ele></rtept><rtept lat="28.816065" lon="121.070482"><ele>548.0</ele></rtept><rtept lat="28.816053" lon="121.070462"><ele>548.0</ele></rtept><rtept lat="28.816042" lon="121.070442"><ele>548.2</ele></rtept><rtept lat="28.816032" lon="121.070422"><ele>548.4</ele></rtept><rtept lat="28.816007" lon="121.070385"><ele>548.8</ele></rtept><rtept lat="28.815992" lon="121.070367"><ele>549.2</ele></rtept><rtept lat="28.815977" lon="121.07035"><ele>549.2</ele></rtept><rtept lat="28.815962" lon="121.070335"><ele>549.2</ele></rtept><rtept lat="28.815947" lon="121.070323"><ele>549.2</ele></rtept><rtept lat="28.815932" lon="121.070312"><ele>549.6</ele></rtept><rtept lat="28.815915" lon="121.070305"><ele>549.6</ele></rtept><rtept lat="28.815897" lon="121.070297"><ele>549.8</ele></rtept><rtept lat="28.815877" lon="121.070292"><ele>550.0</ele></rtept><rtept lat="28.815862" lon="121.070285"><ele>550.0</ele></rtept><rtept lat="28.815842" lon="121.070277"><ele>550.4</ele></rtept><rtept lat="28.815817" lon="121.070257"><ele>550.6</ele></rtept><rtept lat="28.815807" lon="121.070217"><ele>550.8</ele></rtept><rtept lat="28.815822" lon="121.070182"><ele>550.8</ele></rtept><rtept lat="28.81584" lon="121.070175"><ele>551.6</ele></rtept><rtept lat="28.81586" lon="121.070172"><ele>552.2</ele></rtept><rtept lat="28.815882" lon="121.070177"><ele>552.4</ele></rtept><rtept lat="28.815905" lon="121.07018"><ele>552.6</ele></rtept><rtept lat="28.815922" lon="121.070183"><ele>552.6</ele></rtept><rtept lat="28.815942" lon="121.07019"><ele>552.6</ele></rtept><rtept lat="28.815962" lon="121.070192"><ele>553.0</ele></rtept><rtept lat="28.815987" lon="121.0702"><ele>553.0</ele></rtept><rtept lat="28.81601" lon="121.070207"><ele>553.6</ele></rtept><rtept lat="28.816027" lon="121.070217"><ele>554.0</ele></rtept><rtept lat="28.81605" lon="121.070232"><ele>554.2</ele></rtept><rtept lat="28.81607" lon="121.070242"><ele>554.2</ele></rtept><rtept lat="28.816088" lon="121.070252"><ele>554.2</ele></rtept><rtept lat="28.816107" lon="121.070257"><ele>554.8</ele></rtept><rtept lat="28.816125" lon="121.070267"><ele>555.6</ele></rtept><rtept lat="28.816145" lon="121.070282"><ele>555.8</ele></rtept><rtept lat="28.816162" lon="121.0703"><ele>556.4</ele></rtept><rtept lat="28.816175" lon="121.070322"><ele>556.4</ele></rtept><rtept lat="28.816187" lon="121.070342"><ele>556.4</ele></rtept><rtept lat="28.816197" lon="121.070362"><ele>556.4</ele></rtept><rtept lat="28.816207" lon="121.070382"><ele>556.8</ele></rtept><rtept lat="28.816217" lon="121.070402"><ele>556.8</ele></rtept><rtept lat="28.816225" lon="121.070422"><ele>557.2</ele></rtept><rtept lat="28.816232" lon="121.070442"><ele>557.2</ele></rtept><rtept lat="28.81624" lon="121.070462"><ele>557.4</ele></rtept><rtept lat="28.81625" lon="121.070482"><ele>557.4</ele></rtept><rtept lat="28.816277" lon="121.070505"><ele>557.6</ele></rtept><rtept lat="28.81631" lon="121.0705"><ele>558.6</ele></rtept><rtept lat="28.816327" lon="121.07047"><ele>559.0</ele></rtept><rtept lat="28.81633" lon="121.07043"><ele>559.0</ele></rtept><rtept lat="28.816325" lon="121.070407"><ele>559.4</ele></rtept><rtept lat="28.816317" lon="121.070387"><ele>559.8</ele></rtept><rtept lat="28.81631" lon="121.070367"><ele>560.0</ele></rtept><rtept lat="28.816302" lon="121.07035"><ele>560.0</ele></rtept><rtept lat="28.816292" lon="121.070327"><ele>560.2</ele></rtept><rtept lat="28.816282" lon="121.070307"><ele>560.6</ele></rtept><rtept lat="28.816272" lon="121.070287"><ele>560.8</ele></rtept><rtept lat="28.816262" lon="121.070267"><ele>561.2</ele></rtept><rtept lat="28.816247" lon="121.070252"><ele>561.2</ele></rtept><rtept lat="28.816232" lon="121.070235"><ele>561.6</ele></rtept><rtept lat="28.816217" lon="121.070217"><ele>561.6</ele></rtept><rtept lat="28.816205" lon="121.070202"><ele>562.0</ele></rtept><rtept lat="28.81619" lon="121.070187"><ele>562.0</ele></rtept><rtept lat="28.816177" lon="121.07017"><ele>562.2</ele></rtept><rtept lat="28.816162" lon="121.070157"><ele>562.6</ele></rtept><rtept lat="28.816145" lon="121.070142"><ele>563.2</ele></rtept><rtept lat="28.816125" lon="121.070127"><ele>563.4</ele></rtept><rtept lat="28.81611" lon="121.070112"><ele>563.4</ele></rtept><rtept lat="28.816092" lon="121.070095"><ele>563.6</ele></rtept><rtept lat="28.816077" lon="121.070082"><ele>563.8</ele></rtept><rtept lat="28.81606" lon="121.070072"><ele>563.8</ele></rtept><rtept lat="28.816042" lon="121.070065"><ele>563.8</ele></rtept><rtept lat="28.816022" lon="121.07006"><ele>564.0</ele></rtept><rtept lat="28.816005" lon="121.070052"><ele>564.0</ele></rtept><rtept lat="28.815987" lon="121.070047"><ele>564.2</ele></rtept><rtept lat="28.815967" lon="121.070042"><ele>564.8</ele></rtept><rtept lat="28.815932" lon="121.070032"><ele>565.2</ele></rtept><rtept lat="28.815902" lon="121.070025"><ele>565.4</ele></rtept><rtept lat="28.815885" lon="121.070017"><ele>565.8</ele></rtept><rtept lat="28.815867" lon="121.070015"><ele>566.4</ele></rtept><rtept lat="28.815835" lon="121.070002"><ele>567.0</ele></rtept><rtept lat="28.81582" lon="121.06999"><ele>567.4</ele></rtept><rtept lat="28.81581" lon="121.069972"><ele>567.6</ele></rtept><rtept lat="28.815805" lon="121.06995"><ele>568.2</ele></rtept><rtept lat="28.81581" lon="121.069927"><ele>568.4</ele></rtept><rtept lat="28.815827" lon="121.069912"><ele>568.4</ele></rtept><rtept lat="28.815842" lon="121.069907"><ele>569.0</ele></rtept><rtept lat="28.815863" lon="121.0699"><ele>569.2</ele></rtept><rtept lat="28.815887" lon="121.0699"><ele>569.4</ele></rtept><rtept lat="28.815907" lon="121.069902"><ele>569.8</ele></rtept><rtept lat="28.815932" lon="121.069905"><ele>570.2</ele></rtept><rtept lat="28.815952" lon="121.069907"><ele>570.4</ele></rtept><rtept lat="28.815972" lon="121.069907"><ele>571.0</ele></rtept><rtept lat="28.81599" lon="121.06991"><ele>571.4</ele></rtept><rtept lat="28.81601" lon="121.06991"><ele>571.6</ele></rtept><rtept lat="28.816027" lon="121.069907"><ele>571.8</ele></rtept><rtept lat="28.816047" lon="121.069907"><ele>572.2</ele></rtept><rtept lat="28.816067" lon="121.069907"><ele>572.4</ele></rtept><rtept lat="28.816087" lon="121.069905"><ele>572.6</ele></rtept><rtept lat="28.816105" lon="121.069905"><ele>573.0</ele></rtept><rtept lat="28.816122" lon="121.069907"><ele>573.0</ele></rtept><rtept lat="28.816142" lon="121.069907"><ele>573.6</ele></rtept><rtept lat="28.81616" lon="121.069902"><ele>573.6</ele></rtept><rtept lat="28.816182" lon="121.069902"><ele>573.6</ele></rtept><rtept lat="28.8162" lon="121.069902"><ele>573.8</ele></rtept><rtept lat="28.81622" lon="121.069912"><ele>574.0</ele></rtept><rtept lat="28.816242" lon="121.069922"><ele>574.0</ele></rtept><rtept lat="28.816262" lon="121.069932"><ele>574.4</ele></rtept><rtept lat="28.816277" lon="121.069942"><ele>575.0</ele></rtept><rtept lat="28.8163" lon="121.069952"><ele>575.0</ele></rtept><rtept lat="28.81633" lon="121.069972"><ele>575.4</ele></rtept><rtept lat="28.816347" lon="121.06998"><ele>576.2</ele></rtept><rtept lat="28.816367" lon="121.069992"><ele>576.2</ele></rtept><rtept lat="28.816385" lon="121.070002"><ele>576.4</ele></rtept><rtept lat="28.816402" lon="121.070012"><ele>576.8</ele></rtept><rtept lat="28.81642" lon="121.070025"><ele>576.8</ele></rtept><rtept lat="28.816437" lon="121.070032"><ele>577.0</ele></rtept><rtept lat="28.816455" lon="121.070043"><ele>577.2</ele></rtept><rtept lat="28.816468" lon="121.070057"><ele>577.4</ele></rtept><rtept lat="28.816502" lon="121.070072"><ele>577.6</ele></rtept><rtept lat="28.816522" lon="121.070077"><ele>577.8</ele></rtept><rtept lat="28.816542" lon="121.070085"><ele>578.4</ele></rtept><rtept lat="28.81656" lon="121.070092"><ele>578.4</ele></rtept><rtept lat="28.816577" lon="121.070102"><ele>578.4</ele></rtept><rtept lat="28.816595" lon="121.070115"><ele>578.4</ele></rtept><rtept lat="28.81661" lon="121.07013"><ele>578.4</ele></rtept><rtept lat="28.816627" lon="121.070145"><ele>578.6</ele></rtept><rtept lat="28.81664" lon="121.070162"><ele>578.8</ele></rtept><rtept lat="28.816652" lon="121.070182"><ele>578.8</ele></rtept><rtept lat="28.816658" lon="121.070202"><ele>579.2</ele></rtept><rtept lat="28.816667" lon="121.070225"><ele>579.6</ele></rtept><rtept lat="28.816675" lon="121.070252"><ele>579.6</ele></rtept><rtept lat="28.816677" lon="121.070277"><ele>579.6</ele></rtept><rtept lat="28.816677" lon="121.070302"><ele>580.0</ele></rtept><rtept lat="28.816675" lon="121.070345"><ele>580.4</ele></rtept><rtept lat="28.816672" lon="121.070367"><ele>580.8</ele></rtept><rtept lat="28.816672" lon="121.070387"><ele>581.4</ele></rtept><rtept lat="28.816677" lon="121.070425"><ele>582.4</ele></rtept><rtept lat="28.8167" lon="121.070447"><ele>582.6</ele></rtept><rtept lat="28.816727" lon="121.070437"><ele>583.0</ele></rtept><rtept lat="28.816747" lon="121.070407"><ele>583.4</ele></rtept><rtept lat="28.816757" lon="121.070367"><ele>583.8</ele></rtept><rtept lat="28.816762" lon="121.070345"><ele>583.8</ele></rtept><rtept lat="28.816772" lon="121.070305"><ele>584.0</ele></rtept><rtept lat="28.816775" lon="121.070282"><ele>584.0</ele></rtept><rtept lat="28.816782" lon="121.070242"><ele>584.2</ele></rtept><rtept lat="28.816782" lon="121.07022"><ele>584.4</ele></rtept><rtept lat="28.816782" lon="121.0702"><ele>585.6</ele></rtept><rtept lat="28.81678" lon="121.07018"><ele>586.0</ele></rtept><rtept lat="28.816777" lon="121.070157"><ele>586.0</ele></rtept><rtept lat="28.816767" lon="121.07012"><ele>586.6</ele></rtept><rtept lat="28.816757" lon="121.070098"><ele>587.0</ele></rtept><rtept lat="28.816737" lon="121.070067"><ele>587.8</ele></rtept><rtept lat="28.816725" lon="121.070047"><ele>588.0</ele></rtept><rtept lat="28.816717" lon="121.07003"><ele>588.6</ele></rtept><rtept lat="28.816725" lon="121.06999"><ele>588.8</ele></rtept><rtept lat="28.816737" lon="121.069972"><ele>588.8</ele></rtept><rtept lat="28.816755" lon="121.069962"><ele>588.8</ele></rtept><rtept lat="28.816772" lon="121.069957"><ele>589.0</ele></rtept><rtept lat="28.816795" lon="121.069957"><ele>589.0</ele></rtept><rtept lat="28.816812" lon="121.069962"><ele>589.6</ele></rtept><rtept lat="28.816842" lon="121.06998"><ele>590.0</ele></rtept><rtept lat="28.816857" lon="121.069997"><ele>590.2</ele></rtept><rtept lat="28.81687" lon="121.070012"><ele>591.0</ele></rtept><rtept lat="28.816882" lon="121.070032"><ele>591.4</ele></rtept><rtept lat="28.81689" lon="121.070052"><ele>591.8</ele></rtept><rtept lat="28.816897" lon="121.070072"><ele>591.8</ele></rtept><rtept lat="28.816912" lon="121.070095"><ele>592.0</ele></rtept><rtept lat="28.81692" lon="121.070117"><ele>592.4</ele></rtept><rtept lat="28.816927" lon="121.070137"><ele>592.6</ele></rtept><rtept lat="28.816937" lon="121.070157"><ele>593.2</ele></rtept><rtept lat="28.816942" lon="121.070177"><ele>593.4</ele></rtept><rtept lat="28.816945" lon="121.070197"><ele>593.6</ele></rtept><rtept lat="28.816952" lon="121.070222"><ele>593.8</ele></rtept><rtept lat="28.816955" lon="121.070247"><ele>594.2</ele></rtept><rtept lat="28.81696" lon="121.070272"><ele>594.2</ele></rtept><rtept lat="28.816957" lon="121.070295"><ele>594.2</ele></rtept><rtept lat="28.816952" lon="121.070337"><ele>594.4</ele></rtept><rtept lat="28.816947" lon="121.07036"><ele>594.8</ele></rtept><rtept lat="28.816942" lon="121.070382"><ele>595.0</ele></rtept><rtept lat="28.816932" lon="121.070402"><ele>595.4</ele></rtept><rtept lat="28.816925" lon="121.070422"><ele>595.4</ele></rtept><rtept lat="28.816915" lon="121.07044"><ele>596.0</ele></rtept><rtept lat="28.81691" lon="121.070462"><ele>596.2</ele></rtept><rtept lat="28.816902" lon="121.070482"><ele>596.4</ele></rtept><rtept lat="28.816892" lon="121.070502"><ele>596.4</ele></rtept><rtept lat="28.816887" lon="121.070525"><ele>596.6</ele></rtept><rtept lat="28.816867" lon="121.070562"><ele>597.2</ele></rtept><rtept lat="28.816845" lon="121.070597"><ele>597.6</ele></rtept><rtept lat="28.816835" lon="121.070617"><ele>597.8</ele></rtept><rtept lat="28.816825" lon="121.070633"><ele>598.2</ele></rtept><rtept lat="28.816812" lon="121.070657"><ele>598.6</ele></rtept><rtept lat="28.816802" lon="121.070677"><ele>598.6</ele></rtept><rtept lat="28.81679" lon="121.070695"><ele>599.0</ele></rtept><rtept lat="28.816767" lon="121.070727"><ele>599.2</ele></rtept><rtept lat="28.81676" lon="121.070747"><ele>599.6</ele></rtept><rtept lat="28.81674" lon="121.070777"><ele>600.2</ele></rtept><rtept lat="28.81673" lon="121.070795"><ele>600.4</ele></rtept><rtept lat="28.81671" lon="121.070827"><ele>601.0</ele></rtept><rtept lat="28.8167" lon="121.070847"><ele>601.4</ele></rtept><rtept lat="28.816692" lon="121.070867"><ele>601.6</ele></rtept><rtept lat="28.816677" lon="121.070905"><ele>602.2</ele></rtept><rtept lat="28.816672" lon="121.070927"><ele>602.4</ele></rtept><rtept lat="28.816657" lon="121.070967"><ele>603.2</ele></rtept><rtept lat="28.816652" lon="121.07099"><ele>603.4</ele></rtept><rtept lat="28.816647" lon="121.071012"><ele>603.6</ele></rtept><rtept lat="28.816645" lon="121.071032"><ele>603.6</ele></rtept><rtept lat="28.816645" lon="121.071075"><ele>603.8</ele></rtept><rtept lat="28.816652" lon="121.071097"><ele>604.6</ele></rtept><rtept lat="28.816658" lon="121.071122"><ele>604.8</ele></rtept><rtept lat="28.816672" lon="121.071147"><ele>605.2</ele></rtept><rtept lat="28.816682" lon="121.071168"><ele>605.2</ele></rtept><rtept lat="28.816692" lon="121.071195"><ele>605.2</ele></rtept><rtept lat="28.816702" lon="121.071215"><ele>605.6</ele></rtept><rtept lat="28.816712" lon="121.071235"><ele>606.2</ele></rtept><rtept lat="28.81672" lon="121.071257"><ele>606.2</ele></rtept><rtept lat="28.816725" lon="121.071277"><ele>606.2</ele></rtept><rtept lat="28.81673" lon="121.071302"><ele>606.2</ele></rtept><rtept lat="28.816735" lon="121.071327"><ele>606.2</ele></rtept><rtept lat="28.81674" lon="121.071347"><ele>606.6</ele></rtept><rtept lat="28.816737" lon="121.071372"><ele>606.6</ele></rtept><rtept lat="28.81674" lon="121.071393"><ele>606.4</ele></rtept><rtept lat="28.816737" lon="121.071417"><ele>606.4</ele></rtept><rtept lat="28.816737" lon="121.071442"><ele>606.8</ele></rtept><rtept lat="28.816737" lon="121.071467"><ele>607.2</ele></rtept><rtept lat="28.81673" lon="121.07149"><ele>607.2</ele></rtept><rtept lat="28.816727" lon="121.071512"><ele>607.4</ele></rtept><rtept lat="28.816727" lon="121.071537"><ele>607.4</ele></rtept><rtept lat="28.816725" lon="121.071562"><ele>607.6</ele></rtept><rtept lat="28.816722" lon="121.071587"><ele>608.0</ele></rtept><rtept lat="28.816725" lon="121.071612"><ele>608.0</ele></rtept><rtept lat="28.816727" lon="121.071637"><ele>608.0</ele></rtept><rtept lat="28.81673" lon="121.07166"><ele>608.0</ele></rtept><rtept lat="28.816735" lon="121.071685"><ele>608.4</ele></rtept><rtept lat="28.816737" lon="121.071712"><ele>608.6</ele></rtept><rtept lat="28.816735" lon="121.071737"><ele>608.6</ele></rtept><rtept lat="28.816727" lon="121.071762"><ele>608.4</ele></rtept><rtept lat="28.816727" lon="121.071787"><ele>608.4</ele></rtept><rtept lat="28.816722" lon="121.071817"><ele>608.6</ele></rtept><rtept lat="28.816717" lon="121.071843"><ele>608.8</ele></rtept><rtept lat="28.816712" lon="121.071872"><ele>609.4</ele></rtept><rtept lat="28.816707" lon="121.071897"><ele>609.4</ele></rtept><rtept lat="28.8167" lon="121.071925"><ele>609.4</ele></rtept><rtept lat="28.81669" lon="121.071957"><ele>609.4</ele></rtept><rtept lat="28.816677" lon="121.071982"><ele>609.6</ele></rtept><rtept lat="28.816662" lon="121.072012"><ele>609.4</ele></rtept><rtept lat="28.816647" lon="121.072042"><ele>609.4</ele></rtept><rtept lat="28.816627" lon="121.072067"><ele>609.4</ele></rtept><rtept lat="28.816607" lon="121.072092"><ele>609.4</ele></rtept><rtept lat="28.816587" lon="121.072115"><ele>609.4</ele></rtept><rtept lat="28.81657" lon="121.072137"><ele>609.4</ele></rtept><rtept lat="28.816552" lon="121.072157"><ele>609.4</ele></rtept><rtept lat="28.816535" lon="121.072182"><ele>609.4</ele></rtept><rtept lat="28.81652" lon="121.072205"><ele>609.6</ele></rtept><rtept lat="28.816505" lon="121.07223"><ele>609.8</ele></rtept><rtept lat="28.816487" lon="121.072255"><ele>610.4</ele></rtept><rtept lat="28.816467" lon="121.072272"><ele>610.6</ele></rtept><rtept lat="28.816445" lon="121.072292"><ele>610.6</ele></rtept><rtept lat="28.816427" lon="121.072317"><ele>610.4</ele></rtept><rtept lat="28.816407" lon="121.072337"><ele>610.2</ele></rtept><rtept lat="28.816387" lon="121.072357"><ele>610.2</ele></rtept><rtept lat="28.81637" lon="121.072382"><ele>610.4</ele></rtept><rtept lat="28.816357" lon="121.072412"><ele>610.6</ele></rtept><rtept lat="28.816352" lon="121.072442"><ele>610.6</ele></rtept><rtept lat="28.81635" lon="121.072467"><ele>610.6</ele></rtept><rtept lat="28.81635" lon="121.072495"><ele>610.2</ele></rtept><rtept lat="28.81635" lon="121.072527"><ele>609.8</ele></rtept><rtept lat="28.816347" lon="121.072562"><ele>609.8</ele></rtept><rtept lat="28.816345" lon="121.072602"><ele>609.6</ele></rtept><rtept lat="28.816342" lon="121.07264"><ele>609.6</ele></rtept><rtept lat="28.816337" lon="121.072682"><ele>609.2</ele></rtept><rtept lat="28.816327" lon="121.072717"><ele>608.4</ele></rtept><rtept lat="28.816315" lon="121.072752"><ele>608.2</ele></rtept><rtept lat="28.8163" lon="121.072785"><ele>607.8</ele></rtept><rtept lat="28.816282" lon="121.072817"><ele>607.6</ele></rtept><rtept lat="28.816267" lon="121.072852"><ele>607.4</ele></rtept><rtept lat="28.81625" lon="121.072882"><ele>607.2</ele></rtept><rtept lat="28.816227" lon="121.072912"><ele>607.2</ele></rtept><rtept lat="28.816207" lon="121.072937"><ele>607.2</ele></rtept><rtept lat="28.816187" lon="121.072962"><ele>607.2</ele></rtept><rtept lat="28.81616" lon="121.072987"><ele>607.2</ele></rtept><rtept lat="28.816135" lon="121.073012"><ele>607.6</ele></rtept><rtept lat="28.816105" lon="121.073032"><ele>607.6</ele></rtept><rtept lat="28.816075" lon="121.073052"><ele>607.4</ele></rtept><rtept lat="28.816047" lon="121.073065"><ele>607.4</ele></rtept><rtept lat="28.816015" lon="121.07308"><ele>607.4</ele></rtept><rtept lat="28.815987" lon="121.073092"><ele>607.6</ele></rtept><rtept lat="28.815957" lon="121.073105"><ele>607.6</ele></rtept><rtept lat="28.815935" lon="121.073122"><ele>607.2</ele></rtept><rtept lat="28.815915" lon="121.073142"><ele>607.2</ele></rtept><rtept lat="28.815898" lon="121.073167"><ele>607.4</ele></rtept><rtept lat="28.815885" lon="121.073197"><ele>607.8</ele></rtept><rtept lat="28.815872" lon="121.07323"><ele>607.8</ele></rtept><rtept lat="28.815862" lon="121.073267"><ele>607.8</ele></rtept><rtept lat="28.81585" lon="121.073307"><ele>607.8</ele></rtept><rtept lat="28.815837" lon="121.073342"><ele>608.0</ele></rtept><rtept lat="28.815822" lon="121.073377"><ele>608.0</ele></rtept><rtept lat="28.815805" lon="121.073412"><ele>608.0</ele></rtept><rtept lat="28.815787" lon="121.073447"><ele>607.8</ele></rtept><rtept lat="28.815772" lon="121.07348"><ele>607.8</ele></rtept><rtept lat="28.815752" lon="121.073517"><ele>607.6</ele></rtept><rtept lat="28.815735" lon="121.073547"><ele>607.4</ele></rtept><rtept lat="28.815712" lon="121.073577"><ele>607.0</ele></rtept><rtept lat="28.81569" lon="121.073607"><ele>606.6</ele></rtept><rtept lat="28.815672" lon="121.073637"><ele>606.4</ele></rtept><rtept lat="28.815657" lon="121.073673"><ele>606.2</ele></rtept><rtept lat="28.815652" lon="121.07371"><ele>605.8</ele></rtept><rtept lat="28.815657" lon="121.073747"><ele>605.6</ele></rtept><rtept lat="28.815673" lon="121.073782"><ele>605.2</ele></rtept><rtept lat="28.815697" lon="121.073812"><ele>604.6</ele></rtept><rtept lat="28.815722" lon="121.073842"><ele>604.2</ele></rtept><rtept lat="28.815752" lon="121.073875"><ele>603.8</ele></rtept><rtept lat="28.815777" lon="121.073907"><ele>603.2</ele></rtept><rtept lat="28.815802" lon="121.073937"><ele>602.4</ele></rtept><rtept lat="28.815828" lon="121.073962"><ele>602.2</ele></rtept><rtept lat="28.815857" lon="121.073983"><ele>601.8</ele></rtept><rtept lat="28.815882" lon="121.074"><ele>601.2</ele></rtept><rtept lat="28.81591" lon="121.074012"><ele>601.0</ele></rtept><rtept lat="28.815937" lon="121.07402"><ele>601.0</ele></rtept><rtept lat="28.815965" lon="121.074027"><ele>601.0</ele></rtept><rtept lat="28.815992" lon="121.074032"><ele>600.8</ele></rtept><rtept lat="28.81602" lon="121.074037"><ele>600.8</ele></rtept><rtept lat="28.81605" lon="121.074047"><ele>600.8</ele></rtept><rtept lat="28.816077" lon="121.074057"><ele>600.8</ele></rtept><rtept lat="28.816105" lon="121.07407"><ele>601.0</ele></rtept><rtept lat="28.816132" lon="121.074082"><ele>601.4</ele></rtept><rtept lat="28.81616" lon="121.074102"><ele>601.8</ele></rtept><rtept lat="28.816187" lon="121.074112"><ele>601.8</ele></rtept><rtept lat="28.816215" lon="121.07413"><ele>602.0</ele></rtept><rtept lat="28.81624" lon="121.074147"><ele>602.2</ele></rtept><rtept lat="28.816267" lon="121.074167"><ele>602.4</ele></rtept><rtept lat="28.81629" lon="121.074185"><ele>602.6</ele></rtept><rtept lat="28.816312" lon="121.074202"><ele>602.8</ele></rtept><rtept lat="28.816335" lon="121.074222"><ele>602.8</ele></rtept><rtept lat="28.816357" lon="121.074237"><ele>603.2</ele></rtept><rtept lat="28.816382" lon="121.074255"><ele>603.4</ele></rtept><rtept lat="28.816407" lon="121.07427"><ele>603.8</ele></rtept><rtept lat="28.81643" lon="121.074292"><ele>604.0</ele></rtept><rtept lat="28.816452" lon="121.074312"><ele>604.0</ele></rtept><rtept lat="28.816477" lon="121.074335"><ele>604.0</ele></rtept><rtept lat="28.816497" lon="121.074352"><ele>604.0</ele></rtept><rtept lat="28.816517" lon="121.074372"><ele>604.2</ele></rtept><rtept lat="28.816542" lon="121.07439"><ele>604.0</ele></rtept><rtept lat="28.816565" lon="121.074407"><ele>604.0</ele></rtept><rtept lat="28.816587" lon="121.074425"><ele>604.0</ele></rtept><rtept lat="28.816612" lon="121.07444"><ele>604.2</ele></rtept><rtept lat="28.816632" lon="121.074452"><ele>604.4</ele></rtept><rtept lat="28.816657" lon="121.074465"><ele>604.4</ele></rtept><rtept lat="28.816682" lon="121.074477"><ele>604.4</ele></rtept><rtept lat="28.816705" lon="121.074487"><ele>604.4</ele></rtept><rtept lat="28.816732" lon="121.074495"><ele>604.6</ele></rtept><rtept lat="28.816752" lon="121.074502"><ele>605.2</ele></rtept><rtept lat="28.816775" lon="121.07451"><ele>605.2</ele></rtept><rtept lat="28.816797" lon="121.074517"><ele>605.4</ele></rtept><rtept lat="28.816825" lon="121.074532"><ele>605.6</ele></rtept><rtept lat="28.816847" lon="121.074542"><ele>605.8</ele></rtept><rtept lat="28.816875" lon="121.074555"><ele>605.8</ele></rtept><rtept lat="28.8169" lon="121.074562"><ele>605.8</ele></rtept><rtept lat="28.816927" lon="121.07457"><ele>605.8</ele></rtept><rtept lat="28.816952" lon="121.074572"><ele>605.8</ele></rtept><rtept lat="28.816982" lon="121.074572"><ele>606.0</ele></rtept><rtept lat="28.817007" lon="121.074572"><ele>606.4</ele></rtept><rtept lat="28.817035" lon="121.074572"><ele>606.6</ele></rtept><rtept lat="28.817057" lon="121.074572"><ele>606.6</ele></rtept><rtept lat="28.817082" lon="121.07458"><ele>607.0</ele></rtept><rtept lat="28.817102" lon="121.074592"><ele>607.2</ele></rtept><rtept lat="28.817125" lon="121.074607"><ele>607.4</ele></rtept><rtept lat="28.817147" lon="121.07462"><ele>607.4</ele></rtept><rtept lat="28.817167" lon="121.074632"><ele>607.6</ele></rtept><rtept lat="28.817187" lon="121.074652"><ele>607.6</ele></rtept><rtept lat="28.817205" lon="121.074672"><ele>608.0</ele></rtept><rtept lat="28.817222" lon="121.0747"><ele>608.2</ele></rtept><rtept lat="28.817232" lon="121.074722"><ele>608.4</ele></rtept><rtept lat="28.81724" lon="121.074752"><ele>608.4</ele></rtept><rtept lat="28.817247" lon="121.074777"><ele>608.4</ele></rtept><rtept lat="28.817255" lon="121.074802"><ele>608.4</ele></rtept><rtept lat="28.817263" lon="121.074832"><ele>608.4</ele></rtept><rtept lat="28.81727" lon="121.07486"><ele>609.0</ele></rtept><rtept lat="28.817275" lon="121.074887"><ele>609.0</ele></rtept><rtept lat="28.817277" lon="121.074917"><ele>609.2</ele></rtept><rtept lat="28.817282" lon="121.074947"><ele>609.0</ele></rtept><rtept lat="28.817285" lon="121.074977"><ele>609.2</ele></rtept><rtept lat="28.817287" lon="121.075005"><ele>609.2</ele></rtept><rtept lat="28.817292" lon="121.075035"><ele>609.6</ele></rtept><rtept lat="28.817295" lon="121.075062"><ele>610.0</ele></rtept><rtept lat="28.817302" lon="121.075087"><ele>610.0</ele></rtept><rtept lat="28.817307" lon="121.075112"><ele>610.2</ele></rtept><rtept lat="28.817317" lon="121.075137"><ele>610.2</ele></rtept><rtept lat="28.817327" lon="121.07516"><ele>610.4</ele></rtept><rtept lat="28.817337" lon="121.075182"><ele>610.4</ele></rtept><rtept lat="28.817345" lon="121.075202"><ele>610.8</ele></rtept><rtept lat="28.817357" lon="121.075225"><ele>610.8</ele></rtept><rtept lat="28.81737" lon="121.075248"><ele>611.0</ele></rtept><rtept lat="28.81738" lon="121.075272"><ele>611.4</ele></rtept><rtept lat="28.81739" lon="121.075295"><ele>611.6</ele></rtept><rtept lat="28.817392" lon="121.075322"><ele>611.8</ele></rtept><rtept lat="28.817402" lon="121.075347"><ele>611.8</ele></rtept><rtept lat="28.817407" lon="121.075375"><ele>611.6</ele></rtept><rtept lat="28.817412" lon="121.075402"><ele>611.8</ele></rtept><rtept lat="28.817417" lon="121.075427"><ele>612.0</ele></rtept><rtept lat="28.817422" lon="121.075452"><ele>612.4</ele></rtept><rtept lat="28.817427" lon="121.075477"><ele>612.4</ele></rtept><rtept lat="28.817442" lon="121.075517"><ele>612.6</ele></rtept><rtept lat="28.817452" lon="121.075537"><ele>612.8</ele></rtept><rtept lat="28.817465" lon="121.075552"><ele>613.4</ele></rtept><rtept lat="28.817482" lon="121.075567"><ele>613.4</ele></rtept><rtept lat="28.817497" lon="121.075572"><ele>614.0</ele></rtept><rtept lat="28.817517" lon="121.075575"><ele>614.2</ele></rtept><rtept lat="28.817537" lon="121.075572"><ele>614.4</ele></rtept><rtept lat="28.817552" lon="121.075565"><ele>615.0</ele></rtept><rtept lat="28.81757" lon="121.075552"><ele>615.4</ele></rtept><rtept lat="28.817587" lon="121.075522"><ele>615.8</ele></rtept><rtept lat="28.817597" lon="121.075502"><ele>616.0</ele></rtept><rtept lat="28.8176" lon="121.075482"><ele>616.4</ele></rtept><rtept lat="28.817602" lon="121.075462"><ele>617.0</ele></rtept><rtept lat="28.817605" lon="121.075422"><ele>617.6</ele></rtept><rtept lat="28.817602" lon="121.075397"><ele>617.8</ele></rtept><rtept lat="28.817605" lon="121.075377"><ele>618.0</ele></rtept><rtept lat="28.817602" lon="121.075355"><ele>618.6</ele></rtept><rtept lat="28.817592" lon="121.075312"><ele>619.2</ele></rtept><rtept lat="28.817585" lon="121.075292"><ele>619.2</ele></rtept><rtept lat="28.817577" lon="121.07527"><ele>619.2</ele></rtept><rtept lat="28.817567" lon="121.075248"><ele>619.8</ele></rtept><rtept lat="28.81756" lon="121.075227"><ele>619.8</ele></rtept><rtept lat="28.817555" lon="121.075205"><ele>619.8</ele></rtept><rtept lat="28.817547" lon="121.075185"><ele>619.8</ele></rtept><rtept lat="28.81754" lon="121.075162"><ele>620.2</ele></rtept><rtept lat="28.81753" lon="121.07514"><ele>620.6</ele></rtept><rtept lat="28.817517" lon="121.07512"><ele>620.6</ele></rtept><rtept lat="28.817507" lon="121.075097"><ele>620.6</ele></rtept><rtept lat="28.8175" lon="121.075075"><ele>620.8</ele></rtept><rtept lat="28.817492" lon="121.075052"><ele>621.0</ele></rtept><rtept lat="28.81749" lon="121.075027"><ele>621.4</ele></rtept><rtept lat="28.817485" lon="121.075002"><ele>621.6</ele></rtept><rtept lat="28.817482" lon="121.074975"><ele>621.8</ele></rtept><rtept lat="28.817482" lon="121.07495"><ele>621.8</ele></rtept><rtept lat="28.817477" lon="121.074922"><ele>621.8</ele></rtept><rtept lat="28.817477" lon="121.074897"><ele>622.2</ele></rtept><rtept lat="28.817477" lon="121.074872"><ele>622.6</ele></rtept><rtept lat="28.81748" lon="121.074845"><ele>622.6</ele></rtept><rtept lat="28.817482" lon="121.07482"><ele>622.6</ele></rtept><rtept lat="28.817482" lon="121.07479"><ele>622.8</ele></rtept><rtept lat="28.817487" lon="121.074767"><ele>623.4</ele></rtept><rtept lat="28.817492" lon="121.074742"><ele>623.4</ele></rtept><rtept lat="28.817495" lon="121.074717"><ele>623.6</ele></rtept><rtept lat="28.817497" lon="121.074695"><ele>624.0</ele></rtept><rtept lat="28.817502" lon="121.074667"><ele>624.2</ele></rtept><rtept lat="28.817505" lon="121.074645"><ele>624.4</ele></rtept><rtept lat="28.817507" lon="121.074617"><ele>624.6</ele></rtept><rtept lat="28.817507" lon="121.07459"><ele>624.8</ele></rtept><rtept lat="28.81751" lon="121.074562"><ele>624.8</ele></rtept><rtept lat="28.817512" lon="121.074532"><ele>624.8</ele></rtept><rtept lat="28.81751" lon="121.074502"><ele>625.0</ele></rtept><rtept lat="28.817507" lon="121.074477"><ele>625.2</ele></rtept><rtept lat="28.817507" lon="121.074447"><ele>625.2</ele></rtept><rtept lat="28.817507" lon="121.074417"><ele>625.2</ele></rtept><rtept lat="28.81751" lon="121.074387"><ele>625.4</ele></rtept><rtept lat="28.817512" lon="121.07436"><ele>625.4</ele></rtept><rtept lat="28.817512" lon="121.074337"><ele>625.4</ele></rtept><rtept lat="28.817515" lon="121.074307"><ele>625.8</ele></rtept><rtept lat="28.817512" lon="121.074282"><ele>626.2</ele></rtept><rtept lat="28.817512" lon="121.074252"><ele>626.8</ele></rtept><rtept lat="28.817507" lon="121.074227"><ele>627.0</ele></rtept><rtept lat="28.817502" lon="121.074197"><ele>627.4</ele></rtept><rtept lat="28.817495" lon="121.074172"><ele>627.6</ele></rtept><rtept lat="28.817485" lon="121.074142"><ele>627.8</ele></rtept><rtept lat="28.817472" lon="121.07412"><ele>627.8</ele></rtept><rtept lat="28.817457" lon="121.074102"><ele>628.0</ele></rtept><rtept lat="28.817437" lon="121.074082"><ele>627.6</ele></rtept><rtept lat="28.817415" lon="121.074072"><ele>627.6</ele></rtept><rtept lat="28.817392" lon="121.074062"><ele>628.0</ele></rtept><rtept lat="28.81737" lon="121.074055"><ele>628.2</ele></rtept><rtept lat="28.817347" lon="121.074047"><ele>628.4</ele></rtept><rtept lat="28.817325" lon="121.074045"><ele>628.4</ele></rtept><rtept lat="28.8173" lon="121.074037"><ele>628.6</ele></rtept><rtept lat="28.817277" lon="121.074032"><ele>629.0</ele></rtept><rtept lat="28.817252" lon="121.074027"><ele>629.0</ele></rtept><rtept lat="28.817228" lon="121.074022"><ele>629.0</ele></rtept><rtept lat="28.817205" lon="121.074017"><ele>629.2</ele></rtept><rtept lat="28.817182" lon="121.07401"><ele>629.6</ele></rtept><rtept lat="28.817157" lon="121.074002"><ele>629.6</ele></rtept><rtept lat="28.817132" lon="121.073997"><ele>629.6</ele></rtept><rtept lat="28.81711" lon="121.073987"><ele>629.8</ele></rtept><rtept lat="28.817087" lon="121.073982"><ele>630.4</ele></rtept><rtept lat="28.817062" lon="121.073975"><ele>630.6</ele></rtept><rtept lat="28.817038" lon="121.073967"><ele>630.8</ele></rtept><rtept lat="28.817017" lon="121.073955"><ele>631.2</ele></rtept><rtept lat="28.816992" lon="121.073942"><ele>631.2</ele></rtept><rtept lat="28.81697" lon="121.073937"><ele>631.2</ele></rtept><rtept lat="28.816945" lon="121.073932"><ele>631.2</ele></rtept><rtept lat="28.816917" lon="121.073925"><ele>631.0</ele></rtept><rtept lat="28.816892" lon="121.073922"><ele>631.2</ele></rtept><rtept lat="28.816867" lon="121.073917"><ele>631.2</ele></rtept><rtept lat="28.816842" lon="121.073907"><ele>631.4</ele></rtept><rtept lat="28.81682" lon="121.073898"><ele>631.4</ele></rtept><rtept lat="28.816797" lon="121.073892"><ele>631.4</ele></rtept><rtept lat="28.816772" lon="121.07388"><ele>631.4</ele></rtept><rtept lat="28.81675" lon="121.07387"><ele>631.6</ele></rtept><rtept lat="28.816727" lon="121.073852"><ele>631.4</ele></rtept><rtept lat="28.816705" lon="121.07384"><ele>631.0</ele></rtept><rtept lat="28.816682" lon="121.073827"><ele>631.0</ele></rtept><rtept lat="28.816662" lon="121.073812"><ele>631.4</ele></rtept><rtept lat="28.816642" lon="121.0738"><ele>632.0</ele></rtept><rtept lat="28.816627" lon="121.073785"><ele>632.0</ele></rtept><rtept lat="28.816612" lon="121.073758"><ele>632.6</ele></rtept><rtept lat="28.816607" lon="121.073732"><ele>633.2</ele></rtept><rtept lat="28.816602" lon="121.073707"><ele>633.2</ele></rtept><rtept lat="28.816612" lon="121.073677"><ele>632.6</ele></rtept><rtept lat="28.816623" lon="121.073655"><ele>632.8</ele></rtept><rtept lat="28.816647" lon="121.073637"><ele>633.4</ele></rtept><rtept lat="28.81667" lon="121.073622"><ele>634.2</ele></rtept><rtept lat="28.816695" lon="121.073612"><ele>634.6</ele></rtept><rtept lat="28.816717" lon="121.073607"><ele>635.0</ele></rtept><rtept lat="28.816742" lon="121.073612"><ele>635.2</ele></rtept><rtept lat="28.816767" lon="121.073622"><ele>635.6</ele></rtept><rtept lat="28.816787" lon="121.07363"><ele>635.8</ele></rtept><rtept lat="28.81681" lon="121.073642"><ele>635.8</ele></rtept><rtept lat="28.816832" lon="121.073652"><ele>635.8</ele></rtept><rtept lat="28.816855" lon="121.073662"><ele>636.0</ele></rtept><rtept lat="28.816877" lon="121.07367"><ele>636.2</ele></rtept><rtept lat="28.816897" lon="121.073682"><ele>636.6</ele></rtept><rtept lat="28.816917" lon="121.073687"><ele>637.0</ele></rtept><rtept lat="28.816942" lon="121.073702"><ele>637.2</ele></rtept><rtept lat="28.816965" lon="121.073715"><ele>637.4</ele></rtept><rtept lat="28.816987" lon="121.073722"><ele>637.4</ele></rtept><rtept lat="28.817007" lon="121.073732"><ele>638.2</ele></rtept><rtept lat="28.817032" lon="121.073737"><ele>638.4</ele></rtept><rtept lat="28.817057" lon="121.073742"><ele>638.6</ele></rtept><rtept lat="28.817077" lon="121.073745"><ele>638.4</ele></rtept><rtept lat="28.817102" lon="121.073752"><ele>638.6</ele></rtept><rtept lat="28.817122" lon="121.073757"><ele>638.8</ele></rtept><rtept lat="28.817147" lon="121.073762"><ele>639.0</ele></rtept><rtept lat="28.81717" lon="121.073767"><ele>639.8</ele></rtept><rtept lat="28.817192" lon="121.07377"><ele>639.8</ele></rtept><rtept lat="28.817217" lon="121.073767"><ele>640.2</ele></rtept><rtept lat="28.817245" lon="121.073765"><ele>640.6</ele></rtept><rtept lat="28.81727" lon="121.073762"><ele>640.6</ele></rtept><rtept lat="28.81729" lon="121.073757"><ele>640.6</ele></rtept><rtept lat="28.817312" lon="121.073752"><ele>640.6</ele></rtept><rtept lat="28.817335" lon="121.073742"><ele>640.6</ele></rtept><rtept lat="28.81736" lon="121.073737"><ele>640.6</ele></rtept><rtept lat="28.817382" lon="121.073727"><ele>640.4</ele></rtept><rtept lat="28.817407" lon="121.073722"><ele>640.2</ele></rtept><rtept lat="28.817427" lon="121.073715"><ele>640.2</ele></rtept><rtept lat="28.817452" lon="121.07371"><ele>640.6</ele></rtept><rtept lat="28.817475" lon="121.073707"><ele>641.0</ele></rtept><rtept lat="28.817497" lon="121.0737"><ele>641.0</ele></rtept><rtept lat="28.817517" lon="121.073692"><ele>641.0</ele></rtept><rtept lat="28.817537" lon="121.073685"><ele>641.0</ele></rtept><rtept lat="28.817555" lon="121.07367"><ele>641.2</ele></rtept><rtept lat="28.81756" lon="121.073642"><ele>641.4</ele></rtept><rtept lat="28.81756" lon="121.073627"><ele>643.0</ele></rtept><rtept lat="28.817562" lon="121.073605"><ele>643.8</ele></rtept><rtept lat="28.817565" lon="121.07358"><ele>644.4</ele></rtept><rtept lat="28.817572" lon="121.07355"><ele>646.2</ele></rtept><rtept lat="28.817575" lon="121.073522"><ele>646.8</ele></rtept><rtept lat="28.817577" lon="121.073497"><ele>648.6</ele></rtept><rtept lat="28.817587" lon="121.073467"><ele>649.4</ele></rtept><rtept lat="28.817595" lon="121.073448"><ele>649.6</ele></rtept><rtept lat="28.817602" lon="121.073427"><ele>649.6</ele></rtept><rtept lat="28.817608" lon="121.073402"><ele>651.2</ele></rtept><rtept lat="28.817617" lon="121.073377"><ele>652.8</ele></rtept><rtept lat="28.817627" lon="121.073345"><ele>653.8</ele></rtept><rtept lat="28.817627" lon="121.073315"><ele>655.2</ele></rtept><rtept lat="28.817622" lon="121.073287"><ele>656.4</ele></rtept><rtept lat="28.817608" lon="121.07326"><ele>657.0</ele></rtept><rtept lat="28.817597" lon="121.073235"><ele>657.8</ele></rtept><rtept lat="28.817587" lon="121.073215"><ele>658.4</ele></rtept><rtept lat="28.817577" lon="121.073192"><ele>659.2</ele></rtept><rtept lat="28.817562" lon="121.07317"><ele>660.2</ele></rtept><rtept lat="28.81754" lon="121.073147"><ele>660.2</ele></rtept><rtept lat="28.817515" lon="121.073127"><ele>660.6</ele></rtept><rtept lat="28.817497" lon="121.073097"><ele>661.2</ele></rtept><rtept lat="28.817492" lon="121.073067"><ele>661.6</ele></rtept><rtept lat="28.817487" lon="121.07305"><ele>662.4</ele></rtept><rtept lat="28.81748" lon="121.07302"><ele>663.4</ele></rtept><rtept lat="28.817467" lon="121.072998"><ele>664.2</ele></rtept><rtept lat="28.817453" lon="121.07298"><ele>664.4</ele></rtept><rtept lat="28.817442" lon="121.072965"><ele>665.0</ele></rtept><rtept lat="28.817435" lon="121.072942"><ele>666.6</ele></rtept><rtept lat="28.817432" lon="121.072912"><ele>667.2</ele></rtept><rtept lat="28.817417" lon="121.072905"><ele>668.8</ele></rtept><rtept lat="28.817397" lon="121.072892"><ele>670.0</ele></rtept><rtept lat="28.817385" lon="121.072872"><ele>670.4</ele></rtept><rtept lat="28.817372" lon="121.072852"><ele>671.0</ele></rtept><rtept lat="28.817367" lon="121.072828"><ele>672.6</ele></rtept><rtept lat="28.81737" lon="121.072807"><ele>672.8</ele></rtept><rtept lat="28.817377" lon="121.072787"><ele>674.2</ele></rtept><rtept lat="28.817377" lon="121.072762"><ele>674.8</ele></rtept><rtept lat="28.817372" lon="121.07273"><ele>674.8</ele></rtept><rtept lat="28.817372" lon="121.072702"><ele>675.2</ele></rtept><rtept lat="28.817367" lon="121.07267"><ele>675.6</ele></rtept><rtept lat="28.817352" lon="121.072635"><ele>676.2</ele></rtept><rtept lat="28.81735" lon="121.07261"><ele>676.2</ele></rtept><rtept lat="28.817355" lon="121.072582"><ele>676.2</ele></rtept><rtept lat="28.817367" lon="121.07256"><ele>676.6</ele></rtept><rtept lat="28.817382" lon="121.072522"><ele>676.6</ele></rtept><rtept lat="28.817382" lon="121.072497"><ele>676.0</ele></rtept><rtept lat="28.81739" lon="121.072467"><ele>675.6</ele></rtept><rtept lat="28.8174" lon="121.07244"><ele>675.0</ele></rtept><rtept lat="28.817407" lon="121.072417"><ele>674.0</ele></rtept><rtept lat="28.817418" lon="121.072395"><ele>673.2</ele></rtept><rtept lat="28.817435" lon="121.072365"><ele>672.6</ele></rtept><rtept lat="28.817442" lon="121.072347"><ele>672.6</ele></rtept><rtept lat="28.817452" lon="121.072312"><ele>673.4</ele></rtept><rtept lat="28.817467" lon="121.07229"><ele>673.8</ele></rtept><rtept lat="28.817482" lon="121.072272"><ele>674.0</ele></rtept><rtept lat="28.8175" lon="121.072247"><ele>674.2</ele></rtept><rtept lat="28.81751" lon="121.072232"><ele>675.4</ele></rtept><rtept lat="28.817522" lon="121.072212"><ele>676.0</ele></rtept><rtept lat="28.817535" lon="121.072192"><ele>676.8</ele></rtept><rtept lat="28.817552" lon="121.072177"><ele>678.0</ele></rtept><rtept lat="28.81757" lon="121.07216"><ele>678.6</ele></rtept><rtept lat="28.817585" lon="121.072147"><ele>679.0</ele></rtept><rtept lat="28.817597" lon="121.072127"><ele>680.0</ele></rtept><rtept lat="28.817607" lon="121.072102"><ele>681.0</ele></rtept><rtept lat="28.817608" lon="121.072075"><ele>681.8</ele></rtept><rtept lat="28.817602" lon="121.07205"><ele>682.2</ele></rtept><rtept lat="28.817597" lon="121.072027"><ele>683.2</ele></rtept><rtept lat="28.817587" lon="121.072007"><ele>683.8</ele></rtept><rtept lat="28.817587" lon="121.071982"><ele>684.2</ele></rtept><rtept lat="28.817592" lon="121.071955"><ele>685.2</ele></rtept><rtept lat="28.817602" lon="121.071928"><ele>686.6</ele></rtept><rtept lat="28.817607" lon="121.071912"><ele>688.0</ele></rtept><rtept lat="28.817615" lon="121.071887"><ele>688.6</ele></rtept><rtept lat="28.81763" lon="121.071872"><ele>689.2</ele></rtept><rtept lat="28.817643" lon="121.071865"><ele>690.0</ele></rtept><rtept lat="28.817652" lon="121.071842"><ele>690.8</ele></rtept><rtept lat="28.817655" lon="121.071817"><ele>691.6</ele></rtept><rtept lat="28.81766" lon="121.071795"><ele>693.2</ele></rtept><rtept lat="28.817667" lon="121.07177"><ele>694.6</ele></rtept><rtept lat="28.817672" lon="121.071742"><ele>695.0</ele></rtept><rtept lat="28.817667" lon="121.071715"><ele>695.2</ele></rtept><rtept lat="28.817667" lon="121.071692"><ele>696.0</ele></rtept><rtept lat="28.817677" lon="121.071667"><ele>696.6</ele></rtept><rtept lat="28.817697" lon="121.071637"><ele>697.8</ele></rtept><rtept lat="28.817707" lon="121.071617"><ele>697.8</ele></rtept><rtept lat="28.817722" lon="121.0716"><ele>697.8</ele></rtept><rtept lat="28.817735" lon="121.071582"><ele>697.8</ele></rtept><rtept lat="28.817747" lon="121.071567"><ele>698.8</ele></rtept><rtept lat="28.817762" lon="121.071552"><ele>699.0</ele></rtept><rtept lat="28.81778" lon="121.071537"><ele>699.2</ele></rtept><rtept lat="28.817792" lon="121.071517"><ele>701.0</ele></rtept><rtept lat="28.817805" lon="121.071497"><ele>701.0</ele></rtept><rtept lat="28.817817" lon="121.071477"><ele>700.2</ele></rtept><rtept lat="28.817827" lon="121.071457"><ele>697.8</ele></rtept><rtept lat="28.817847" lon="121.071442"><ele>697.8</ele></rtept><rtept lat="28.817867" lon="121.071427"><ele>698.0</ele></rtept><rtept lat="28.817887" lon="121.07142"><ele>698.0</ele></rtept><rtept lat="28.81791" lon="121.071422"><ele>697.8</ele></rtept><rtept lat="28.817932" lon="121.071425"><ele>697.8</ele></rtept><rtept lat="28.817955" lon="121.071422"><ele>698.0</ele></rtept><rtept lat="28.817972" lon="121.071405"><ele>697.0</ele></rtept><rtept lat="28.817962" lon="121.071382"><ele>696.6</ele></rtept><rtept lat="28.817962" lon="121.071362"><ele>695.8</ele></rtept><rtept lat="28.817967" lon="121.071342"><ele>695.6</ele></rtept><rtept lat="28.817992" lon="121.07132"><ele>694.0</ele></rtept><rtept lat="28.818012" lon="121.071302"><ele>691.4</ele></rtept><rtept lat="28.818012" lon="121.07128"><ele>690.2</ele></rtept><rtept lat="28.818015" lon="121.071253"><ele>689.6</ele></rtept><rtept lat="28.81802" lon="121.071232"><ele>689.2</ele></rtept><rtept lat="28.818023" lon="121.071207"><ele>689.2</ele></rtept><rtept lat="28.818027" lon="121.071182"><ele>689.2</ele></rtept><rtept lat="28.818032" lon="121.071155"><ele>689.0</ele></rtept><rtept lat="28.818032" lon="121.07113"><ele>688.0</ele></rtept><rtept lat="28.818042" lon="121.071107"><ele>686.4</ele></rtept><rtept lat="28.818045" lon="121.071082"><ele>686.2</ele></rtept><rtept lat="28.81805" lon="121.071052"><ele>685.8</ele></rtept><rtept lat="28.818052" lon="121.071022"><ele>685.4</ele></rtept><rtept lat="28.818058" lon="121.070985"><ele>685.2</ele></rtept><rtept lat="28.818067" lon="121.07095"><ele>684.6</ele></rtept><rtept lat="28.818075" lon="121.070912"><ele>683.4</ele></rtept><rtept lat="28.81808" lon="121.07088"><ele>683.4</ele></rtept><rtept lat="28.818085" lon="121.070857"><ele>683.2</ele></rtept><rtept lat="28.81809" lon="121.070832"><ele>683.0</ele></rtept><rtept lat="28.818097" lon="121.070802"><ele>682.8</ele></rtept><rtept lat="28.818102" lon="121.07077"><ele>682.6</ele></rtept><rtept lat="28.818105" lon="121.070727"><ele>682.2</ele></rtept><rtept lat="28.818112" lon="121.070695"><ele>681.2</ele></rtept><rtept lat="28.818117" lon="121.070665"><ele>680.2</ele></rtept><rtept lat="28.818122" lon="121.070632"><ele>680.0</ele></rtept><rtept lat="28.818127" lon="121.070602"><ele>679.4</ele></rtept><rtept lat="28.81813" lon="121.070572"><ele>679.4</ele></rtept><rtept lat="28.818132" lon="121.070547"><ele>678.6</ele></rtept><rtept lat="28.818127" lon="121.070522"><ele>678.2</ele></rtept><rtept lat="28.818122" lon="121.070497"><ele>678.2</ele></rtept><rtept lat="28.818117" lon="121.070472"><ele>678.0</ele></rtept><rtept lat="28.818117" lon="121.070452"><ele>677.2</ele></rtept><rtept lat="28.818117" lon="121.070415"><ele>676.2</ele></rtept><rtept lat="28.81811" lon="121.070395"><ele>675.8</ele></rtept><rtept lat="28.818112" lon="121.070357"><ele>674.0</ele></rtept><rtept lat="28.818107" lon="121.070337"><ele>673.2</ele></rtept><rtept lat="28.818107" lon="121.070315"><ele>672.6</ele></rtept><rtept lat="28.8181" lon="121.070285"><ele>672.0</ele></rtept><rtept lat="28.818097" lon="121.07025"><ele>671.2</ele></rtept><rtept lat="28.818092" lon="121.070207"><ele>670.4</ele></rtept><rtept lat="28.818097" lon="121.070162"><ele>669.6</ele></rtept><rtept lat="28.818107" lon="121.070127"><ele>669.4</ele></rtept><rtept lat="28.818122" lon="121.070092"><ele>669.0</ele></rtept><rtept lat="28.818137" lon="121.070057"><ele>668.8</ele></rtept><rtept lat="28.818145" lon="121.070032"><ele>668.8</ele></rtept><rtept lat="28.818157" lon="121.070012"><ele>668.6</ele></rtept><rtept lat="28.818162" lon="121.069992"><ele>668.4</ele></rtept><rtept lat="28.818177" lon="121.069967"><ele>668.4</ele></rtept><rtept lat="28.818182" lon="121.069947"><ele>669.0</ele></rtept><rtept lat="28.818187" lon="121.069927"><ele>669.0</ele></rtept><rtept lat="28.818197" lon="121.069887"><ele>669.8</ele></rtept><rtept lat="28.818202" lon="121.069862"><ele>669.8</ele></rtept><rtept lat="28.818207" lon="121.06983"><ele>670.0</ele></rtept><rtept lat="28.818212" lon="121.069807"><ele>670.0</ele></rtept><rtept lat="28.818225" lon="121.069775"><ele>671.0</ele></rtept><rtept lat="28.81823" lon="121.069752"><ele>671.4</ele></rtept><rtept lat="28.81824" lon="121.069715"><ele>672.0</ele></rtept><rtept lat="28.81824" lon="121.069675"><ele>672.8</ele></rtept><rtept lat="28.818232" lon="121.069652"><ele>673.2</ele></rtept><rtept lat="28.818202" lon="121.069627"><ele>673.6</ele></rtept><rtept lat="28.81817" lon="121.069607"><ele>674.0</ele></rtept><rtept lat="28.81815" lon="121.069587"><ele>674.0</ele></rtept><rtept lat="28.818132" lon="121.069562"><ele>674.0</ele></rtept><rtept lat="28.818115" lon="121.069532"><ele>674.0</ele></rtept><rtept lat="28.818097" lon="121.069502"><ele>673.2</ele></rtept><rtept lat="28.818082" lon="121.069465"><ele>672.6</ele></rtept><rtept lat="28.818075" lon="121.06942"><ele>672.4</ele></rtept><rtept lat="28.81807" lon="121.069377"><ele>670.6</ele></rtept><rtept lat="28.818058" lon="121.069338"><ele>670.6</ele></rtept><rtept lat="28.818045" lon="121.069302"><ele>670.0</ele></rtept><rtept lat="28.81803" lon="121.069272"><ele>669.8</ele></rtept><rtept lat="28.818017" lon="121.069242"><ele>669.8</ele></rtept><rtept lat="28.818012" lon="121.069212"><ele>669.6</ele></rtept><rtept lat="28.818" lon="121.069187"><ele>669.6</ele></rtept><rtept lat="28.817982" lon="121.069167"><ele>669.6</ele></rtept><rtept lat="28.81796" lon="121.06914"><ele>669.8</ele></rtept><rtept lat="28.817937" lon="121.069112"><ele>669.8</ele></rtept><rtept lat="28.817912" lon="121.06909"><ele>669.6</ele></rtept><rtept lat="28.81789" lon="121.069058"><ele>669.2</ele></rtept><rtept lat="28.817867" lon="121.069027"><ele>669.0</ele></rtept><rtept lat="28.81785" lon="121.06899"><ele>669.0</ele></rtept><rtept lat="28.817837" lon="121.06895"><ele>669.0</ele></rtept><rtept lat="28.817832" lon="121.068907"><ele>668.8</ele></rtept><rtept lat="28.817832" lon="121.068867"><ele>668.6</ele></rtept><rtept lat="28.817837" lon="121.068825"><ele>668.6</ele></rtept><rtept lat="28.817837" lon="121.068782"><ele>668.4</ele></rtept><rtept lat="28.817837" lon="121.068742"><ele>668.2</ele></rtept><rtept lat="28.81783" lon="121.068707"><ele>668.2</ele></rtept><rtept lat="28.817817" lon="121.068677"><ele>668.4</ele></rtept><rtept lat="28.817805" lon="121.068645"><ele>668.6</ele></rtept><rtept lat="28.81779" lon="121.068617"><ele>668.6</ele></rtept><rtept lat="28.817772" lon="121.06859"><ele>668.8</ele></rtept><rtept lat="28.817757" lon="121.068567"><ele>669.0</ele></rtept><rtept lat="28.817732" lon="121.068547"><ele>669.2</ele></rtept><rtept lat="28.817707" lon="121.068527"><ele>669.4</ele></rtept><rtept lat="28.817692" lon="121.068507"><ele>669.4</ele></rtept><rtept lat="28.817672" lon="121.06849"><ele>669.4</ele></rtept><rtept lat="28.817657" lon="121.068467"><ele>669.6</ele></rtept><rtept lat="28.817642" lon="121.068445"><ele>669.6</ele></rtept><rtept lat="28.817625" lon="121.06842"><ele>669.6</ele></rtept><rtept lat="28.817607" lon="121.068397"><ele>670.0</ele></rtept><rtept lat="28.81759" lon="121.068375"><ele>670.2</ele></rtept><rtept lat="28.817575" lon="121.068347"><ele>670.4</ele></rtept><rtept lat="28.817567" lon="121.068317"><ele>670.8</ele></rtept><rtept lat="28.817572" lon="121.068282"><ele>671.0</ele></rtept><rtept lat="28.81758" lon="121.06825"><ele>671.4</ele></rtept><rtept lat="28.817585" lon="121.068213"><ele>671.4</ele></rtept><rtept lat="28.817592" lon="121.068182"><ele>671.4</ele></rtept><rtept lat="28.817597" lon="121.068145"><ele>671.2</ele></rtept><rtept lat="28.817597" lon="121.06811"><ele>671.0</ele></rtept><rtept lat="28.817595" lon="121.068072"><ele>670.4</ele></rtept><rtept lat="28.817597" lon="121.068032"><ele>669.4</ele></rtept><rtept lat="28.817607" lon="121.067988"><ele>669.2</ele></rtept><rtept lat="28.817622" lon="121.067957"><ele>669.2</ele></rtept><rtept lat="28.817642" lon="121.067922"><ele>668.8</ele></rtept><rtept lat="28.81766" lon="121.067885"><ele>668.2</ele></rtept><rtept lat="28.81768" lon="121.067847"><ele>667.2</ele></rtept><rtept lat="28.817697" lon="121.067812"><ele>667.0</ele></rtept><rtept lat="28.817717" lon="121.067777"><ele>666.8</ele></rtept><rtept lat="28.817737" lon="121.06774"><ele>666.8</ele></rtept><rtept lat="28.817755" lon="121.067707"><ele>666.4</ele></rtept><rtept lat="28.817775" lon="121.067667"><ele>666.4</ele></rtept><rtept lat="28.817792" lon="121.067632"><ele>666.0</ele></rtept><rtept lat="28.817802" lon="121.0676"><ele>665.6</ele></rtept><rtept lat="28.817807" lon="121.06757"><ele>665.0</ele></rtept><rtept lat="28.817807" lon="121.067537"><ele>664.8</ele></rtept><rtept lat="28.817798" lon="121.067502"><ele>664.8</ele></rtept><rtept lat="28.81779" lon="121.06747"><ele>665.4</ele></rtept><rtept lat="28.81778" lon="121.067432"><ele>665.4</ele></rtept><rtept lat="28.81777" lon="121.067402"><ele>665.0</ele></rtept><rtept lat="28.817752" lon="121.067368"><ele>663.8</ele></rtept><rtept lat="28.817737" lon="121.067335"><ele>662.8</ele></rtept><rtept lat="28.817732" lon="121.067297"><ele>662.6</ele></rtept><rtept lat="28.817742" lon="121.06726"><ele>662.2</ele></rtept><rtept lat="28.817757" lon="121.067227"><ele>661.6</ele></rtept><rtept lat="28.817772" lon="121.067192"><ele>661.2</ele></rtept><rtept lat="28.817782" lon="121.067162"><ele>661.0</ele></rtept><rtept lat="28.817787" lon="121.067132"><ele>661.0</ele></rtept><rtept lat="28.817795" lon="121.067112"><ele>660.8</ele></rtept><rtept lat="28.817802" lon="121.067087"><ele>661.0</ele></rtept><rtept lat="28.817807" lon="121.067047"><ele>661.2</ele></rtept><rtept lat="28.817802" lon="121.067012"><ele>662.0</ele></rtept><rtept lat="28.817792" lon="121.066982"><ele>662.8</ele></rtept><rtept lat="28.817785" lon="121.066962"><ele>663.2</ele></rtept><rtept lat="28.817772" lon="121.066942"><ele>663.8</ele></rtept><rtept lat="28.817762" lon="121.066917"><ele>664.0</ele></rtept><rtept lat="28.81776" lon="121.066892"><ele>664.0</ele></rtept><rtept lat="28.81776" lon="121.06687"><ele>663.6</ele></rtept><rtept lat="28.817762" lon="121.066847"><ele>663.6</ele></rtept><rtept lat="28.81777" lon="121.066825"><ele>663.6</ele></rtept><rtept lat="28.817772" lon="121.066802"><ele>663.8</ele></rtept><rtept lat="28.817767" lon="121.066767"><ele>663.8</ele></rtept><rtept lat="28.817742" lon="121.066747"><ele>664.6</ele></rtept><rtept lat="28.817712" lon="121.06674"><ele>664.8</ele></rtept><rtept lat="28.817687" lon="121.066715"><ele>665.2</ele></rtept><rtept lat="28.817687" lon="121.066692"><ele>665.4</ele></rtept><rtept lat="28.817697" lon="121.066672"><ele>665.8</ele></rtept><rtept lat="28.817697" lon="121.066647"><ele>665.8</ele></rtept><rtept lat="28.817687" lon="121.06661"><ele>666.0</ele></rtept><rtept lat="28.817667" lon="121.066597"><ele>666.2</ele></rtept><rtept lat="28.81765" lon="121.066587"><ele>666.2</ele></rtept><rtept lat="28.817627" lon="121.06658"><ele>666.2</ele></rtept><rtept lat="28.817607" lon="121.066567"><ele>666.2</ele></rtept><rtept lat="28.817582" lon="121.06655"><ele>666.2</ele></rtept><rtept lat="28.81756" lon="121.066532"><ele>666.2</ele></rtept><rtept lat="28.817547" lon="121.066507"><ele>666.2</ele></rtept><rtept lat="28.817542" lon="121.06648"><ele>665.8</ele></rtept><rtept lat="28.817542" lon="121.066457"><ele>665.8</ele></rtept><rtept lat="28.81755" lon="121.066432"><ele>665.8</ele></rtept><rtept lat="28.817562" lon="121.066407"><ele>665.8</ele></rtept><rtept lat="28.817582" lon="121.06639"><ele>666.0</ele></rtept><rtept lat="28.817607" lon="121.066377"><ele>666.6</ele></rtept><rtept lat="28.817627" lon="121.066372"><ele>667.2</ele></rtept><rtept lat="28.817647" lon="121.06636"><ele>667.4</ele></rtept><rtept lat="28.817665" lon="121.066337"><ele>667.4</ele></rtept><rtept lat="28.817677" lon="121.066317"><ele>667.4</ele></rtept><rtept lat="28.817687" lon="121.066295"><ele>667.2</ele></rtept><rtept lat="28.817692" lon="121.066272"><ele>667.0</ele></rtept><rtept lat="28.817702" lon="121.066247"><ele>667.0</ele></rtept><rtept lat="28.817715" lon="121.066232"><ele>668.0</ele></rtept><rtept lat="28.817735" lon="121.066217"><ele>668.0</ele></rtept><rtept lat="28.817755" lon="121.066197"><ele>668.2</ele></rtept><rtept lat="28.817775" lon="121.066177"><ele>668.2</ele></rtept><rtept lat="28.817797" lon="121.066157"><ele>668.2</ele></rtept><rtept lat="28.817822" lon="121.066137"><ele>668.2</ele></rtept><rtept lat="28.817842" lon="121.06612"><ele>668.2</ele></rtept><rtept lat="28.817862" lon="121.066102"><ele>667.8</ele></rtept><rtept lat="28.817877" lon="121.066077"><ele>668.0</ele></rtept><rtept lat="28.817877" lon="121.066057"><ele>668.4</ele></rtept><rtept lat="28.817868" lon="121.066032"><ele>669.2</ele></rtept><rtept lat="28.81786" lon="121.066012"><ele>669.8</ele></rtept><rtept lat="28.81785" lon="121.065987"><ele>670.2</ele></rtept><rtept lat="28.817842" lon="121.065962"><ele>670.4</ele></rtept><rtept lat="28.817832" lon="121.065937"><ele>670.8</ele></rtept><rtept lat="28.817822" lon="121.065917"><ele>670.8</ele></rtept><rtept lat="28.81781" lon="121.065902"><ele>670.6</ele></rtept><rtept lat="28.817792" lon="121.06588"><ele>670.6</ele></rtept><rtept lat="28.817775" lon="121.06586"><ele>670.6</ele></rtept><rtept lat="28.817755" lon="121.06584"><ele>670.6</ele></rtept><rtept lat="28.817737" lon="121.065827"><ele>670.2</ele></rtept><rtept lat="28.817722" lon="121.065815"><ele>670.2</ele></rtept><rtept lat="28.817702" lon="121.065807"><ele>670.2</ele></rtept><rtept lat="28.817687" lon="121.065793"><ele>670.2</ele></rtept><rtept lat="28.81766" lon="121.06576"><ele>670.4</ele></rtept><rtept lat="28.81765" lon="121.065737"><ele>670.8</ele></rtept><rtept lat="28.817637" lon="121.065712"><ele>671.0</ele></rtept><rtept lat="28.817627" lon="121.065687"><ele>671.4</ele></rtept><rtept lat="28.817622" lon="121.065665"><ele>671.4</ele></rtept><rtept lat="28.817602" lon="121.065632"><ele>671.2</ele></rtept><rtept lat="28.81759" lon="121.065607"><ele>670.8</ele></rtept><rtept lat="28.817572" lon="121.06558"><ele>670.8</ele></rtept><rtept lat="28.817562" lon="121.065542"><ele>670.6</ele></rtept><rtept lat="28.81756" lon="121.065517"><ele>670.2</ele></rtept><rtept lat="28.817562" lon="121.065492"><ele>669.4</ele></rtept><rtept lat="28.817567" lon="121.065467"><ele>669.0</ele></rtept><rtept lat="28.817572" lon="121.065445"><ele>668.8</ele></rtept><rtept lat="28.817582" lon="121.065412"><ele>668.4</ele></rtept><rtept lat="28.81759" lon="121.065382"><ele>669.0</ele></rtept><rtept lat="28.817592" lon="121.065357"><ele>669.6</ele></rtept><rtept lat="28.817597" lon="121.065332"><ele>670.4</ele></rtept><rtept lat="28.817605" lon="121.065302"><ele>671.2</ele></rtept><rtept lat="28.817612" lon="121.065282"><ele>671.6</ele></rtept><rtept lat="28.817627" lon="121.065262"><ele>672.6</ele></rtept><rtept lat="28.817635" lon="121.065242"><ele>673.6</ele></rtept><rtept lat="28.817647" lon="121.065227"><ele>674.2</ele></rtept><rtept lat="28.817655" lon="121.065202"><ele>675.2</ele></rtept><rtept lat="28.817657" lon="121.065182"><ele>675.6</ele></rtept><rtept lat="28.817677" lon="121.065172"><ele>676.8</ele></rtept><rtept lat="28.817687" lon="121.065167"><ele>678.4</ele></rtept><rtept lat="28.81771" lon="121.065157"><ele>679.4</ele></rtept><rtept lat="28.817722" lon="121.06514"><ele>680.2</ele></rtept><rtept lat="28.817732" lon="121.065117"><ele>680.2</ele></rtept><rtept lat="28.817735" lon="121.065092"><ele>680.8</ele></rtept><rtept lat="28.817752" lon="121.065072"><ele>682.0</ele></rtept><rtept lat="28.817767" lon="121.065047"><ele>682.8</ele></rtept><rtept lat="28.817775" lon="121.065017"><ele>683.4</ele></rtept><rtept lat="28.817762" lon="121.064987"><ele>683.8</ele></rtept><rtept lat="28.817737" lon="121.064962"><ele>684.4</ele></rtept><rtept lat="28.817725" lon="121.064947"><ele>685.4</ele></rtept><rtept lat="28.817707" lon="121.06493"><ele>685.4</ele></rtept><rtept lat="28.817687" lon="121.064902"><ele>685.8</ele></rtept><rtept lat="28.817672" lon="121.064865"><ele>686.4</ele></rtept><rtept lat="28.817667" lon="121.064845"><ele>686.8</ele></rtept><rtept lat="28.817662" lon="121.064825"><ele>687.0</ele></rtept><rtept lat="28.817652" lon="121.064795"><ele>687.6</ele></rtept><rtept lat="28.81763" lon="121.064762"><ele>687.8</ele></rtept><rtept lat="28.817617" lon="121.064742"><ele>688.0</ele></rtept><rtept lat="28.817602" lon="121.064707"><ele>689.0</ele></rtept><rtept lat="28.817582" lon="121.064682"><ele>689.6</ele></rtept><rtept lat="28.817567" lon="121.064647"><ele>690.6</ele></rtept><rtept lat="28.817562" lon="121.06461"><ele>691.6</ele></rtept><rtept lat="28.817562" lon="121.064577"><ele>692.0</ele></rtept><rtept lat="28.817567" lon="121.064555"><ele>692.2</ele></rtept><rtept lat="28.817572" lon="121.06452"><ele>693.4</ele></rtept><rtept lat="28.817587" lon="121.064485"><ele>694.4</ele></rtept><rtept lat="28.817602" lon="121.064465"><ele>694.6</ele></rtept><rtept lat="28.817612" lon="121.064442"><ele>695.0</ele></rtept><rtept lat="28.81762" lon="121.06442"><ele>695.4</ele></rtept><rtept lat="28.817622" lon="121.064395"><ele>695.4</ele></rtept><rtept lat="28.817632" lon="121.064367"><ele>695.4</ele></rtept><rtept lat="28.817637" lon="121.064337"><ele>695.4</ele></rtept><rtept lat="28.817635" lon="121.064307"><ele>695.6</ele></rtept><rtept lat="28.817637" lon="121.064277"><ele>696.0</ele></rtept><rtept lat="28.817637" lon="121.064252"><ele>696.0</ele></rtept><rtept lat="28.817635" lon="121.064225"><ele>696.6</ele></rtept><rtept lat="28.817632" lon="121.064197"><ele>696.8</ele></rtept><rtept lat="28.817627" lon="121.064167"><ele>696.8</ele></rtept><rtept lat="28.817622" lon="121.064142"><ele>697.0</ele></rtept><rtept lat="28.817617" lon="121.064115"><ele>697.2</ele></rtept><rtept lat="28.817607" lon="121.064092"><ele>697.4</ele></rtept><rtept lat="28.817592" lon="121.064062"><ele>697.4</ele></rtept><rtept lat="28.817577" lon="121.064027"><ele>697.4</ele></rtept><rtept lat="28.817565" lon="121.063997"><ele>697.4</ele></rtept><rtept lat="28.817557" lon="121.063955"><ele>697.2</ele></rtept><rtept lat="28.817552" lon="121.063917"><ele>696.4</ele></rtept><rtept lat="28.817552" lon="121.063882"><ele>696.2</ele></rtept><rtept lat="28.817557" lon="121.063842"><ele>695.6</ele></rtept><rtept lat="28.817565" lon="121.063807"><ele>695.2</ele></rtept><rtept lat="28.817572" lon="121.063772"><ele>695.2</ele></rtept><rtept lat="28.817577" lon="121.063738"><ele>695.0</ele></rtept><rtept lat="28.817577" lon="121.06371"><ele>695.0</ele></rtept><rtept lat="28.817572" lon="121.063677"><ele>695.6</ele></rtept><rtept lat="28.817567" lon="121.06365"><ele>695.6</ele></rtept><rtept lat="28.817562" lon="121.06362"><ele>695.6</ele></rtept><rtept lat="28.817552" lon="121.063595"><ele>695.6</ele></rtept><rtept lat="28.817542" lon="121.063565"><ele>695.6</ele></rtept><rtept lat="28.81754" lon="121.063537"><ele>695.4</ele></rtept><rtept lat="28.817542" lon="121.06351"><ele>695.4</ele></rtept><rtept lat="28.817545" lon="121.063482"><ele>695.4</ele></rtept><rtept lat="28.817547" lon="121.063455"><ele>695.0</ele></rtept><rtept lat="28.81755" lon="121.063432"><ele>694.8</ele></rtept><rtept lat="28.817547" lon="121.06341"><ele>694.8</ele></rtept><rtept lat="28.81754" lon="121.063385"><ele>695.2</ele></rtept><rtept lat="28.81753" lon="121.063365"><ele>695.4</ele></rtept><rtept lat="28.817517" lon="121.063347"><ele>695.8</ele></rtept><rtept lat="28.81751" lon="121.06333"><ele>696.4</ele></rtept><rtept lat="28.817497" lon="121.063312"><ele>696.6</ele></rtept><rtept lat="28.817485" lon="121.063295"><ele>696.6</ele></rtept><rtept lat="28.817472" lon="121.063272"><ele>696.8</ele></rtept><rtept lat="28.817465" lon="121.063252"><ele>697.0</ele></rtept><rtept lat="28.817453" lon="121.063227"><ele>697.4</ele></rtept><rtept lat="28.817447" lon="121.063207"><ele>697.6</ele></rtept><rtept lat="28.817432" lon="121.063177"><ele>697.6</ele></rtept><rtept lat="28.817422" lon="121.063157"><ele>697.6</ele></rtept><rtept lat="28.817412" lon="121.063132"><ele>697.6</ele></rtept><rtept lat="28.81741" lon="121.063112"><ele>697.8</ele></rtept><rtept lat="28.817412" lon="121.063082"><ele>698.0</ele></rtept><rtept lat="28.817422" lon="121.06305"><ele>698.0</ele></rtept><rtept lat="28.817432" lon="121.063017"><ele>698.0</ele></rtept><rtept lat="28.817437" lon="121.062982"><ele>698.0</ele></rtept><rtept lat="28.817437" lon="121.06295"><ele>698.0</ele></rtept><rtept lat="28.817432" lon="121.062917"><ele>698.2</ele></rtept><rtept lat="28.817422" lon="121.062887"><ele>698.4</ele></rtept><rtept lat="28.817412" lon="121.062857"><ele>698.6</ele></rtept><rtept lat="28.817397" lon="121.062827"><ele>698.8</ele></rtept><rtept lat="28.817382" lon="121.062802"><ele>698.8</ele></rtept><rtept lat="28.817367" lon="121.062782"><ele>699.0</ele></rtept><rtept lat="28.817347" lon="121.062767"><ele>699.8</ele></rtept><rtept lat="28.81733" lon="121.062747"><ele>699.8</ele></rtept><rtept lat="28.817312" lon="121.06273"><ele>700.0</ele></rtept><rtept lat="28.817297" lon="121.062705"><ele>700.2</ele></rtept><rtept lat="28.817275" lon="121.062687"><ele>700.2</ele></rtept><rtept lat="28.817255" lon="121.062677"><ele>700.8</ele></rtept><rtept lat="28.817235" lon="121.062667"><ele>700.8</ele></rtept><rtept lat="28.817207" lon="121.062667"><ele>700.8</ele></rtept><rtept lat="28.817182" lon="121.062662"><ele>700.8</ele></rtept><rtept lat="28.817152" lon="121.062657"><ele>700.8</ele></rtept><rtept lat="28.81712" lon="121.062657"><ele>701.0</ele></rtept><rtept lat="28.817092" lon="121.062652"><ele>701.2</ele></rtept><rtept lat="28.817065" lon="121.062647"><ele>701.0</ele></rtept><rtept lat="28.817037" lon="121.062642"><ele>701.0</ele></rtept><rtept lat="28.817015" lon="121.062627"><ele>701.0</ele></rtept><rtept lat="28.816992" lon="121.062617"><ele>701.0</ele></rtept><rtept lat="28.816967" lon="121.062602"><ele>701.2</ele></rtept><rtept lat="28.816947" lon="121.062585"><ele>701.2</ele></rtept><rtept lat="28.816927" lon="121.062565"><ele>701.6</ele></rtept><rtept lat="28.81691" lon="121.062547"><ele>701.8</ele></rtept><rtept lat="28.816892" lon="121.062528"><ele>702.0</ele></rtept><rtept lat="28.81687" lon="121.062505"><ele>702.0</ele></rtept><rtept lat="28.816855" lon="121.062482"><ele>702.0</ele></rtept><rtept lat="28.816842" lon="121.062452"><ele>702.4</ele></rtept><rtept lat="28.816835" lon="121.062425"><ele>702.6</ele></rtept><rtept lat="28.816825" lon="121.062397"><ele>702.6</ele></rtept><rtept lat="28.816817" lon="121.062377"><ele>703.0</ele></rtept><rtept lat="28.816807" lon="121.06235"><ele>703.2</ele></rtept><rtept lat="28.816802" lon="121.062322"><ele>703.6</ele></rtept><rtept lat="28.816802" lon="121.062295"><ele>703.6</ele></rtept><rtept lat="28.816802" lon="121.062265"><ele>703.8</ele></rtept><rtept lat="28.816797" lon="121.062232"><ele>703.8</ele></rtept><rtept lat="28.816787" lon="121.062202"><ele>703.6</ele></rtept><rtept lat="28.816785" lon="121.06217"><ele>703.6</ele></rtept><rtept lat="28.816785" lon="121.062137"><ele>703.6</ele></rtept><rtept lat="28.816785" lon="121.062107"><ele>703.6</ele></rtept><rtept lat="28.816787" lon="121.062077"><ele>704.0</ele></rtept><rtept lat="28.816792" lon="121.062047"><ele>704.4</ele></rtept><rtept lat="28.816795" lon="121.062017"><ele>704.4</ele></rtept><rtept lat="28.816795" lon="121.061992"><ele>704.4</ele></rtept><rtept lat="28.816797" lon="121.061965"><ele>704.6</ele></rtept><rtept lat="28.8168" lon="121.06192"><ele>704.8</ele></rtept><rtept lat="28.816807" lon="121.061892"><ele>704.8</ele></rtept><rtept lat="28.816813" lon="121.061867"><ele>705.4</ele></rtept><rtept lat="28.81682" lon="121.061837"><ele>706.0</ele></rtept><rtept lat="28.816817" lon="121.06181"><ele>706.0</ele></rtept><rtept lat="28.816812" lon="121.061785"><ele>706.0</ele></rtept><rtept lat="28.816802" lon="121.061757"><ele>706.0</ele></rtept><rtept lat="28.816787" lon="121.061732"><ele>706.2</ele></rtept><rtept lat="28.816772" lon="121.061707"><ele>706.2</ele></rtept><rtept lat="28.816762" lon="121.061672"><ele>706.2</ele></rtept><rtept lat="28.816745" lon="121.061645"><ele>706.2</ele></rtept><rtept lat="28.816732" lon="121.061617"><ele>706.2</ele></rtept><rtept lat="28.81672" lon="121.0616"><ele>706.2</ele></rtept><rtept lat="28.816702" lon="121.061577"><ele>706.6</ele></rtept><rtept lat="28.81669" lon="121.06155"><ele>706.6</ele></rtept><rtept lat="28.816682" lon="121.061517"><ele>706.6</ele></rtept><rtept lat="28.816677" lon="121.06148"><ele>706.6</ele></rtept><rtept lat="28.816677" lon="121.061442"><ele>706.0</ele></rtept><rtept lat="28.816685" lon="121.061407"><ele>705.6</ele></rtept><rtept lat="28.816697" lon="121.061377"><ele>705.6</ele></rtept><rtept lat="28.81671" lon="121.061337"><ele>705.6</ele></rtept><rtept lat="28.816727" lon="121.0613"><ele>705.6</ele></rtept><rtept lat="28.816747" lon="121.061257"><ele>705.4</ele></rtept><rtept lat="28.816767" lon="121.061227"><ele>705.4</ele></rtept><rtept lat="28.816787" lon="121.061197"><ele>705.4</ele></rtept><rtept lat="28.816807" lon="121.061167"><ele>705.6</ele></rtept><rtept lat="28.816827" lon="121.06114"><ele>705.6</ele></rtept><rtept lat="28.816837" lon="121.061122"><ele>705.6</ele></rtept><rtept lat="28.816847" lon="121.061097"><ele>705.8</ele></rtept><rtept lat="28.816857" lon="121.061072"><ele>706.2</ele></rtept><rtept lat="28.816862" lon="121.061047"><ele>706.8</ele></rtept><rtept lat="28.816862" lon="121.061022"><ele>706.8</ele></rtept><rtept lat="28.816857" lon="121.060995"><ele>707.0</ele></rtept><rtept lat="28.816847" lon="121.060962"><ele>707.2</ele></rtept><rtept lat="28.81684" lon="121.060935"><ele>707.2</ele></rtept><rtept lat="28.816827" lon="121.060905"><ele>707.2</ele></rtept><rtept lat="28.816817" lon="121.060868"><ele>707.2</ele></rtept><rtept lat="28.816812" lon="121.060842"><ele>707.2</ele></rtept><rtept lat="28.816812" lon="121.06081"><ele>707.8</ele></rtept><rtept lat="28.816822" lon="121.060772"><ele>707.8</ele></rtept><rtept lat="28.816822" lon="121.060742"><ele>707.6</ele></rtept><rtept lat="28.816817" lon="121.060712"><ele>707.6</ele></rtept><rtept lat="28.816813" lon="121.060672"><ele>707.6</ele></rtept><rtept lat="28.816812" lon="121.060642"><ele>707.4</ele></rtept><rtept lat="28.81681" lon="121.060612"><ele>707.0</ele></rtept><rtept lat="28.816812" lon="121.060582"><ele>706.8</ele></rtept><rtept lat="28.816813" lon="121.060555"><ele>706.6</ele></rtept><rtept lat="28.816827" lon="121.060525"><ele>706.6</ele></rtept><rtept lat="28.816842" lon="121.060495"><ele>706.8</ele></rtept><rtept lat="28.816857" lon="121.060467"><ele>706.8</ele></rtept><rtept lat="28.81687" lon="121.060447"><ele>707.2</ele></rtept><rtept lat="28.816883" lon="121.060432"><ele>707.6</ele></rtept><rtept lat="28.816897" lon="121.060412"><ele>707.6</ele></rtept><rtept lat="28.816912" lon="121.060392"><ele>707.8</ele></rtept><rtept lat="28.816927" lon="121.060367"><ele>708.2</ele></rtept><rtept lat="28.816935" lon="121.060347"><ele>708.4</ele></rtept><rtept lat="28.816947" lon="121.060327"><ele>708.8</ele></rtept><rtept lat="28.816957" lon="121.060307"><ele>709.2</ele></rtept><rtept lat="28.816967" lon="121.060277"><ele>709.6</ele></rtept><rtept lat="28.816977" lon="121.060252"><ele>709.8</ele></rtept><rtept lat="28.816992" lon="121.060225"><ele>709.8</ele></rtept><rtept lat="28.817002" lon="121.060202"><ele>709.8</ele></rtept><rtept lat="28.817007" lon="121.06018"><ele>710.0</ele></rtept><rtept lat="28.817015" lon="121.060157"><ele>710.0</ele></rtept><rtept lat="28.817017" lon="121.060132"><ele>710.0</ele></rtept><rtept lat="28.817017" lon="121.060112"><ele>710.2</ele></rtept><rtept lat="28.817012" lon="121.060087"><ele>710.2</ele></rtept><rtept lat="28.817002" lon="121.060065"><ele>710.4</ele></rtept><rtept lat="28.816985" lon="121.060042"><ele>710.6</ele></rtept><rtept lat="28.816967" lon="121.060027"><ele>710.6</ele></rtept><rtept lat="28.81695" lon="121.060012"><ele>710.6</ele></rtept><rtept lat="28.816932" lon="121.059997"><ele>710.6</ele></rtept><rtept lat="28.816912" lon="121.05999"><ele>710.6</ele></rtept><rtept lat="28.816887" lon="121.05998"><ele>710.6</ele></rtept><rtept lat="28.816865" lon="121.059967"><ele>710.6</ele></rtept><rtept lat="28.816847" lon="121.059952"><ele>710.6</ele></rtept><rtept lat="28.816832" lon="121.059932"><ele>710.8</ele></rtept><rtept lat="28.816822" lon="121.059915"><ele>711.0</ele></rtept><rtept lat="28.81682" lon="121.059887"><ele>711.0</ele></rtept><rtept lat="28.816817" lon="121.059857"><ele>711.0</ele></rtept><rtept lat="28.816827" lon="121.059827"><ele>711.0</ele></rtept><rtept lat="28.816832" lon="121.059787"><ele>710.8</ele></rtept><rtept lat="28.816837" lon="121.059747"><ele>710.4</ele></rtept><rtept lat="28.816845" lon="121.059712"><ele>710.4</ele></rtept><rtept lat="28.816852" lon="121.05968"><ele>709.8</ele></rtept><rtept lat="28.816855" lon="121.059645"><ele>709.0</ele></rtept><rtept lat="28.816855" lon="121.059607"><ele>708.8</ele></rtept><rtept lat="28.816855" lon="121.059567"><ele>708.0</ele></rtept><rtept lat="28.816862" lon="121.059522"><ele>707.2</ele></rtept><rtept lat="28.816875" lon="121.059477"><ele>706.0</ele></rtept><rtept lat="28.816887" lon="121.059427"><ele>705.4</ele></rtept><rtept lat="28.816902" lon="121.059382"><ele>704.4</ele></rtept><rtept lat="28.81691" lon="121.059337"><ele>703.6</ele></rtept><rtept lat="28.816927" lon="121.059287"><ele>703.0</ele></rtept><rtept lat="28.816947" lon="121.05925"><ele>702.4</ele></rtept><rtept lat="28.816965" lon="121.059215"><ele>702.2</ele></rtept><rtept lat="28.816985" lon="121.059172"><ele>702.2</ele></rtept><rtept lat="28.81701" lon="121.059132"><ele>701.8</ele></rtept><rtept lat="28.817037" lon="121.059095"><ele>701.4</ele></rtept><rtept lat="28.817067" lon="121.05906"><ele>701.0</ele></rtept><rtept lat="28.817092" lon="121.059027"><ele>700.8</ele></rtept><rtept lat="28.817117" lon="121.058987"><ele>700.6</ele></rtept><rtept lat="28.817132" lon="121.058957"><ele>700.2</ele></rtept><rtept lat="28.817147" lon="121.058917"><ele>699.8</ele></rtept><rtept lat="28.817152" lon="121.05889"><ele>699.6</ele></rtept><rtept lat="28.817147" lon="121.058867"><ele>699.4</ele></rtept><rtept lat="28.817132" lon="121.05884"><ele>699.4</ele></rtept><rtept lat="28.817117" lon="121.058807"><ele>699.2</ele></rtept><rtept lat="28.81709" lon="121.058777"><ele>698.6</ele></rtept><rtept lat="28.817072" lon="121.058742"><ele>698.6</ele></rtept><rtept lat="28.817057" lon="121.058707"><ele>698.6</ele></rtept><rtept lat="28.817047" lon="121.058673"><ele>698.4</ele></rtept><rtept lat="28.817038" lon="121.058637"><ele>698.2</ele></rtept><rtept lat="28.817027" lon="121.058602"><ele>698.0</ele></rtept><rtept lat="28.817012" lon="121.058565"><ele>698.0</ele></rtept><rtept lat="28.817" lon="121.058527"><ele>697.8</ele></rtept><rtept lat="28.81698" lon="121.058497"><ele>697.6</ele></rtept><rtept lat="28.816957" lon="121.058462"><ele>697.4</ele></rtept><rtept lat="28.816935" lon="121.058445"><ele>697.4</ele></rtept><rtept lat="28.81691" lon="121.058412"><ele>697.4</ele></rtept><rtept lat="28.81688" lon="121.058387"><ele>697.4</ele></rtept><rtept lat="28.816852" lon="121.058372"><ele>697.4</ele></rtept><rtept lat="28.816827" lon="121.058347"><ele>697.4</ele></rtept><rtept lat="28.816807" lon="121.058317"><ele>697.4</ele></rtept><rtept lat="28.816792" lon="121.058287"><ele>697.2</ele></rtept><rtept lat="28.81678" lon="121.058255"><ele>697.0</ele></rtept><rtept lat="28.81677" lon="121.05822"><ele>697.2</ele></rtept><rtept lat="28.816762" lon="121.058187"><ele>697.2</ele></rtept><rtept lat="28.816757" lon="121.058155"><ele>697.2</ele></rtept><rtept lat="28.816755" lon="121.058117"><ele>698.2</ele></rtept><rtept lat="28.816752" lon="121.058082"><ele>698.2</ele></rtept><rtept lat="28.816752" lon="121.05804"><ele>698.8</ele></rtept><rtept lat="28.816757" lon="121.058"><ele>699.0</ele></rtept><rtept lat="28.816755" lon="121.057962"><ele>699.2</ele></rtept><rtept lat="28.816752" lon="121.057925"><ele>699.4</ele></rtept><rtept lat="28.81674" lon="121.057897"><ele>699.4</ele></rtept><rtept lat="28.816725" lon="121.057872"><ele>699.8</ele></rtept><rtept lat="28.816705" lon="121.057847"><ele>700.0</ele></rtept><rtept lat="28.816685" lon="121.057817"><ele>700.0</ele></rtept><rtept lat="28.816662" lon="121.05779"><ele>700.0</ele></rtept><rtept lat="28.816642" lon="121.057762"><ele>700.0</ele></rtept><rtept lat="28.816627" lon="121.057732"><ele>700.0</ele></rtept><rtept lat="28.81662" lon="121.057697"><ele>700.0</ele></rtept><rtept lat="28.81662" lon="121.05766"><ele>699.8</ele></rtept><rtept lat="28.816627" lon="121.057622"><ele>699.8</ele></rtept><rtept lat="28.816637" lon="121.05759"><ele>699.4</ele></rtept><rtept lat="28.81665" lon="121.057557"><ele>699.2</ele></rtept><rtept lat="28.816662" lon="121.057527"><ele>699.0</ele></rtept><rtept lat="28.816675" lon="121.057492"><ele>699.0</ele></rtept><rtept lat="28.816687" lon="121.057457"><ele>699.2</ele></rtept><rtept lat="28.816697" lon="121.057417"><ele>699.2</ele></rtept><rtept lat="28.8167" lon="121.057382"><ele>699.4</ele></rtept><rtept lat="28.816697" lon="121.057352"><ele>699.4</ele></rtept><rtept lat="28.816685" lon="121.057332"><ele>699.6</ele></rtept><rtept lat="28.81667" lon="121.05731"><ele>699.8</ele></rtept><rtept lat="28.81665" lon="121.057292"><ele>700.0</ele></rtept><rtept lat="28.816627" lon="121.057277"><ele>700.0</ele></rtept><rtept lat="28.816602" lon="121.057262"><ele>700.2</ele></rtept><rtept lat="28.816575" lon="121.057247"><ele>700.4</ele></rtept><rtept lat="28.816547" lon="121.05723"><ele>700.6</ele></rtept><rtept lat="28.816527" lon="121.057212"><ele>700.4</ele></rtept><rtept lat="28.816512" lon="121.057187"><ele>700.6</ele></rtept><rtept lat="28.8165" lon="121.057153"><ele>700.6</ele></rtept><rtept lat="28.816497" lon="121.057122"><ele>700.6</ele></rtept><rtept lat="28.816495" lon="121.05709"><ele>701.0</ele></rtept><rtept lat="28.816502" lon="121.057045"><ele>701.0</ele></rtept><rtept lat="28.816507" lon="121.057005"><ele>701.0</ele></rtept><rtept lat="28.816517" lon="121.056965"><ele>700.8</ele></rtept><rtept lat="28.81652" lon="121.056925"><ele>700.6</ele></rtept><rtept lat="28.816512" lon="121.056887"><ele>700.4</ele></rtept><rtept lat="28.8165" lon="121.056865"><ele>700.4</ele></rtept><rtept lat="28.81649" lon="121.056843"><ele>700.4</ele></rtept><rtept lat="28.816475" lon="121.056822"><ele>699.6</ele></rtept><rtept lat="28.816457" lon="121.056802"><ele>699.6</ele></rtept><rtept lat="28.81644" lon="121.056785"><ele>699.8</ele></rtept><rtept lat="28.81642" lon="121.05677"><ele>700.0</ele></rtept><rtept lat="28.816402" lon="121.056755"><ele>700.2</ele></rtept><rtept lat="28.816385" lon="121.056737"><ele>700.6</ele></rtept><rtept lat="28.81637" lon="121.056722"><ele>700.8</ele></rtept><rtept lat="28.816342" lon="121.056695"><ele>701.2</ele></rtept><rtept lat="28.816327" lon="121.056685"><ele>702.0</ele></rtept><rtept lat="28.816297" lon="121.056667"><ele>702.8</ele></rtept><rtept lat="28.816282" lon="121.056652"><ele>703.6</ele></rtept><rtept lat="28.816262" lon="121.05664"><ele>703.8</ele></rtept><rtept lat="28.816247" lon="121.056622"><ele>704.2</ele></rtept><rtept lat="28.816232" lon="121.056607"><ele>704.8</ele></rtept><rtept lat="28.816207" lon="121.056597"><ele>706.4</ele></rtept><rtept lat="28.816187" lon="121.05659"><ele>706.8</ele></rtept><rtept lat="28.81617" lon="121.056587"><ele>707.6</ele></rtept><rtept lat="28.816137" lon="121.056587"><ele>708.2</ele></rtept><rtept lat="28.816102" lon="121.056575"><ele>709.4</ele></rtept><rtept lat="28.816085" lon="121.056572"><ele>709.4</ele></rtept><rtept lat="28.816065" lon="121.056562"><ele>709.4</ele></rtept><rtept lat="28.816047" lon="121.056552"><ele>709.4</ele></rtept><rtept lat="28.816032" lon="121.05654"><ele>710.0</ele></rtept><rtept lat="28.816017" lon="121.056525"><ele>710.2</ele></rtept><rtept lat="28.816002" lon="121.056512"><ele>710.2</ele></rtept><rtept lat="28.815992" lon="121.056495"><ele>710.6</ele></rtept><rtept lat="28.81597" lon="121.056467"><ele>711.0</ele></rtept><rtept lat="28.815942" lon="121.05645"><ele>712.2</ele></rtept><rtept lat="28.815922" lon="121.056432"><ele>712.8</ele></rtept><rtept lat="28.815907" lon="121.056415"><ele>713.4</ele></rtept><rtept lat="28.815887" lon="121.056397"><ele>713.8</ele></rtept><rtept lat="28.815863" lon="121.05638"><ele>714.2</ele></rtept><rtept lat="28.815847" lon="121.056365"><ele>714.6</ele></rtept><rtept lat="28.815828" lon="121.056347"><ele>715.2</ele></rtept><rtept lat="28.815817" lon="121.056332"><ele>715.8</ele></rtept><rtept lat="28.815802" lon="121.05632"><ele>716.4</ele></rtept><rtept lat="28.815785" lon="121.056307"><ele>717.4</ele></rtept><rtept lat="28.815767" lon="121.056295"><ele>718.2</ele></rtept><rtept lat="28.81574" lon="121.056282"><ele>719.0</ele></rtept><rtept lat="28.815722" lon="121.056272"><ele>719.4</ele></rtept><rtept lat="28.815702" lon="121.05626"><ele>720.4</ele></rtept><rtept lat="28.815682" lon="121.056252"><ele>720.6</ele></rtept><rtept lat="28.815662" lon="121.056247"><ele>721.4</ele></rtept><rtept lat="28.81565" lon="121.056232"><ele>722.4</ele></rtept><rtept lat="28.815632" lon="121.056207"><ele>723.4</ele></rtept><rtept lat="28.815625" lon="121.056187"><ele>723.6</ele></rtept><rtept lat="28.815617" lon="121.056167"><ele>724.2</ele></rtept><rtept lat="28.815592" lon="121.056157"><ele>725.0</ele></rtept><rtept lat="28.81557" lon="121.056157"><ele>725.6</ele></rtept><rtept lat="28.815552" lon="121.056157"><ele>726.4</ele></rtept><rtept lat="28.815535" lon="121.056165"><ele>726.8</ele></rtept><rtept lat="28.815522" lon="121.056187"><ele>728.0</ele></rtept><rtept lat="28.815512" lon="121.056217"><ele>728.2</ele></rtept><rtept lat="28.8155" lon="121.056242"><ele>729.0</ele></rtept><rtept lat="28.815483" lon="121.056265"><ele>729.0</ele></rtept><rtept lat="28.81546" lon="121.056287"><ele>730.0</ele></rtept><rtept lat="28.815447" lon="121.056315"><ele>730.6</ele></rtept><rtept lat="28.815422" lon="121.05633"><ele>730.8</ele></rtept><rtept lat="28.815387" lon="121.056332"><ele>731.4</ele></rtept><rtept lat="28.81537" lon="121.056327"><ele>731.6</ele></rtept><rtept lat="28.815335" lon="121.056312"><ele>731.8</ele></rtept><rtept lat="28.815317" lon="121.056308"><ele>731.8</ele></rtept><rtept lat="28.815293" lon="121.056305"><ele>732.2</ele></rtept><rtept lat="28.815272" lon="121.056305"><ele>732.4</ele></rtept><rtept lat="28.815247" lon="121.056307"><ele>732.4</ele></rtept><rtept lat="28.815225" lon="121.056308"><ele>732.6</ele></rtept><rtept lat="28.815205" lon="121.056308"><ele>732.6</ele></rtept><rtept lat="28.815185" lon="121.056307"><ele>733.0</ele></rtept><rtept lat="28.815162" lon="121.056302"><ele>733.4</ele></rtept><rtept lat="28.815127" lon="121.056292"><ele>734.0</ele></rtept><rtept lat="28.815103" lon="121.056292"><ele>734.2</ele></rtept><rtept lat="28.815087" lon="121.056295"><ele>734.4</ele></rtept><rtept lat="28.815057" lon="121.056297"><ele>735.0</ele></rtept><rtept lat="28.815025" lon="121.056307"><ele>735.6</ele></rtept><rtept lat="28.815007" lon="121.056312"><ele>735.8</ele></rtept><rtept lat="28.814987" lon="121.056312"><ele>735.8</ele></rtept><rtept lat="28.81496" lon="121.056308"><ele>736.6</ele></rtept><rtept lat="28.814937" lon="121.056292"><ele>737.4</ele></rtept><rtept lat="28.814922" lon="121.05627"><ele>737.6</ele></rtept><rtept lat="28.814912" lon="121.056252"><ele>739.0</ele></rtept><rtept lat="28.814892" lon="121.056222"><ele>739.4</ele></rtept><rtept lat="28.814877" lon="121.056202"><ele>739.6</ele></rtept><rtept lat="28.814865" lon="121.056182"><ele>739.8</ele></rtept><rtept lat="28.814835" lon="121.05615"><ele>740.6</ele></rtept><rtept lat="28.814812" lon="121.056137"><ele>740.8</ele></rtept><rtept lat="28.814777" lon="121.056125"><ele>741.2</ele></rtept><rtept lat="28.814745" lon="121.056122"><ele>741.8</ele></rtept><rtept lat="28.814727" lon="121.056117"><ele>742.2</ele></rtept><rtept lat="28.814688" lon="121.056115"><ele>742.6</ele></rtept><rtept lat="28.81466" lon="121.05612"><ele>742.8</ele></rtept><rtept lat="28.814637" lon="121.056132"><ele>743.4</ele></rtept><rtept lat="28.81462" lon="121.056167"><ele>744.0</ele></rtept><rtept lat="28.814602" lon="121.056202"><ele>744.4</ele></rtept><rtept lat="28.81459" lon="121.056217"><ele>744.4</ele></rtept><rtept lat="28.814575" lon="121.056235"><ele>744.6</ele></rtept><rtept lat="28.814555" lon="121.05625"><ele>744.8</ele></rtept><rtept lat="28.814535" lon="121.056265"><ele>745.4</ele></rtept><rtept lat="28.814517" lon="121.05628"><ele>745.4</ele></rtept><rtept lat="28.814495" lon="121.056297"><ele>745.8</ele></rtept><rtept lat="28.814475" lon="121.056315"><ele>746.2</ele></rtept><rtept lat="28.814452" lon="121.056327"><ele>746.2</ele></rtept><rtept lat="28.814427" lon="121.05633"><ele>746.2</ele></rtept><rtept lat="28.814402" lon="121.056327"><ele>746.4</ele></rtept><rtept lat="28.814377" lon="121.056322"><ele>746.4</ele></rtept><rtept lat="28.814352" lon="121.056307"><ele>746.6</ele></rtept><rtept lat="28.814327" lon="121.056292"><ele>746.6</ele></rtept><rtept lat="28.814302" lon="121.056287"><ele>746.8</ele></rtept><rtept lat="28.81428" lon="121.056282"><ele>746.6</ele></rtept><rtept lat="28.814255" lon="121.056267"><ele>746.6</ele></rtept><rtept lat="28.814237" lon="121.05625"><ele>746.6</ele></rtept><rtept lat="28.814217" lon="121.05623"><ele>746.8</ele></rtept><rtept lat="28.814195" lon="121.056217"><ele>746.8</ele></rtept><rtept lat="28.81417" lon="121.056205"><ele>746.8</ele></rtept><rtept lat="28.814145" lon="121.056197"><ele>746.8</ele></rtept><rtept lat="28.814118" lon="121.056185"><ele>746.6</ele></rtept><rtept lat="28.814092" lon="121.056172"><ele>746.4</ele></rtept><rtept lat="28.814067" lon="121.056152"><ele>746.4</ele></rtept><rtept lat="28.814052" lon="121.056122"><ele>746.4</ele></rtept><rtept lat="28.81405" lon="121.056087"><ele>746.8</ele></rtept><rtept lat="28.814052" lon="121.056055"><ele>746.8</ele></rtept><rtept lat="28.814065" lon="121.05603"><ele>746.8</ele></rtept><rtept lat="28.814082" lon="121.056005"><ele>746.8</ele></rtept><rtept lat="28.814102" lon="121.055967"><ele>746.4</ele></rtept><rtept lat="28.814117" lon="121.055927"><ele>746.4</ele></rtept><rtept lat="28.814122" lon="121.055892"><ele>746.4</ele></rtept><rtept lat="28.814127" lon="121.055857"><ele>746.4</ele></rtept><rtept lat="28.814137" lon="121.055822"><ele>746.4</ele></rtept><rtept lat="28.814152" lon="121.055792"><ele>746.4</ele></rtept><rtept lat="28.814167" lon="121.05576"><ele>746.2</ele></rtept><rtept lat="28.814177" lon="121.055722"><ele>746.2</ele></rtept><rtept lat="28.814175" lon="121.055677"><ele>746.4</ele></rtept><rtept lat="28.814167" lon="121.055632"><ele>746.4</ele></rtept><rtept lat="28.814165" lon="121.05559"><ele>746.4</ele></rtept><rtept lat="28.81417" lon="121.055545"><ele>746.0</ele></rtept><rtept lat="28.814177" lon="121.055502"><ele>745.8</ele></rtept><rtept lat="28.814195" lon="121.055462"><ele>745.6</ele></rtept><rtept lat="28.814217" lon="121.055432"><ele>745.2</ele></rtept><rtept lat="28.81424" lon="121.055405"><ele>745.2</ele></rtept><rtept lat="28.814257" lon="121.05538"><ele>744.4</ele></rtept><rtept lat="28.81427" lon="121.05535"><ele>743.8</ele></rtept><rtept lat="28.814277" lon="121.05532"><ele>743.8</ele></rtept><rtept lat="28.81429" lon="121.055287"><ele>743.6</ele></rtept><rtept lat="28.814292" lon="121.055257"><ele>743.6</ele></rtept><rtept lat="28.814295" lon="121.055232"><ele>743.6</ele></rtept><rtept lat="28.814297" lon="121.055202"><ele>743.2</ele></rtept><rtept lat="28.814292" lon="121.055177"><ele>743.2</ele></rtept><rtept lat="28.81429" lon="121.055142"><ele>743.4</ele></rtept><rtept lat="28.814287" lon="121.055107"><ele>744.0</ele></rtept><rtept lat="28.814285" lon="121.05507"><ele>744.0</ele></rtept><rtept lat="28.814287" lon="121.055037"><ele>743.8</ele></rtept><rtept lat="28.814282" lon="121.055007"><ele>743.8</ele></rtept><rtept lat="28.814287" lon="121.054982"><ele>743.8</ele></rtept><rtept lat="28.814302" lon="121.054952"><ele>744.0</ele></rtept><rtept lat="28.814332" lon="121.054925"><ele>744.6</ele></rtept><rtept lat="28.814357" lon="121.054897"><ele>744.6</ele></rtept><rtept lat="28.814385" lon="121.054873"><ele>744.4</ele></rtept><rtept lat="28.814412" lon="121.05486"><ele>743.8</ele></rtept><rtept lat="28.81444" lon="121.054842"><ele>743.6</ele></rtept><rtept lat="28.814463" lon="121.054822"><ele>743.4</ele></rtept><rtept lat="28.814472" lon="121.054797"><ele>743.0</ele></rtept><rtept lat="28.81447" lon="121.054777"><ele>742.8</ele></rtept><rtept lat="28.81447" lon="121.054747"><ele>742.8</ele></rtept><rtept lat="28.81448" lon="121.054715"><ele>743.0</ele></rtept><rtept lat="28.814497" lon="121.054687"><ele>743.0</ele></rtept><rtept lat="28.814515" lon="121.054667"><ele>743.0</ele></rtept><rtept lat="28.814532" lon="121.054645"><ele>742.8</ele></rtept><rtept lat="28.814552" lon="121.05462"><ele>742.6</ele></rtept><rtept lat="28.81456" lon="121.054592"><ele>742.6</ele></rtept><rtept lat="28.814557" lon="121.054563"><ele>742.4</ele></rtept><rtept lat="28.814547" lon="121.05454"><ele>742.0</ele></rtept><rtept lat="28.814542" lon="121.054515"><ele>741.8</ele></rtept><rtept lat="28.814537" lon="121.05449"><ele>741.8</ele></rtept><rtept lat="28.814532" lon="121.054462"><ele>741.8</ele></rtept><rtept lat="28.814522" lon="121.054435"><ele>741.6</ele></rtept><rtept lat="28.814512" lon="121.054407"><ele>741.0</ele></rtept><rtept lat="28.814507" lon="121.054382"><ele>740.4</ele></rtept><rtept lat="28.814498" lon="121.054362"><ele>740.4</ele></rtept><rtept lat="28.81449" lon="121.054342"><ele>741.0</ele></rtept><rtept lat="28.814475" lon="121.054325"><ele>741.0</ele></rtept><rtept lat="28.81446" lon="121.054312"><ele>741.4</ele></rtept><rtept lat="28.814447" lon="121.054297"><ele>741.8</ele></rtept><rtept lat="28.814432" lon="121.054282"><ele>742.6</ele></rtept><rtept lat="28.81442" lon="121.054262"><ele>742.8</ele></rtept><rtept lat="28.814407" lon="121.054242"><ele>743.4</ele></rtept><rtept lat="28.814392" lon="121.054217"><ele>744.0</ele></rtept><rtept lat="28.814377" lon="121.054192"><ele>744.0</ele></rtept><rtept lat="28.814362" lon="121.05417"><ele>744.0</ele></rtept><rtept lat="28.814342" lon="121.054152"><ele>744.4</ele></rtept><rtept lat="28.814325" lon="121.054145"><ele>744.4</ele></rtept><rtept lat="28.814297" lon="121.05414"><ele>744.2</ele></rtept><rtept lat="28.814277" lon="121.054135"><ele>744.4</ele></rtept><rtept lat="28.81425" lon="121.054122"><ele>744.4</ele></rtept><rtept lat="28.814222" lon="121.054107"><ele>744.0</ele></rtept><rtept lat="28.814192" lon="121.05409"><ele>743.6</ele></rtept><rtept lat="28.814167" lon="121.054072"><ele>743.0</ele></rtept><rtept lat="28.814142" lon="121.05405"><ele>743.0</ele></rtept><rtept lat="28.814117" lon="121.05403"><ele>743.0</ele></rtept><rtept lat="28.814092" lon="121.054007"><ele>743.0</ele></rtept><rtept lat="28.814067" lon="121.053987"><ele>742.4</ele></rtept><rtept lat="28.814042" lon="121.053977"><ele>742.4</ele></rtept><rtept lat="28.814015" lon="121.053967"><ele>742.8</ele></rtept><rtept lat="28.81399" lon="121.053957"><ele>742.8</ele></rtept><rtept lat="28.813972" lon="121.053932"><ele>742.8</ele></rtept><rtept lat="28.813967" lon="121.053902"><ele>742.6</ele></rtept><rtept lat="28.813975" lon="121.053872"><ele>742.6</ele></rtept><rtept lat="28.813992" lon="121.053847"><ele>742.2</ele></rtept><rtept lat="28.81401" lon="121.053825"><ele>741.6</ele></rtept><rtept lat="28.814032" lon="121.053807"><ele>741.6</ele></rtept><rtept lat="28.814055" lon="121.053792"><ele>741.4</ele></rtept><rtept lat="28.81408" lon="121.053782"><ele>741.0</ele></rtept><rtept lat="28.814107" lon="121.05377"><ele>740.2</ele></rtept><rtept lat="28.81413" lon="121.053755"><ele>740.0</ele></rtept><rtept lat="28.814162" lon="121.053737"><ele>739.8</ele></rtept><rtept lat="28.814185" lon="121.053715"><ele>739.8</ele></rtept><rtept lat="28.814197" lon="121.05369"><ele>739.4</ele></rtept><rtept lat="28.814192" lon="121.053662"><ele>739.2</ele></rtept><rtept lat="28.814177" lon="121.05363"><ele>738.6</ele></rtept><rtept lat="28.814162" lon="121.053607"><ele>738.2</ele></rtept><rtept lat="28.814145" lon="121.053578"><ele>738.0</ele></rtept><rtept lat="28.814132" lon="121.05355"><ele>737.6</ele></rtept><rtept lat="28.814122" lon="121.05352"><ele>737.6</ele></rtept><rtept lat="28.814112" lon="121.053492"><ele>737.2</ele></rtept><rtept lat="28.814115" lon="121.053462"><ele>737.2</ele></rtept><rtept lat="28.81413" lon="121.053425"><ele>737.2</ele></rtept><rtept lat="28.814142" lon="121.053387"><ele>737.0</ele></rtept><rtept lat="28.814155" lon="121.053353"><ele>737.0</ele></rtept><rtept lat="28.814167" lon="121.053322"><ele>736.6</ele></rtept><rtept lat="28.814177" lon="121.053287"><ele>735.8</ele></rtept><rtept lat="28.814182" lon="121.053252"><ele>735.8</ele></rtept><rtept lat="28.814185" lon="121.05322"><ele>735.2</ele></rtept><rtept lat="28.814182" lon="121.053187"><ele>734.4</ele></rtept><rtept lat="28.814177" lon="121.053152"><ele>733.8</ele></rtept><rtept lat="28.814177" lon="121.053125"><ele>732.4</ele></rtept><rtept lat="28.814172" lon="121.0531"><ele>732.0</ele></rtept><rtept lat="28.814172" lon="121.053072"><ele>732.0</ele></rtept><rtept lat="28.814172" lon="121.053047"><ele>732.0</ele></rtept><rtept lat="28.814182" lon="121.053022"><ele>732.2</ele></rtept><rtept lat="28.814185" lon="121.052995"><ele>732.2</ele></rtept><rtept lat="28.81418" lon="121.052965"><ele>732.2</ele></rtept><rtept lat="28.814172" lon="121.052932"><ele>732.4</ele></rtept><rtept lat="28.814162" lon="121.052902"><ele>732.4</ele></rtept><rtept lat="28.814152" lon="121.052867"><ele>732.6</ele></rtept><rtept lat="28.814152" lon="121.052837"><ele>732.6</ele></rtept><rtept lat="28.814147" lon="121.052805"><ele>732.4</ele></rtept><rtept lat="28.814147" lon="121.05278"><ele>732.4</ele></rtept><rtept lat="28.814142" lon="121.052757"><ele>732.8</ele></rtept><rtept lat="28.814137" lon="121.052737"><ele>732.8</ele></rtept><rtept lat="28.814125" lon="121.052715"><ele>732.8</ele></rtept><rtept lat="28.81411" lon="121.052692"><ele>733.0</ele></rtept><rtept lat="28.814087" lon="121.05267"><ele>733.2</ele></rtept><rtept lat="28.81407" lon="121.052647"><ele>733.2</ele></rtept><rtept lat="28.81405" lon="121.052627"><ele>733.2</ele></rtept><rtept lat="28.81403" lon="121.052607"><ele>733.2</ele></rtept><rtept lat="28.81401" lon="121.052587"><ele>733.2</ele></rtept><rtept lat="28.813987" lon="121.052565"><ele>733.2</ele></rtept><rtept lat="28.81397" lon="121.052537"><ele>733.4</ele></rtept><rtept lat="28.813955" lon="121.052507"><ele>734.0</ele></rtept><rtept lat="28.813947" lon="121.052477"><ele>734.0</ele></rtept><rtept lat="28.813945" lon="121.052447"><ele>733.8</ele></rtept><rtept lat="28.813942" lon="121.052415"><ele>733.8</ele></rtept><rtept lat="28.81394" lon="121.052382"><ele>733.6</ele></rtept><rtept lat="28.813932" lon="121.05235"><ele>733.8</ele></rtept><rtept lat="28.813925" lon="121.05232"><ele>733.6</ele></rtept><rtept lat="28.813917" lon="121.052287"><ele>733.6</ele></rtept><rtept lat="28.813907" lon="121.052255"><ele>733.6</ele></rtept><rtept lat="28.813897" lon="121.052228"><ele>733.6</ele></rtept><rtept lat="28.813885" lon="121.052207"><ele>734.4</ele></rtept><rtept lat="28.81387" lon="121.052185"><ele>734.4</ele></rtept><rtept lat="28.813857" lon="121.052162"><ele>734.0</ele></rtept><rtept lat="28.813832" lon="121.052142"><ele>734.0</ele></rtept><rtept lat="28.813802" lon="121.052125"><ele>734.4</ele></rtept><rtept lat="28.813775" lon="121.052115"><ele>734.4</ele></rtept><rtept lat="28.81375" lon="121.052112"><ele>734.4</ele></rtept><rtept lat="28.813717" lon="121.05211"><ele>734.2</ele></rtept><rtept lat="28.81369" lon="121.052107"><ele>734.4</ele></rtept><rtept lat="28.81366" lon="121.052105"><ele>734.4</ele></rtept><rtept lat="28.81363" lon="121.05211"><ele>734.2</ele></rtept><rtept lat="28.813597" lon="121.052112"><ele>734.0</ele></rtept><rtept lat="28.813562" lon="121.052112"><ele>734.0</ele></rtept><rtept lat="28.81353" lon="121.052105"><ele>734.0</ele></rtept><rtept lat="28.813497" lon="121.052095"><ele>733.6</ele></rtept><rtept lat="28.813467" lon="121.052087"><ele>733.0</ele></rtept><rtept lat="28.813442" lon="121.052082"><ele>732.8</ele></rtept><rtept lat="28.813417" lon="121.05208"><ele>732.8</ele></rtept><rtept lat="28.813392" lon="121.052082"><ele>732.8</ele></rtept><rtept lat="28.813367" lon="121.05209"><ele>732.8</ele></rtept><rtept lat="28.81334" lon="121.052097"><ele>732.6</ele></rtept><rtept lat="28.81332" lon="121.052112"><ele>732.6</ele></rtept><rtept lat="28.813302" lon="121.05213"><ele>732.6</ele></rtept><rtept lat="28.81328" lon="121.052147"><ele>733.0</ele></rtept><rtept lat="28.813262" lon="121.05216"><ele>733.2</ele></rtept><rtept lat="28.813247" lon="121.052172"><ele>733.4</ele></rtept><rtept lat="28.813222" lon="121.052185"><ele>733.6</ele></rtept><rtept lat="28.813192" lon="121.052197"><ele>733.8</ele></rtept><rtept lat="28.813162" lon="121.052202"><ele>734.0</ele></rtept><rtept lat="28.813127" lon="121.052202"><ele>734.0</ele></rtept><rtept lat="28.813095" lon="121.052195"><ele>734.4</ele></rtept><rtept lat="28.813065" lon="121.052185"><ele>734.4</ele></rtept><rtept lat="28.81304" lon="121.052172"><ele>734.4</ele></rtept><rtept lat="28.813012" lon="121.052155"><ele>734.2</ele></rtept><rtept lat="28.812982" lon="121.052142"><ele>733.8</ele></rtept><rtept lat="28.812952" lon="121.052127"><ele>733.6</ele></rtept><rtept lat="28.812922" lon="121.052112"><ele>733.4</ele></rtept><rtept lat="28.812895" lon="121.052097"><ele>733.0</ele></rtept><rtept lat="28.812867" lon="121.05208"><ele>733.0</ele></rtept><rtept lat="28.812837" lon="121.052057"><ele>733.0</ele></rtept><rtept lat="28.812812" lon="121.052035"><ele>732.8</ele></rtept><rtept lat="28.812785" lon="121.052012"><ele>732.8</ele></rtept><rtept lat="28.812757" lon="121.051987"><ele>732.8</ele></rtept><rtept lat="28.812737" lon="121.051962"><ele>732.2</ele></rtept><rtept lat="28.812722" lon="121.051932"><ele>732.2</ele></rtept><rtept lat="28.81271" lon="121.051902"><ele>732.2</ele></rtept><rtept lat="28.812692" lon="121.051877"><ele>731.6</ele></rtept><rtept lat="28.812672" lon="121.051855"><ele>731.6</ele></rtept><rtept lat="28.81265" lon="121.051842"><ele>731.6</ele></rtept><rtept lat="28.812627" lon="121.051827"><ele>731.4</ele></rtept><rtept lat="28.812605" lon="121.05181"><ele>730.6</ele></rtept><rtept lat="28.81258" lon="121.051785"><ele>730.4</ele></rtept><rtept lat="28.812557" lon="121.051752"><ele>730.0</ele></rtept><rtept lat="28.812542" lon="121.05172"><ele>729.6</ele></rtept><rtept lat="28.812522" lon="121.051685"><ele>729.4</ele></rtept><rtept lat="28.812505" lon="121.051655"><ele>728.8</ele></rtept><rtept lat="28.81249" lon="121.051622"><ele>728.0</ele></rtept><rtept lat="28.812472" lon="121.051597"><ele>727.8</ele></rtept><rtept lat="28.81245" lon="121.051575"><ele>727.8</ele></rtept><rtept lat="28.812427" lon="121.051552"><ele>728.0</ele></rtept><rtept lat="28.812402" lon="121.051527"><ele>728.0</ele></rtept><rtept lat="28.812377" lon="121.05151"><ele>728.0</ele></rtept><rtept lat="28.812352" lon="121.051497"><ele>728.0</ele></rtept><rtept lat="28.81233" lon="121.051482"><ele>727.8</ele></rtept><rtept lat="28.812307" lon="121.051462"><ele>727.8</ele></rtept><rtept lat="28.812292" lon="121.051445"><ele>727.6</ele></rtept><rtept lat="28.812282" lon="121.051422"><ele>727.4</ele></rtept><rtept lat="28.81227" lon="121.051397"><ele>726.8</ele></rtept><rtept lat="28.812252" lon="121.051365"><ele>726.4</ele></rtept><rtept lat="28.812237" lon="121.051332"><ele>726.4</ele></rtept><rtept lat="28.81222" lon="121.051297"><ele>726.6</ele></rtept><rtept lat="28.812205" lon="121.051265"><ele>726.6</ele></rtept><rtept lat="28.812185" lon="121.051232"><ele>726.4</ele></rtept><rtept lat="28.812162" lon="121.051197"><ele>726.0</ele></rtept><rtept lat="28.81214" lon="121.051157"><ele>725.6</ele></rtept><rtept lat="28.81212" lon="121.051117"><ele>725.6</ele></rtept><rtept lat="28.812102" lon="121.051072"><ele>725.6</ele></rtept><rtept lat="28.812092" lon="121.051027"><ele>726.2</ele></rtept><rtept lat="28.812087" lon="121.050987"><ele>726.6</ele></rtept><rtept lat="28.812082" lon="121.050955"><ele>726.8</ele></rtept><rtept lat="28.812072" lon="121.050922"><ele>727.2</ele></rtept><rtept lat="28.812062" lon="121.05088"><ele>727.8</ele></rtept><rtept lat="28.812057" lon="121.050842"><ele>727.8</ele></rtept><rtept lat="28.812052" lon="121.050802"><ele>728.2</ele></rtept><rtept lat="28.81205" lon="121.050767"><ele>728.4</ele></rtept><rtept lat="28.812045" lon="121.050737"><ele>728.4</ele></rtept><rtept lat="28.812037" lon="121.050702"><ele>728.6</ele></rtept><rtept lat="28.812027" lon="121.050675"><ele>729.2</ele></rtept><rtept lat="28.812012" lon="121.050647"><ele>729.8</ele></rtept><rtept lat="28.811992" lon="121.050622"><ele>729.8</ele></rtept><rtept lat="28.811972" lon="121.0506"><ele>730.2</ele></rtept><rtept lat="28.811952" lon="121.050577"><ele>730.2</ele></rtept><rtept lat="28.811932" lon="121.050555"><ele>730.4</ele></rtept><rtept lat="28.811912" lon="121.050535"><ele>730.4</ele></rtept><rtept lat="28.811895" lon="121.050517"><ele>730.4</ele></rtept><rtept lat="28.811872" lon="121.050505"><ele>730.4</ele></rtept><rtept lat="28.811857" lon="121.050483"><ele>730.6</ele></rtept><rtept lat="28.81185" lon="121.050457"><ele>730.6</ele></rtept><rtept lat="28.811855" lon="121.050435"><ele>730.6</ele></rtept><rtept lat="28.811862" lon="121.050407"><ele>730.0</ele></rtept><rtept lat="28.811867" lon="121.05038"><ele>730.0</ele></rtept><rtept lat="28.811867" lon="121.050352"><ele>729.8</ele></rtept><rtept lat="28.811867" lon="121.050327"><ele>729.6</ele></rtept><rtept lat="28.811865" lon="121.050297"><ele>728.6</ele></rtept><rtept lat="28.811862" lon="121.05027"><ele>728.6</ele></rtept><rtept lat="28.811857" lon="121.050242"><ele>729.2</ele></rtept><rtept lat="28.81185" lon="121.050217"><ele>729.2</ele></rtept><rtept lat="28.811842" lon="121.050192"><ele>729.0</ele></rtept><rtept lat="28.811837" lon="121.05017"><ele>729.0</ele></rtept><rtept lat="28.81184" lon="121.050142"><ele>729.2</ele></rtept><rtept lat="28.81185" lon="121.050117"><ele>729.2</ele></rtept><rtept lat="28.811857" lon="121.050097"><ele>729.6</ele></rtept><rtept lat="28.811867" lon="121.05008"><ele>729.6</ele></rtept><rtept lat="28.811877" lon="121.050055"><ele>729.6</ele></rtept><rtept lat="28.811882" lon="121.050022"><ele>729.6</ele></rtept><rtept lat="28.811882" lon="121.049997"><ele>729.8</ele></rtept><rtept lat="28.811877" lon="121.04997"><ele>730.2</ele></rtept><rtept lat="28.81187" lon="121.049945"><ele>730.2</ele></rtept><rtept lat="28.811855" lon="121.04992"><ele>730.6</ele></rtept><rtept lat="28.811842" lon="121.049902"><ele>730.8</ele></rtept><rtept lat="28.811822" lon="121.049867"><ele>730.8</ele></rtept><rtept lat="28.811815" lon="121.049842"><ele>730.8</ele></rtept><rtept lat="28.8118" lon="121.04982"><ele>730.8</ele></rtept><rtept lat="28.811792" lon="121.0498"><ele>731.0</ele></rtept><rtept lat="28.811777" lon="121.04978"><ele>731.4</ele></rtept><rtept lat="28.811765" lon="121.04976"><ele>731.8</ele></rtept><rtept lat="28.81175" lon="121.049737"><ele>731.8</ele></rtept><rtept lat="28.811737" lon="121.049712"><ele>731.6</ele></rtept><rtept lat="28.811722" lon="121.04969"><ele>731.6</ele></rtept><rtept lat="28.811707" lon="121.04966"><ele>731.8</ele></rtept><rtept lat="28.811698" lon="121.04963"><ele>732.0</ele></rtept><rtept lat="28.81169" lon="121.049602"><ele>732.0</ele></rtept><rtept lat="28.811682" lon="121.049577"><ele>732.4</ele></rtept><rtept lat="28.811675" lon="121.049547"><ele>732.4</ele></rtept><rtept lat="28.811662" lon="121.04952"><ele>732.6</ele></rtept><rtept lat="28.811655" lon="121.049495"><ele>732.8</ele></rtept><rtept lat="28.811645" lon="121.049472"><ele>732.8</ele></rtept><rtept lat="28.811632" lon="121.04945"><ele>732.8</ele></rtept><rtept lat="28.811615" lon="121.04943"><ele>732.8</ele></rtept><rtept lat="28.811597" lon="121.049412"><ele>732.8</ele></rtept><rtept lat="28.81158" lon="121.049392"><ele>733.2</ele></rtept><rtept lat="28.811567" lon="121.049377"><ele>733.2</ele></rtept><rtept lat="28.811555" lon="121.049357"><ele>733.6</ele></rtept><rtept lat="28.811537" lon="121.04934"><ele>733.8</ele></rtept><rtept lat="28.81152" lon="121.049322"><ele>733.8</ele></rtept><rtept lat="28.811502" lon="121.049302"><ele>733.8</ele></rtept><rtept lat="28.811482" lon="121.04928"><ele>734.6</ele></rtept><rtept lat="28.811462" lon="121.049257"><ele>734.6</ele></rtept><rtept lat="28.811442" lon="121.049237"><ele>734.6</ele></rtept><rtept lat="28.811422" lon="121.04922"><ele>735.2</ele></rtept><rtept lat="28.811402" lon="121.049207"><ele>735.4</ele></rtept><rtept lat="28.811382" lon="121.049197"><ele>735.8</ele></rtept><rtept lat="28.811382" lon="121.04916"><ele>736.2</ele></rtept><rtept lat="28.811402" lon="121.049137"><ele>736.2</ele></rtept><rtept lat="28.811425" lon="121.04912"><ele>736.2</ele></rtept><rtept lat="28.811442" lon="121.049102"><ele>736.0</ele></rtept><rtept lat="28.811462" lon="121.049082"><ele>736.0</ele></rtept><rtept lat="28.811482" lon="121.04906"><ele>736.0</ele></rtept><rtept lat="28.811487" lon="121.049032"><ele>736.0</ele></rtept><rtept lat="28.811487" lon="121.049007"><ele>736.4</ele></rtept><rtept lat="28.811482" lon="121.04898"><ele>736.6</ele></rtept><rtept lat="28.811475" lon="121.048952"><ele>736.8</ele></rtept><rtept lat="28.811462" lon="121.04893"><ele>736.8</ele></rtept><rtept lat="28.81145" lon="121.0489"><ele>736.8</ele></rtept><rtept lat="28.811435" lon="121.04887"><ele>737.0</ele></rtept><rtept lat="28.811432" lon="121.048837"><ele>737.0</ele></rtept><rtept lat="28.811435" lon="121.0488"><ele>736.6</ele></rtept><rtept lat="28.81145" lon="121.048772"><ele>736.6</ele></rtept><rtept lat="28.811465" lon="121.048747"><ele>736.6</ele></rtept><rtept lat="28.811477" lon="121.04872"><ele>736.8</ele></rtept><rtept lat="28.811482" lon="121.04869"><ele>736.8</ele></rtept><rtept lat="28.81148" lon="121.048653"><ele>737.0</ele></rtept><rtept lat="28.811472" lon="121.048622"><ele>737.0</ele></rtept><rtept lat="28.811462" lon="121.04859"><ele>736.8</ele></rtept><rtept lat="28.811452" lon="121.04856"><ele>736.8</ele></rtept><rtept lat="28.811437" lon="121.048532"><ele>736.6</ele></rtept><rtept lat="28.811417" lon="121.048507"><ele>736.6</ele></rtept><rtept lat="28.811395" lon="121.048482"><ele>736.4</ele></rtept><rtept lat="28.811365" lon="121.048462"><ele>735.4</ele></rtept><rtept lat="28.811337" lon="121.048442"><ele>735.4</ele></rtept><rtept lat="28.811317" lon="121.048422"><ele>735.4</ele></rtept><rtept lat="28.811297" lon="121.048402"><ele>735.4</ele></rtept><rtept lat="28.811287" lon="121.04838"><ele>735.2</ele></rtept><rtept lat="28.811285" lon="121.048347"><ele>735.0</ele></rtept><rtept lat="28.811282" lon="121.048317"><ele>734.6</ele></rtept><rtept lat="28.811277" lon="121.048285"><ele>734.6</ele></rtept><rtept lat="28.81127" lon="121.04825"><ele>734.6</ele></rtept><rtept lat="28.811257" lon="121.048212"><ele>734.6</ele></rtept><rtept lat="28.811237" lon="121.04818"><ele>734.6</ele></rtept><rtept lat="28.811217" lon="121.048142"><ele>734.2</ele></rtept><rtept lat="28.811205" lon="121.048105"><ele>734.0</ele></rtept><rtept lat="28.811197" lon="121.048072"><ele>733.6</ele></rtept><rtept lat="28.811182" lon="121.048042"><ele>733.0</ele></rtept><rtept lat="28.81116" lon="121.048022"><ele>732.6</ele></rtept><rtept lat="28.811132" lon="121.048012"><ele>732.6</ele></rtept><rtept lat="28.811105" lon="121.04801"><ele>732.8</ele></rtept><rtept lat="28.811072" lon="121.04801"><ele>732.8</ele></rtept><rtept lat="28.811045" lon="121.048012"><ele>732.8</ele></rtept><rtept lat="28.811017" lon="121.04802"><ele>732.8</ele></rtept><rtept lat="28.810987" lon="121.04803"><ele>732.8</ele></rtept><rtept lat="28.81095" lon="121.048032"><ele>732.8</ele></rtept><rtept lat="28.810912" lon="121.048037"><ele>732.8</ele></rtept><rtept lat="28.810877" lon="121.048025"><ele>732.8</ele></rtept><rtept lat="28.810845" lon="121.04801"><ele>732.8</ele></rtept><rtept lat="28.810822" lon="121.047992"><ele>733.0</ele></rtept><rtept lat="28.810807" lon="121.04796"><ele>732.8</ele></rtept><rtept lat="28.810802" lon="121.047922"><ele>732.6</ele></rtept><rtept lat="28.810797" lon="121.047887"><ele>732.0</ele></rtept><rtept lat="28.810792" lon="121.047855"><ele>731.8</ele></rtept><rtept lat="28.810782" lon="121.04782"><ele>731.8</ele></rtept><rtept lat="28.810767" lon="121.047792"><ele>731.8</ele></rtept><rtept lat="28.810742" lon="121.047762"><ele>731.8</ele></rtept><rtept lat="28.810713" lon="121.047742"><ele>732.2</ele></rtept><rtept lat="28.810682" lon="121.047725"><ele>732.2</ele></rtept><rtept lat="28.810652" lon="121.047717"><ele>732.2</ele></rtept><rtept lat="28.810622" lon="121.047707"><ele>732.4</ele></rtept><rtept lat="28.810592" lon="121.047705"><ele>732.4</ele></rtept><rtept lat="28.810562" lon="121.047707"><ele>732.6</ele></rtept><rtept lat="28.810532" lon="121.047717"><ele>732.4</ele></rtept><rtept lat="28.8105" lon="121.04773"><ele>732.2</ele></rtept><rtept lat="28.810467" lon="121.047747"><ele>732.0</ele></rtept><rtept lat="28.810437" lon="121.047762"><ele>731.6</ele></rtept><rtept lat="28.810402" lon="121.047777"><ele>730.8</ele></rtept><rtept lat="28.810372" lon="121.047787"><ele>729.8</ele></rtept><rtept lat="28.810333" lon="121.047795"><ele>729.8</ele></rtept><rtept lat="28.8103" lon="121.047797"><ele>729.8</ele></rtept><rtept lat="28.810272" lon="121.047805"><ele>729.8</ele></rtept><rtept lat="28.810247" lon="121.047807"><ele>729.0</ele></rtept><rtept lat="28.810232" lon="121.047792"><ele>728.4</ele></rtept><rtept lat="28.810222" lon="121.047772"><ele>728.4</ele></rtept><rtept lat="28.810212" lon="121.047747"><ele>728.4</ele></rtept><rtept lat="28.810202" lon="121.047715"><ele>728.0</ele></rtept><rtept lat="28.810192" lon="121.047677"><ele>727.6</ele></rtept><rtept lat="28.810177" lon="121.047645"><ele>727.4</ele></rtept><rtept lat="28.810157" lon="121.047617"><ele>727.4</ele></rtept><rtept lat="28.810137" lon="121.04759"><ele>727.6</ele></rtept><rtept lat="28.81011" lon="121.047557"><ele>727.6</ele></rtept><rtept lat="28.810092" lon="121.047527"><ele>727.6</ele></rtept><rtept lat="28.810077" lon="121.04749"><ele>726.8</ele></rtept><rtept lat="28.810077" lon="121.047452"><ele>726.8</ele></rtept><rtept lat="28.810085" lon="121.04741"><ele>726.8</ele></rtept><rtept lat="28.810092" lon="121.047367"><ele>726.8</ele></rtept><rtept lat="28.810112" lon="121.047317"><ele>726.4</ele></rtept><rtept lat="28.81013" lon="121.047267"><ele>725.4</ele></rtept><rtept lat="28.810147" lon="121.047217"><ele>725.0</ele></rtept><rtept lat="28.810165" lon="121.047167"><ele>724.4</ele></rtept><rtept lat="28.810182" lon="121.047117"><ele>724.0</ele></rtept><rtept lat="28.810197" lon="121.047067"><ele>723.6</ele></rtept><rtept lat="28.810202" lon="121.04703"><ele>723.6</ele></rtept><rtept lat="28.810205" lon="121.046993"><ele>722.8</ele></rtept><rtept lat="28.81021" lon="121.04696"><ele>722.2</ele></rtept><rtept lat="28.810212" lon="121.046922"><ele>721.8</ele></rtept><rtept lat="28.810227" lon="121.046882"><ele>721.6</ele></rtept><rtept lat="28.810242" lon="121.04685"><ele>721.8</ele></rtept><rtept lat="28.810257" lon="121.046815"><ele>721.8</ele></rtept><rtept lat="28.81027" lon="121.046777"><ele>721.8</ele></rtept><rtept lat="28.810285" lon="121.046742"><ele>721.4</ele></rtept><rtept lat="28.810302" lon="121.046707"><ele>721.2</ele></rtept><rtept lat="28.81031" lon="121.04668"><ele>721.2</ele></rtept><rtept lat="28.810312" lon="121.04665"><ele>721.4</ele></rtept><rtept lat="28.81031" lon="121.046617"><ele>721.6</ele></rtept><rtept lat="28.810307" lon="121.046585"><ele>721.6</ele></rtept><rtept lat="28.810305" lon="121.046552"><ele>721.8</ele></rtept><rtept lat="28.810305" lon="121.046522"><ele>721.8</ele></rtept><rtept lat="28.81031" lon="121.046485"><ele>721.8</ele></rtept><rtept lat="28.81032" lon="121.046452"><ele>721.8</ele></rtept><rtept lat="28.810327" lon="121.046417"><ele>721.6</ele></rtept><rtept lat="28.810337" lon="121.046387"><ele>721.6</ele></rtept><rtept lat="28.810347" lon="121.046355"><ele>722.2</ele></rtept><rtept lat="28.810357" lon="121.046325"><ele>722.2</ele></rtept><rtept lat="28.810362" lon="121.046297"><ele>723.2</ele></rtept><rtept lat="28.810362" lon="121.046272"><ele>723.4</ele></rtept><rtept lat="28.810357" lon="121.046245"><ele>724.2</ele></rtept><rtept lat="28.810357" lon="121.046217"><ele>724.4</ele></rtept><rtept lat="28.810357" lon="121.046192"><ele>724.4</ele></rtept><rtept lat="28.810367" lon="121.046162"><ele>724.4</ele></rtept><rtept lat="28.810385" lon="121.046145"><ele>724.8</ele></rtept><rtept lat="28.810407" lon="121.046135"><ele>726.2</ele></rtept><rtept lat="28.810432" lon="121.04612"><ele>727.0</ele></rtept><rtept lat="28.810467" lon="121.046107"><ele>728.2</ele></rtept><rtept lat="28.810485" lon="121.046105"><ele>728.8</ele></rtept><rtept lat="28.810512" lon="121.046097"><ele>729.8</ele></rtept><rtept lat="28.810537" lon="121.046092"><ele>731.0</ele></rtept><rtept lat="28.810565" lon="121.046087"><ele>731.6</ele></rtept><rtept lat="28.81059" lon="121.04609"><ele>732.0</ele></rtept><rtept lat="28.81061" lon="121.046082"><ele>732.8</ele></rtept><rtept lat="28.810632" lon="121.046072"><ele>733.8</ele></rtept><rtept lat="28.81065" lon="121.046057"><ele>733.8</ele></rtept><rtept lat="28.810662" lon="121.046045"><ele>735.2</ele></rtept><rtept lat="28.810672" lon="121.046027"><ele>736.0</ele></rtept><rtept lat="28.810682" lon="121.046008"><ele>737.0</ele></rtept><rtept lat="28.810692" lon="121.045987"><ele>737.2</ele></rtept><rtept lat="28.810692" lon="121.045962"><ele>738.8</ele></rtept><rtept lat="28.810692" lon="121.045937"><ele>739.6</ele></rtept><rtept lat="28.810677" lon="121.045927"><ele>740.6</ele></rtept><rtept lat="28.810662" lon="121.045912"><ele>742.0</ele></rtept><rtept lat="28.810637" lon="121.045895"><ele>742.6</ele></rtept><rtept lat="28.810627" lon="121.045872"><ele>743.4</ele></rtept><rtept lat="28.810642" lon="121.045855"><ele>744.8</ele></rtept><rtept lat="28.810657" lon="121.045835"><ele>745.2</ele></rtept><rtept lat="28.810655" lon="121.04581"><ele>745.6</ele></rtept><rtept lat="28.81064" lon="121.045797"><ele>746.6</ele></rtept><rtept lat="28.810637" lon="121.045772"><ele>747.4</ele></rtept><rtept lat="28.810642" lon="121.045752"><ele>747.8</ele></rtept><rtept lat="28.810652" lon="121.045737"><ele>749.0</ele></rtept><rtept lat="28.81066" lon="121.045717"><ele>749.0</ele></rtept><rtept lat="28.810672" lon="121.045697"><ele>749.8</ele></rtept><rtept lat="28.810682" lon="121.045672"><ele>750.6</ele></rtept><rtept lat="28.81069" lon="121.045652"><ele>751.2</ele></rtept><rtept lat="28.810707" lon="121.045637"><ele>752.4</ele></rtept><rtept lat="28.810707" lon="121.045612"><ele>753.4</ele></rtept><rtept lat="28.81072" lon="121.045585"><ele>754.6</ele></rtept><rtept lat="28.810732" lon="121.045558"><ele>754.6</ele></rtept><rtept lat="28.810742" lon="121.045527"><ele>755.8</ele></rtept><rtept lat="28.810747" lon="121.045507"><ele>756.2</ele></rtept><rtept lat="28.810748" lon="121.045482"><ele>757.8</ele></rtept><rtept lat="28.810752" lon="121.045462"><ele>758.6</ele></rtept><rtept lat="28.810765" lon="121.045442"><ele>759.2</ele></rtept><rtept lat="28.810772" lon="121.045412"><ele>759.4</ele></rtept><rtept lat="28.810772" lon="121.045387"><ele>759.6</ele></rtept><rtept lat="28.81078" lon="121.045362"><ele>760.4</ele></rtept><rtept lat="28.810792" lon="121.045347"><ele>760.8</ele></rtept><rtept lat="28.810812" lon="121.045325"><ele>761.4</ele></rtept><rtept lat="28.81083" lon="121.045302"><ele>762.6</ele></rtept><rtept lat="28.810852" lon="121.045285"><ele>763.8</ele></rtept><rtept lat="28.810877" lon="121.045262"><ele>764.6</ele></rtept><rtept lat="28.810895" lon="121.045247"><ele>764.6</ele></rtept><rtept lat="28.810915" lon="121.045237"><ele>764.6</ele></rtept><rtept lat="28.810937" lon="121.045222"><ele>764.6</ele></rtept><rtept lat="28.810957" lon="121.045202"><ele>764.6</ele></rtept><rtept lat="28.810972" lon="121.045177"><ele>764.8</ele></rtept><rtept lat="28.810985" lon="121.045152"><ele>764.8</ele></rtept><rtept lat="28.811" lon="121.045132"><ele>764.8</ele></rtept><rtept lat="28.811012" lon="121.045105"><ele>764.4</ele></rtept><rtept lat="28.811022" lon="121.045082"><ele>764.4</ele></rtept><rtept lat="28.811032" lon="121.04506"><ele>764.8</ele></rtept><rtept lat="28.811052" lon="121.045035"><ele>765.0</ele></rtept><rtept lat="28.811072" lon="121.04501"><ele>765.0</ele></rtept><rtept lat="28.811092" lon="121.044985"><ele>764.8</ele></rtept><rtept lat="28.811112" lon="121.044967"><ele>764.8</ele></rtept><rtept lat="28.811128" lon="121.044942"><ele>764.8</ele></rtept><rtept lat="28.811145" lon="121.044915"><ele>765.2</ele></rtept><rtept lat="28.811157" lon="121.044887"><ele>765.2</ele></rtept><rtept lat="28.811177" lon="121.04486"><ele>765.2</ele></rtept><rtept lat="28.811192" lon="121.044832"><ele>765.0</ele></rtept><rtept lat="28.81121" lon="121.044807"><ele>765.0</ele></rtept><rtept lat="28.811222" lon="121.044785"><ele>765.0</ele></rtept><rtept lat="28.811232" lon="121.044762"><ele>765.0</ele></rtept><rtept lat="28.811245" lon="121.044742"><ele>765.2</ele></rtept><rtept lat="28.811257" lon="121.044725"><ele>765.2</ele></rtept><rtept lat="28.811275" lon="121.044707"><ele>765.6</ele></rtept><rtept lat="28.81129" lon="121.044687"><ele>766.0</ele></rtept><rtept lat="28.811305" lon="121.044672"><ele>766.0</ele></rtept><rtept lat="28.811317" lon="121.044652"><ele>766.4</ele></rtept><rtept lat="28.811327" lon="121.044627"><ele>766.8</ele></rtept><rtept lat="28.811332" lon="121.044602"><ele>767.4</ele></rtept><rtept lat="28.811342" lon="121.044582"><ele>767.4</ele></rtept><rtept lat="28.811353" lon="121.044557"><ele>768.2</ele></rtept><rtept lat="28.811367" lon="121.044532"><ele>768.6</ele></rtept><rtept lat="28.811377" lon="121.044507"><ele>768.6</ele></rtept><rtept lat="28.811385" lon="121.044485"><ele>768.8</ele></rtept><rtept lat="28.811392" lon="121.04446"><ele>769.6</ele></rtept><rtept lat="28.811405" lon="121.044437"><ele>769.8</ele></rtept><rtept lat="28.811417" lon="121.04441"><ele>769.8</ele></rtept><rtept lat="28.811432" lon="121.044382"><ele>769.4</ele></rtept><rtept lat="28.811447" lon="121.044352"><ele>769.0</ele></rtept><rtept lat="28.811467" lon="121.044322"><ele>768.8</ele></rtept><rtept lat="28.811482" lon="121.044292"><ele>768.0</ele></rtept><rtept lat="28.811497" lon="121.04426"><ele>767.4</ele></rtept><rtept lat="28.811512" lon="121.044227"><ele>766.8</ele></rtept><rtept lat="28.811522" lon="121.044197"><ele>766.2</ele></rtept><rtept lat="28.811532" lon="121.044167"><ele>766.0</ele></rtept><rtept lat="28.811537" lon="121.044132"><ele>765.8</ele></rtept><rtept lat="28.811552" lon="121.044097"><ele>765.8</ele></rtept><rtept lat="28.81157" lon="121.044067"><ele>765.8</ele></rtept><rtept lat="28.81159" lon="121.044038"><ele>765.8</ele></rtept><rtept lat="28.811622" lon="121.044012"><ele>765.8</ele></rtept><rtept lat="28.81166" lon="121.043995"><ele>765.8</ele></rtept><rtept lat="28.811697" lon="121.043977"><ele>765.6</ele></rtept><rtept lat="28.811737" lon="121.043962"><ele>765.0</ele></rtept><rtept lat="28.811782" lon="121.04395"><ele>764.2</ele></rtept><rtept lat="28.81182" lon="121.043942"><ele>764.0</ele></rtept><rtept lat="28.811855" lon="121.043947"><ele>764.0</ele></rtept><rtept lat="28.811888" lon="121.043952"><ele>763.8</ele></rtept><rtept lat="28.811922" lon="121.043967"><ele>763.8</ele></rtept><rtept lat="28.811952" lon="121.043977"><ele>763.8</ele></rtept><rtept lat="28.811982" lon="121.043982"><ele>763.8</ele></rtept><rtept lat="28.812015" lon="121.043982"><ele>763.8</ele></rtept><rtept lat="28.812047" lon="121.043972"><ele>763.6</ele></rtept><rtept lat="28.812075" lon="121.043957"><ele>763.4</ele></rtept><rtept lat="28.812097" lon="121.043942"><ele>763.4</ele></rtept><rtept lat="28.812117" lon="121.04392"><ele>763.2</ele></rtept><rtept lat="28.812122" lon="121.043892"><ele>763.6</ele></rtept><rtept lat="28.812122" lon="121.043852"><ele>763.4</ele></rtept><rtept lat="28.812122" lon="121.04382"><ele>763.4</ele></rtept><rtept lat="28.812117" lon="121.04379"><ele>763.4</ele></rtept><rtept lat="28.812122" lon="121.043757"><ele>763.4</ele></rtept><rtept lat="28.812132" lon="121.04372"><ele>763.0</ele></rtept><rtept lat="28.812142" lon="121.04368"><ele>763.0</ele></rtept><rtept lat="28.812155" lon="121.043637"><ele>763.0</ele></rtept><rtept lat="28.81217" lon="121.043602"><ele>763.0</ele></rtept><rtept lat="28.812185" lon="121.043567"><ele>763.0</ele></rtept><rtept lat="28.812197" lon="121.043532"><ele>763.2</ele></rtept><rtept lat="28.812207" lon="121.043502"><ele>763.2</ele></rtept><rtept lat="28.812212" lon="121.043465"><ele>763.2</ele></rtept><rtept lat="28.812212" lon="121.043425"><ele>763.0</ele></rtept><rtept lat="28.812217" lon="121.04338"><ele>762.0</ele></rtept><rtept lat="28.81222" lon="121.043332"><ele>761.4</ele></rtept><rtept lat="28.812222" lon="121.043285"><ele>760.6</ele></rtept><rtept lat="28.812225" lon="121.043237"><ele>760.4</ele></rtept><rtept lat="28.812237" lon="121.043192"><ele>760.0</ele></rtept><rtept lat="28.81225" lon="121.043147"><ele>759.8</ele></rtept><rtept lat="28.812267" lon="121.043102"><ele>759.8</ele></rtept><rtept lat="28.812285" lon="121.04306"><ele>759.4</ele></rtept><rtept lat="28.812297" lon="121.04302"><ele>758.8</ele></rtept><rtept lat="28.812303" lon="121.042982"><ele>758.2</ele></rtept><rtept lat="28.812317" lon="121.042942"><ele>758.2</ele></rtept><rtept lat="28.812332" lon="121.042907"><ele>757.6</ele></rtept><rtept lat="28.812347" lon="121.042872"><ele>757.0</ele></rtept><rtept lat="28.812357" lon="121.042837"><ele>756.8</ele></rtept><rtept lat="28.81237" lon="121.042802"><ele>756.8</ele></rtept><rtept lat="28.812387" lon="121.042767"><ele>756.8</ele></rtept><rtept lat="28.812405" lon="121.042737"><ele>756.6</ele></rtept><rtept lat="28.812427" lon="121.042707"><ele>756.2</ele></rtept><rtept lat="28.812442" lon="121.042677"><ele>755.8</ele></rtept><rtept lat="28.812452" lon="121.042642"><ele>755.6</ele></rtept><rtept lat="28.81246" lon="121.042603"><ele>755.4</ele></rtept><rtept lat="28.812465" lon="121.042567"><ele>755.4</ele></rtept><rtept lat="28.812462" lon="121.04253"><ele>755.4</ele></rtept><rtept lat="28.812445" lon="121.04249"><ele>755.4</ele></rtept><rtept lat="28.812435" lon="121.042462"><ele>755.4</ele></rtept><rtept lat="28.812427" lon="121.042437"><ele>755.2</ele></rtept><rtept lat="28.812422" lon="121.042407"><ele>754.4</ele></rtept><rtept lat="28.81242" lon="121.042377"><ele>754.2</ele></rtept><rtept lat="28.812425" lon="121.042345"><ele>754.2</ele></rtept><rtept lat="28.812427" lon="121.042315"><ele>754.4</ele></rtept><rtept lat="28.812432" lon="121.042285"><ele>754.6</ele></rtept><rtept lat="28.812427" lon="121.042252"><ele>754.4</ele></rtept><rtept lat="28.812422" lon="121.042217"><ele>754.4</ele></rtept><rtept lat="28.812415" lon="121.042182"><ele>754.6</ele></rtept><rtept lat="28.812402" lon="121.042147"><ele>755.0</ele></rtept><rtept lat="28.812397" lon="121.042112"><ele>755.8</ele></rtept><rtept lat="28.812392" lon="121.042077"><ele>755.8</ele></rtept><rtept lat="28.812387" lon="121.042047"><ele>756.0</ele></rtept><rtept lat="28.812387" lon="121.042017"><ele>756.4</ele></rtept><rtept lat="28.812387" lon="121.041987"><ele>756.4</ele></rtept><rtept lat="28.812382" lon="121.041962"><ele>756.8</ele></rtept><rtept lat="28.812382" lon="121.041935"><ele>757.2</ele></rtept><rtept lat="28.812377" lon="121.041907"><ele>757.6</ele></rtept><rtept lat="28.812375" lon="121.041877"><ele>758.0</ele></rtept><rtept lat="28.812375" lon="121.041847"><ele>758.2</ele></rtept><rtept lat="28.812382" lon="121.04182"><ele>758.6</ele></rtept><rtept lat="28.812392" lon="121.041792"><ele>758.6</ele></rtept><rtept lat="28.812407" lon="121.041767"><ele>759.4</ele></rtept><rtept lat="28.812427" lon="121.041742"><ele>759.8</ele></rtept><rtept lat="28.812447" lon="121.041722"><ele>759.8</ele></rtept><rtept lat="28.812467" lon="121.041695"><ele>759.8</ele></rtept><rtept lat="28.812492" lon="121.041672"><ele>760.2</ele></rtept><rtept lat="28.812515" lon="121.041647"><ele>760.2</ele></rtept><rtept lat="28.812532" lon="121.041625"><ele>760.0</ele></rtept><rtept lat="28.812552" lon="121.041602"><ele>760.0</ele></rtept><rtept lat="28.812575" lon="121.041585"><ele>760.2</ele></rtept><rtept lat="28.812597" lon="121.04157"><ele>760.2</ele></rtept><rtept lat="28.812617" lon="121.041555"><ele>760.2</ele></rtept><rtept lat="28.81263" lon="121.041533"><ele>760.2</ele></rtept><rtept lat="28.812635" lon="121.041512"><ele>760.4</ele></rtept><rtept lat="28.812632" lon="121.041492"><ele>760.4</ele></rtept><rtept lat="28.812632" lon="121.04147"><ele>760.6</ele></rtept><rtept lat="28.812637" lon="121.041432"><ele>761.2</ele></rtept><rtept lat="28.81264" lon="121.041412"><ele>761.8</ele></rtept><rtept lat="28.812647" lon="121.041387"><ele>762.0</ele></rtept><rtept lat="28.812647" lon="121.041365"><ele>762.0</ele></rtept><rtept lat="28.812652" lon="121.041342"><ele>762.4</ele></rtept><rtept lat="28.812652" lon="121.041322"><ele>763.6</ele></rtept><rtept lat="28.812652" lon="121.041297"><ele>763.6</ele></rtept><rtept lat="28.812647" lon="121.041272"><ele>763.8</ele></rtept><rtept lat="28.812642" lon="121.041247"><ele>764.4</ele></rtept><rtept lat="28.812645" lon="121.041225"><ele>764.8</ele></rtept><rtept lat="28.812652" lon="121.041185"><ele>765.0</ele></rtept><rtept lat="28.81266" lon="121.041165"><ele>765.4</ele></rtept><rtept lat="28.812667" lon="121.041145"><ele>766.0</ele></rtept><rtept lat="28.812672" lon="121.04112"><ele>766.2</ele></rtept><rtept lat="28.812672" lon="121.041097"><ele>766.4</ele></rtept><rtept lat="28.81268" lon="121.041072"><ele>766.8</ele></rtept><rtept lat="28.812692" lon="121.041045"><ele>766.8</ele></rtept><rtept lat="28.812707" lon="121.041022"><ele>767.0</ele></rtept><rtept lat="28.812722" lon="121.041002"><ele>767.2</ele></rtept><rtept lat="28.812742" lon="121.04099"><ele>767.4</ele></rtept><rtept lat="28.81276" lon="121.040977"><ele>767.4</ele></rtept><rtept lat="28.812777" lon="121.040965"><ele>767.6</ele></rtept><rtept lat="28.812792" lon="121.040947"><ele>768.0</ele></rtept><rtept lat="28.812807" lon="121.040932"><ele>768.0</ele></rtept><rtept lat="28.81282" lon="121.040912"><ele>768.0</ele></rtept><rtept lat="28.812837" lon="121.040897"><ele>768.6</ele></rtept><rtept lat="28.812852" lon="121.040882"><ele>769.0</ele></rtept><rtept lat="28.812882" lon="121.040857"><ele>769.2</ele></rtept><rtept lat="28.812902" lon="121.04083"><ele>769.8</ele></rtept><rtept lat="28.812912" lon="121.0408"><ele>770.6</ele></rtept><rtept lat="28.81293" lon="121.04078"><ele>771.2</ele></rtept><rtept lat="28.812937" lon="121.04075"><ele>771.2</ele></rtept><rtept lat="28.812932" lon="121.040725"><ele>771.6</ele></rtept><rtept lat="28.812922" lon="121.0407"><ele>772.6</ele></rtept><rtept lat="28.812915" lon="121.040672"><ele>773.4</ele></rtept><rtept lat="28.812908" lon="121.040652"><ele>774.2</ele></rtept><rtept lat="28.812907" lon="121.040625"><ele>774.8</ele></rtept><rtept lat="28.812912" lon="121.040602"><ele>775.8</ele></rtept><rtept lat="28.812895" lon="121.040577"><ele>776.2</ele></rtept><rtept lat="28.812882" lon="121.040557"><ele>777.4</ele></rtept><rtept lat="28.81287" lon="121.040542"><ele>777.6</ele></rtept><rtept lat="28.812847" lon="121.04051"><ele>777.6</ele></rtept><rtept lat="28.81282" lon="121.04048"><ele>778.0</ele></rtept><rtept lat="28.812807" lon="121.040457"><ele>778.2</ele></rtept><rtept lat="28.812792" lon="121.04044"><ele>778.4</ele></rtept><rtept lat="28.812777" lon="121.040417"><ele>778.8</ele></rtept><rtept lat="28.812765" lon="121.040395"><ele>779.0</ele></rtept><rtept lat="28.812752" lon="121.040377"><ele>779.2</ele></rtept><rtept lat="28.81274" lon="121.040357"><ele>779.2</ele></rtept><rtept lat="28.812732" lon="121.040335"><ele>779.4</ele></rtept><rtept lat="28.812717" lon="121.040302"><ele>779.8</ele></rtept><rtept lat="28.812707" lon="121.04027"><ele>780.0</ele></rtept><rtept lat="28.812707" lon="121.04024"><ele>780.6</ele></rtept><rtept lat="28.8127" lon="121.040217"><ele>781.2</ele></rtept><rtept lat="28.812683" lon="121.040202"><ele>781.4</ele></rtept><rtept lat="28.812672" lon="121.04018"><ele>782.0</ele></rtept><rtept lat="28.812662" lon="121.04015"><ele>782.6</ele></rtept><rtept lat="28.812672" lon="121.040122"><ele>783.2</ele></rtept><rtept lat="28.812687" lon="121.040092"><ele>784.2</ele></rtept><rtept lat="28.812707" lon="121.04008"><ele>784.6</ele></rtept><rtept lat="28.812727" lon="121.040057"><ele>785.4</ele></rtept><rtept lat="28.812745" lon="121.040035"><ele>786.0</ele></rtept><rtept lat="28.812752" lon="121.04001"><ele>786.8</ele></rtept><rtept lat="28.81276" lon="121.039992"><ele>787.2</ele></rtept><rtept lat="28.812772" lon="121.039977"><ele>788.6</ele></rtept><rtept lat="28.812785" lon="121.039958"><ele>789.0</ele></rtept><rtept lat="28.812802" lon="121.039952"><ele>789.4</ele></rtept><rtept lat="28.81282" lon="121.039945"><ele>790.6</ele></rtept><rtept lat="28.812837" lon="121.03993"><ele>791.4</ele></rtept><rtept lat="28.812857" lon="121.039905"><ele>792.2</ele></rtept><rtept lat="28.812873" lon="121.039887"><ele>793.0</ele></rtept><rtept lat="28.812892" lon="121.039877"><ele>793.4</ele></rtept><rtept lat="28.812917" lon="121.039877"><ele>794.0</ele></rtept><rtept lat="28.81294" lon="121.039865"><ele>794.6</ele></rtept><rtept lat="28.812962" lon="121.039857"><ele>795.0</ele></rtept><rtept lat="28.812987" lon="121.039842"><ele>796.0</ele></rtept><rtept lat="28.813012" lon="121.039837"><ele>796.4</ele></rtept><rtept lat="28.813032" lon="121.039827"><ele>797.2</ele></rtept><rtept lat="28.813047" lon="121.039822"><ele>798.2</ele></rtept><rtept lat="28.813072" lon="121.039822"><ele>798.4</ele></rtept><rtept lat="28.813097" lon="121.039812"><ele>799.6</ele></rtept><rtept lat="28.813117" lon="121.03981"><ele>800.0</ele></rtept><rtept lat="28.813133" lon="121.0398"><ele>801.0</ele></rtept><rtept lat="28.813147" lon="121.039777"><ele>802.2</ele></rtept><rtept lat="28.813157" lon="121.039757"><ele>802.6</ele></rtept><rtept lat="28.813152" lon="121.039737"><ele>803.2</ele></rtept><rtept lat="28.813145" lon="121.039717"><ele>804.0</ele></rtept><rtept lat="28.813142" lon="121.039687"><ele>805.0</ele></rtept><rtept lat="28.813132" lon="121.039667"><ele>805.2</ele></rtept><rtept lat="28.813122" lon="121.039642"><ele>806.0</ele></rtept><rtept lat="28.813117" lon="121.039617"><ele>806.6</ele></rtept><rtept lat="28.813105" lon="121.039592"><ele>807.2</ele></rtept><rtept lat="28.813102" lon="121.039567"><ele>808.2</ele></rtept><rtept lat="28.813097" lon="121.039542"><ele>808.8</ele></rtept><rtept lat="28.813097" lon="121.039517"><ele>809.4</ele></rtept><rtept lat="28.81309" lon="121.039492"><ele>810.0</ele></rtept><rtept lat="28.813087" lon="121.039467"><ele>810.8</ele></rtept><rtept lat="28.813092" lon="121.03944"><ele>811.2</ele></rtept><rtept lat="28.813097" lon="121.039407"><ele>811.6</ele></rtept><rtept lat="28.813102" lon="121.039367"><ele>812.2</ele></rtept><rtept lat="28.813102" lon="121.039342"><ele>812.6</ele></rtept><rtept lat="28.813107" lon="121.039322"><ele>813.0</ele></rtept><rtept lat="28.813105" lon="121.039297"><ele>813.2</ele></rtept><rtept lat="28.813102" lon="121.039272"><ele>813.2</ele></rtept><rtept lat="28.813097" lon="121.039247"><ele>813.4</ele></rtept><rtept lat="28.813095" lon="121.03922"><ele>813.4</ele></rtept><rtept lat="28.813092" lon="121.039197"><ele>813.6</ele></rtept><rtept lat="28.81309" lon="121.039172"><ele>813.6</ele></rtept><rtept lat="28.813087" lon="121.039147"><ele>814.0</ele></rtept><rtept lat="28.813082" lon="121.03911"><ele>814.4</ele></rtept><rtept lat="28.813075" lon="121.039087"><ele>814.4</ele></rtept><rtept lat="28.813065" lon="121.039057"><ele>814.8</ele></rtept><rtept lat="28.81307" lon="121.039027"><ele>815.6</ele></rtept><rtept lat="28.813082" lon="121.039"><ele>816.0</ele></rtept><rtept lat="28.813097" lon="121.038967"><ele>816.8</ele></rtept><rtept lat="28.813117" lon="121.038937"><ele>817.0</ele></rtept><rtept lat="28.813137" lon="121.03891"><ele>817.8</ele></rtept><rtept lat="28.813152" lon="121.038882"><ele>818.8</ele></rtept><rtept lat="28.813177" lon="121.038862"><ele>819.6</ele></rtept><rtept lat="28.813195" lon="121.038842"><ele>820.2</ele></rtept><rtept lat="28.813202" lon="121.038812"><ele>820.4</ele></rtept><rtept lat="28.813217" lon="121.038792"><ele>821.6</ele></rtept><rtept lat="28.813232" lon="121.038762"><ele>823.0</ele></rtept><rtept lat="28.813245" lon="121.038747"><ele>823.6</ele></rtept><rtept lat="28.813252" lon="121.038717"><ele>824.4</ele></rtept><rtept lat="28.81327" lon="121.038697"><ele>824.8</ele></rtept><rtept lat="28.813287" lon="121.038687"><ele>825.8</ele></rtept><rtept lat="28.813305" lon="121.038663"><ele>825.8</ele></rtept><rtept lat="28.813315" lon="121.038647"><ele>826.2</ele></rtept><rtept lat="28.81333" lon="121.038637"><ele>827.2</ele></rtept><rtept lat="28.813352" lon="121.038632"><ele>827.8</ele></rtept><rtept lat="28.813377" lon="121.03862"><ele>829.0</ele></rtept><rtept lat="28.8134" lon="121.038617"><ele>829.6</ele></rtept><rtept lat="28.813415" lon="121.038602"><ele>829.8</ele></rtept><rtept lat="28.813427" lon="121.038587"><ele>830.6</ele></rtept><rtept lat="28.813452" lon="121.038575"><ele>831.8</ele></rtept><rtept lat="28.81347" lon="121.038567"><ele>832.2</ele></rtept><rtept lat="28.813487" lon="121.038557"><ele>833.2</ele></rtept><rtept lat="28.813502" lon="121.038545"><ele>834.0</ele></rtept><rtept lat="28.813507" lon="121.038517"><ele>834.6</ele></rtept><rtept lat="28.813522" lon="121.038502"><ele>836.0</ele></rtept><rtept lat="28.813535" lon="121.038477"><ele>836.8</ele></rtept><rtept lat="28.813547" lon="121.03846"><ele>837.4</ele></rtept><rtept lat="28.813562" lon="121.038445"><ele>837.6</ele></rtept><rtept lat="28.813572" lon="121.03842"><ele>838.4</ele></rtept><rtept lat="28.81359" lon="121.038402"><ele>838.8</ele></rtept><rtept lat="28.813602" lon="121.03838"><ele>839.4</ele></rtept><rtept lat="28.813617" lon="121.038362"><ele>840.2</ele></rtept><rtept lat="28.813635" lon="121.038337"><ele>840.8</ele></rtept><rtept lat="28.813637" lon="121.038307"><ele>841.0</ele></rtept><rtept lat="28.813632" lon="121.038282"><ele>841.2</ele></rtept><rtept lat="28.813627" lon="121.038262"><ele>841.8</ele></rtept><rtept lat="28.813625" lon="121.038227"><ele>842.6</ele></rtept><rtept lat="28.81362" lon="121.038197"><ele>842.8</ele></rtept><rtept lat="28.813617" lon="121.038165"><ele>843.6</ele></rtept><rtept lat="28.813632" lon="121.038137"><ele>845.2</ele></rtept><rtept lat="28.813647" lon="121.03811"><ele>845.2</ele></rtept><rtept lat="28.813668" lon="121.038092"><ele>845.6</ele></rtept><rtept lat="28.813692" lon="121.03807"><ele>846.2</ele></rtept><rtept lat="28.813707" lon="121.038055"><ele>846.4</ele></rtept><rtept lat="28.813725" lon="121.038037"><ele>846.4</ele></rtept><rtept lat="28.813745" lon="121.038"><ele>847.4</ele></rtept><rtept lat="28.813752" lon="121.037982"><ele>847.4</ele></rtept><rtept lat="28.813762" lon="121.037962"><ele>847.6</ele></rtept><rtept lat="28.813772" lon="121.037942"><ele>847.8</ele></rtept><rtept lat="28.81378" lon="121.037925"><ele>848.0</ele></rtept><rtept lat="28.81379" lon="121.037903"><ele>848.4</ele></rtept><rtept lat="28.813797" lon="121.037882"><ele>848.8</ele></rtept><rtept lat="28.813805" lon="121.037857"><ele>848.8</ele></rtept><rtept lat="28.813812" lon="121.037832"><ele>849.2</ele></rtept><rtept lat="28.813817" lon="121.037807"><ele>849.6</ele></rtept><rtept lat="28.813827" lon="121.037777"><ele>849.6</ele></rtept><rtept lat="28.813835" lon="121.037752"><ele>849.6</ele></rtept><rtept lat="28.813845" lon="121.03773"><ele>849.8</ele></rtept><rtept lat="28.813855" lon="121.037695"><ele>850.2</ele></rtept><rtept lat="28.813862" lon="121.037677"><ele>850.2</ele></rtept><rtept lat="28.813867" lon="121.037657"><ele>851.0</ele></rtept><rtept lat="28.813877" lon="121.037637"><ele>851.0</ele></rtept><rtept lat="28.813892" lon="121.037607"><ele>851.2</ele></rtept><rtept lat="28.813912" lon="121.037575"><ele>851.4</ele></rtept><rtept lat="28.813922" lon="121.037532"><ele>851.8</ele></rtept><rtept lat="28.813927" lon="121.03751"><ele>852.2</ele></rtept><rtept lat="28.813937" lon="121.037485"><ele>852.2</ele></rtept><rtept lat="28.81394" lon="121.03746"><ele>852.4</ele></rtept><rtept lat="28.813947" lon="121.03744"><ele>852.8</ele></rtept><rtept lat="28.813955" lon="121.03742"><ele>853.0</ele></rtept><rtept lat="28.813962" lon="121.037392"><ele>853.6</ele></rtept><rtept lat="28.813957" lon="121.037372"><ele>854.6</ele></rtept><rtept lat="28.813952" lon="121.037352"><ele>855.0</ele></rtept><rtept lat="28.81394" lon="121.037322"><ele>856.2</ele></rtept><rtept lat="28.81394" lon="121.037292"><ele>856.6</ele></rtept><rtept lat="28.813932" lon="121.037255"><ele>856.8</ele></rtept><rtept lat="28.81392" lon="121.037217"><ele>857.4</ele></rtept><rtept lat="28.813927" lon="121.037182"><ele>858.6</ele></rtept><rtept lat="28.813922" lon="121.037142"><ele>859.0</ele></rtept><rtept lat="28.813912" lon="121.037105"><ele>859.2</ele></rtept><rtept lat="28.813905" lon="121.037075"><ele>860.0</ele></rtept><rtept lat="28.813892" lon="121.037042"><ele>860.2</ele></rtept><rtept lat="28.81387" lon="121.037017"><ele>861.0</ele></rtept><rtept lat="28.813858" lon="121.03699"><ele>861.6</ele></rtept><rtept lat="28.813855" lon="121.036957"><ele>861.6</ele></rtept><rtept lat="28.813855" lon="121.036927"><ele>862.2</ele></rtept><rtept lat="28.813857" lon="121.036892"><ele>863.2</ele></rtept><rtept lat="28.813865" lon="121.036865"><ele>864.0</ele></rtept><rtept lat="28.813858" lon="121.036837"><ele>864.6</ele></rtept><rtept lat="28.813852" lon="121.036817"><ele>865.2</ele></rtept><rtept lat="28.813842" lon="121.036792"><ele>865.8</ele></rtept><rtept lat="28.813837" lon="121.036762"><ele>866.4</ele></rtept><rtept lat="28.813825" lon="121.036742"><ele>866.4</ele></rtept><rtept lat="28.813817" lon="121.036725"><ele>866.4</ele></rtept><rtept lat="28.813812" lon="121.036702"><ele>866.6</ele></rtept><rtept lat="28.813807" lon="121.03668"><ele>866.6</ele></rtept><rtept lat="28.813797" lon="121.036662"><ele>866.6</ele></rtept><rtept lat="28.813787" lon="121.036627"><ele>867.6</ele></rtept><rtept lat="28.813767" lon="121.036597"><ele>868.0</ele></rtept><rtept lat="28.813757" lon="121.036572"><ele>868.6</ele></rtept><rtept lat="28.813747" lon="121.036547"><ele>868.8</ele></rtept><rtept lat="28.813737" lon="121.036517"><ele>869.8</ele></rtept><rtept lat="28.813727" lon="121.03648"><ele>870.6</ele></rtept><rtept lat="28.813707" lon="121.036447"><ele>871.0</ele></rtept><rtept lat="28.8137" lon="121.036427"><ele>871.8</ele></rtept><rtept lat="28.813695" lon="121.036407"><ele>872.0</ele></rtept><rtept lat="28.813687" lon="121.036387"><ele>872.2</ele></rtept><rtept lat="28.813677" lon="121.036367"><ele>872.6</ele></rtept><rtept lat="28.813672" lon="121.036337"><ele>873.6</ele></rtept><rtept lat="28.813668" lon="121.036307"><ele>874.2</ele></rtept><rtept lat="28.813662" lon="121.03628"><ele>874.2</ele></rtept><rtept lat="28.813645" lon="121.036252"><ele>875.0</ele></rtept><rtept lat="28.813627" lon="121.036227"><ele>875.0</ele></rtept><rtept lat="28.81361" lon="121.036202"><ele>875.6</ele></rtept><rtept lat="28.813592" lon="121.036172"><ele>876.2</ele></rtept><rtept lat="28.813582" lon="121.036152"><ele>876.6</ele></rtept><rtept lat="28.813572" lon="121.03614"><ele>877.8</ele></rtept><rtept lat="28.813547" lon="121.036122"><ele>878.4</ele></rtept><rtept lat="28.813532" lon="121.036115"><ele>878.8</ele></rtept><rtept lat="28.813513" lon="121.036097"><ele>879.8</ele></rtept><rtept lat="28.813502" lon="121.036082"><ele>880.2</ele></rtept><rtept lat="28.813492" lon="121.036062"><ele>881.0</ele></rtept><rtept lat="28.813472" lon="121.036037"><ele>881.8</ele></rtept><rtept lat="28.813447" lon="121.036017"><ele>882.6</ele></rtept><rtept lat="28.813427" lon="121.035985"><ele>883.2</ele></rtept><rtept lat="28.813417" lon="121.035952"><ele>884.0</ele></rtept><rtept lat="28.813402" lon="121.035925"><ele>884.6</ele></rtept><rtept lat="28.81339" lon="121.035897"><ele>885.2</ele></rtept><rtept lat="28.81338" lon="121.035877"><ele>885.4</ele></rtept><rtept lat="28.813362" lon="121.035852"><ele>886.6</ele></rtept><rtept lat="28.81335" lon="121.03582"><ele>887.4</ele></rtept><rtept lat="28.813345" lon="121.0358"><ele>887.6</ele></rtept><rtept lat="28.813337" lon="121.03577"><ele>888.4</ele></rtept><rtept lat="28.813327" lon="121.035742"><ele>889.0</ele></rtept><rtept lat="28.813315" lon="121.035707"><ele>889.2</ele></rtept><rtept lat="28.813287" lon="121.035677"><ele>889.4</ele></rtept><rtept lat="28.81327" lon="121.035665"><ele>889.6</ele></rtept><rtept lat="28.813252" lon="121.03565"><ele>890.2</ele></rtept><rtept lat="28.813232" lon="121.035617"><ele>891.2</ele></rtept><rtept lat="28.813207" lon="121.0356"><ele>891.8</ele></rtept><rtept lat="28.813197" lon="121.035582"><ele>892.2</ele></rtept><rtept lat="28.813182" lon="121.035562"><ele>892.8</ele></rtept><rtept lat="28.813167" lon="121.03554"><ele>893.6</ele></rtept><rtept lat="28.813145" lon="121.035515"><ele>894.4</ele></rtept><rtept lat="28.813125" lon="121.035502"><ele>894.4</ele></rtept><rtept lat="28.813107" lon="121.035483"><ele>895.4</ele></rtept><rtept lat="28.813082" lon="121.035465"><ele>896.0</ele></rtept><rtept lat="28.813057" lon="121.035432"><ele>896.0</ele></rtept><rtept lat="28.813037" lon="121.035412"><ele>896.8</ele></rtept><rtept lat="28.813025" lon="121.035397"><ele>897.0</ele></rtept><rtept lat="28.813017" lon="121.035377"><ele>897.6</ele></rtept><rtept lat="28.813002" lon="121.035352"><ele>898.4</ele></rtept><rtept lat="28.812982" lon="121.035335"><ele>898.4</ele></rtept><rtept lat="28.812962" lon="121.035317"><ele>899.0</ele></rtept><rtept lat="28.81294" lon="121.03529"><ele>899.4</ele></rtept><rtept lat="28.812917" lon="121.035267"><ele>900.0</ele></rtept><rtept lat="28.812897" lon="121.035242"><ele>900.6</ele></rtept><rtept lat="28.812877" lon="121.035212"><ele>901.2</ele></rtept><rtept lat="28.81286" lon="121.035187"><ele>901.8</ele></rtept><rtept lat="28.812837" lon="121.03516"><ele>902.4</ele></rtept><rtept lat="28.812822" lon="121.03513"><ele>903.0</ele></rtept><rtept lat="28.812812" lon="121.035112"><ele>903.6</ele></rtept><rtept lat="28.812797" lon="121.035097"><ele>903.8</ele></rtept><rtept lat="28.812767" lon="121.035082"><ele>904.6</ele></rtept><rtept lat="28.812742" lon="121.035057"><ele>904.8</ele></rtept><rtept lat="28.812727" lon="121.035022"><ele>905.6</ele></rtept><rtept lat="28.812712" lon="121.035002"><ele>906.6</ele></rtept><rtept lat="28.812705" lon="121.034985"><ele>907.4</ele></rtept><rtept lat="28.812692" lon="121.034967"><ele>907.6</ele></rtept><rtept lat="28.812677" lon="121.034945"><ele>908.4</ele></rtept><rtept lat="28.81266" lon="121.034925"><ele>909.4</ele></rtept><rtept lat="28.812645" lon="121.034902"><ele>910.2</ele></rtept><rtept lat="28.81263" lon="121.03488"><ele>910.4</ele></rtept><rtept lat="28.812607" lon="121.03485"><ele>911.2</ele></rtept><rtept lat="28.812587" lon="121.034822"><ele>911.2</ele></rtept><rtept lat="28.812562" lon="121.03479"><ele>911.6</ele></rtept><rtept lat="28.812552" lon="121.034772"><ele>912.0</ele></rtept><rtept lat="28.812542" lon="121.034752"><ele>912.2</ele></rtept><rtept lat="28.812537" lon="121.034727"><ele>912.4</ele></rtept><rtept lat="28.812532" lon="121.034685"><ele>912.4</ele></rtept><rtept lat="28.812527" lon="121.03466"><ele>912.2</ele></rtept><rtept lat="28.812517" lon="121.034637"><ele>912.2</ele></rtept><rtept lat="28.8125" lon="121.034615"><ele>912.6</ele></rtept><rtept lat="28.812477" lon="121.0346"><ele>912.6</ele></rtept><rtept lat="28.812447" lon="121.034587"><ele>912.0</ele></rtept><rtept lat="28.812415" lon="121.034582"><ele>911.8</ele></rtept><rtept lat="28.812377" lon="121.034577"><ele>911.0</ele></rtept><rtept lat="28.812347" lon="121.03458"><ele>910.2</ele></rtept><rtept lat="28.812317" lon="121.034577"><ele>909.8</ele></rtept><rtept lat="28.812295" lon="121.034577"><ele>909.6</ele></rtept><rtept lat="28.812272" lon="121.034572"><ele>909.4</ele></rtept><rtept lat="28.812242" lon="121.03456"><ele>909.0</ele></rtept><rtept lat="28.812217" lon="121.034537"><ele>908.6</ele></rtept><rtept lat="28.812192" lon="121.034512"><ele>908.4</ele></rtept><rtept lat="28.812167" lon="121.034482"><ele>908.0</ele></rtept><rtept lat="28.812142" lon="121.034452"><ele>907.8</ele></rtept><rtept lat="28.812125" lon="121.034417"><ele>907.8</ele></rtept><rtept lat="28.812112" lon="121.034377"><ele>907.8</ele></rtept><rtept lat="28.812102" lon="121.034337"><ele>907.8</ele></rtept><rtept lat="28.812095" lon="121.034295"><ele>907.6</ele></rtept><rtept lat="28.812085" lon="121.034252"><ele>906.8</ele></rtept><rtept lat="28.812072" lon="121.03421"><ele>906.8</ele></rtept><rtept lat="28.81206" lon="121.034172"><ele>906.6</ele></rtept><rtept lat="28.81204" lon="121.034137"><ele>906.6</ele></rtept><rtept lat="28.812022" lon="121.034102"><ele>906.2</ele></rtept><rtept lat="28.812002" lon="121.03406"><ele>906.0</ele></rtept><rtept lat="28.81199" lon="121.034012"><ele>906.0</ele></rtept><rtept lat="28.81198" lon="121.03397"><ele>906.0</ele></rtept><rtept lat="28.811962" lon="121.03393"><ele>906.0</ele></rtept><rtept lat="28.811952" lon="121.033892"><ele>906.0</ele></rtept><rtept lat="28.811945" lon="121.033852"><ele>905.8</ele></rtept><rtept lat="28.811937" lon="121.033815"><ele>905.8</ele></rtept><rtept lat="28.81192" lon="121.03378"><ele>905.6</ele></rtept><rtept lat="28.81191" lon="121.033747"><ele>905.6</ele></rtept><rtept lat="28.811895" lon="121.033715"><ele>905.6</ele></rtept><rtept lat="28.811882" lon="121.033682"><ele>905.6</ele></rtept><rtept lat="28.811875" lon="121.033642"><ele>905.6</ele></rtept><rtept lat="28.811862" lon="121.033612"><ele>905.8</ele></rtept><rtept lat="28.811847" lon="121.033582"><ele>905.8</ele></rtept><rtept lat="28.811832" lon="121.033565"><ele>906.0</ele></rtept><rtept lat="28.811815" lon="121.033547"><ele>906.0</ele></rtept><rtept lat="28.811787" lon="121.033522"><ele>906.0</ele></rtept><rtept lat="28.811757" lon="121.033505"><ele>906.0</ele></rtept><rtept lat="28.81173" lon="121.033495"><ele>906.0</ele></rtept><rtept lat="28.811698" lon="121.033492"><ele>906.0</ele></rtept><rtept lat="28.81167" lon="121.033487"><ele>906.0</ele></rtept><rtept lat="28.811637" lon="121.033482"><ele>906.0</ele></rtept><rtept lat="28.811605" lon="121.033482"><ele>906.6</ele></rtept><rtept lat="28.811577" lon="121.033482"><ele>906.6</ele></rtept><rtept lat="28.811543" lon="121.033477"><ele>906.6</ele></rtept><rtept lat="28.811515" lon="121.033467"><ele>906.6</ele></rtept><rtept lat="28.811482" lon="121.033455"><ele>906.6</ele></rtept><rtept lat="28.811452" lon="121.033442"><ele>906.6</ele></rtept><rtept lat="28.811425" lon="121.033428"><ele>907.0</ele></rtept><rtept lat="28.811397" lon="121.03341"><ele>907.0</ele></rtept><rtept lat="28.811372" lon="121.033385"><ele>906.8</ele></rtept><rtept lat="28.811353" lon="121.033342"><ele>906.8</ele></rtept><rtept lat="28.811337" lon="121.033302"><ele>906.6</ele></rtept><rtept lat="28.811322" lon="121.033257"><ele>906.4</ele></rtept><rtept lat="28.811312" lon="121.03321"><ele>906.0</ele></rtept><rtept lat="28.811307" lon="121.033157"><ele>905.2</ele></rtept><rtept lat="28.8113" lon="121.03311"><ele>904.8</ele></rtept><rtept lat="28.811285" lon="121.033072"><ele>904.6</ele></rtept><rtept lat="28.811267" lon="121.033042"><ele>904.0</ele></rtept><rtept lat="28.811257" lon="121.033007"><ele>903.6</ele></rtept><rtept lat="28.81124" lon="121.032978"><ele>902.8</ele></rtept><rtept lat="28.811215" lon="121.032952"><ele>902.4</ele></rtept><rtept lat="28.811192" lon="121.032925"><ele>901.8</ele></rtept><rtept lat="28.811172" lon="121.032897"><ele>901.4</ele></rtept><rtept lat="28.811147" lon="121.032867"><ele>900.6</ele></rtept><rtept lat="28.811122" lon="121.032845"><ele>900.0</ele></rtept><rtept lat="28.811095" lon="121.032832"><ele>899.4</ele></rtept><rtept lat="28.811067" lon="121.032832"><ele>899.2</ele></rtept><rtept lat="28.811032" lon="121.032832"><ele>899.0</ele></rtept><rtept lat="28.811002" lon="121.032835"><ele>898.2</ele></rtept><rtept lat="28.81097" lon="121.03283"><ele>898.2</ele></rtept><rtept lat="28.810938" lon="121.032817"><ele>898.4</ele></rtept><rtept lat="28.810915" lon="121.032797"><ele>898.4</ele></rtept><rtept lat="28.810887" lon="121.032772"><ele>898.2</ele></rtept><rtept lat="28.810862" lon="121.03275"><ele>897.6</ele></rtept><rtept lat="28.810837" lon="121.032727"><ele>897.0</ele></rtept><rtept lat="28.810812" lon="121.0327"><ele>895.8</ele></rtept><rtept lat="28.810787" lon="121.032677"><ele>895.0</ele></rtept><rtept lat="28.810757" lon="121.032662"><ele>894.6</ele></rtept><rtept lat="28.81073" lon="121.032647"><ele>894.2</ele></rtept><rtept lat="28.810707" lon="121.032632"><ele>893.6</ele></rtept><rtept lat="28.810685" lon="121.032617"><ele>893.6</ele></rtept><rtept lat="28.810665" lon="121.032597"><ele>893.2</ele></rtept><rtept lat="28.810647" lon="121.032572"><ele>892.8</ele></rtept><rtept lat="28.810632" lon="121.032547"><ele>891.8</ele></rtept><rtept lat="28.810615" lon="121.032525"><ele>890.8</ele></rtept><rtept lat="28.810592" lon="121.032505"><ele>889.8</ele></rtept><rtept lat="28.810572" lon="121.032482"><ele>888.8</ele></rtept><rtept lat="28.810552" lon="121.032455"><ele>888.6</ele></rtept><rtept lat="28.810532" lon="121.032432"><ele>887.4</ele></rtept><rtept lat="28.81051" lon="121.032415"><ele>886.2</ele></rtept><rtept lat="28.810492" lon="121.032395"><ele>885.6</ele></rtept><rtept lat="28.810472" lon="121.032382"><ele>885.0</ele></rtept><rtept lat="28.810457" lon="121.03237"><ele>884.4</ele></rtept><rtept lat="28.810422" lon="121.03235"><ele>883.2</ele></rtept><rtept lat="28.810407" lon="121.032332"><ele>882.4</ele></rtept><rtept lat="28.810387" lon="121.032315"><ele>881.4</ele></rtept><rtept lat="28.810365" lon="121.032302"><ele>880.6</ele></rtept><rtept lat="28.81034" lon="121.032287"><ele>879.8</ele></rtept><rtept lat="28.810315" lon="121.032265"><ele>878.8</ele></rtept><rtept lat="28.810292" lon="121.032245"><ele>878.8</ele></rtept><rtept lat="28.810267" lon="121.032225"><ele>877.4</ele></rtept><rtept lat="28.810245" lon="121.0322"><ele>876.0</ele></rtept><rtept lat="28.81022" lon="121.032172"><ele>875.6</ele></rtept><rtept lat="28.810187" lon="121.03214"><ele>874.4</ele></rtept><rtept lat="28.810155" lon="121.032115"><ele>874.0</ele></rtept><rtept lat="28.810122" lon="121.03209"><ele>873.2</ele></rtept><rtept lat="28.810087" lon="121.032055"><ele>872.0</ele></rtept><rtept lat="28.810052" lon="121.032022"><ele>871.4</ele></rtept><rtept lat="28.810025" lon="121.031992"><ele>870.4</ele></rtept><rtept lat="28.809995" lon="121.03196"><ele>870.4</ele></rtept><rtept lat="28.809967" lon="121.031932"><ele>870.4</ele></rtept><rtept lat="28.80994" lon="121.031892"><ele>869.6</ele></rtept><rtept lat="28.809925" lon="121.031845"><ele>869.2</ele></rtept><rtept lat="28.80992" lon="121.031787"><ele>868.6</ele></rtept><rtept lat="28.809922" lon="121.031735"><ele>868.6</ele></rtept><rtept lat="28.809947" lon="121.03168"><ele>867.6</ele></rtept><rtept lat="28.809967" lon="121.031627"><ele>867.2</ele></rtept><rtept lat="28.809987" lon="121.031577"><ele>866.6</ele></rtept><rtept lat="28.810007" lon="121.031532"><ele>865.8</ele></rtept><rtept lat="28.81002" lon="121.031487"><ele>865.0</ele></rtept><rtept lat="28.810022" lon="121.031445"><ele>865.0</ele></rtept><rtept lat="28.81001" lon="121.03141"><ele>865.0</ele></rtept><rtept lat="28.809995" lon="121.031377"><ele>865.2</ele></rtept><rtept lat="28.80998" lon="121.031345"><ele>865.2</ele></rtept><rtept lat="28.809962" lon="121.03131"><ele>864.6</ele></rtept><rtept lat="28.809947" lon="121.031275"><ele>864.6</ele></rtept><rtept lat="28.809942" lon="121.031232"><ele>864.4</ele></rtept><rtept lat="28.809942" lon="121.03119"><ele>864.4</ele></rtept><rtept lat="28.809952" lon="121.031147"><ele>864.2</ele></rtept><rtept lat="28.80997" lon="121.031107"><ele>863.8</ele></rtept><rtept lat="28.809992" lon="121.031075"><ele>863.8</ele></rtept><rtept lat="28.810012" lon="121.031042"><ele>863.8</ele></rtept><rtept lat="28.810032" lon="121.031007"><ele>863.8</ele></rtept><rtept lat="28.810052" lon="121.030977"><ele>864.0</ele></rtept><rtept lat="28.810067" lon="121.030947"><ele>864.2</ele></rtept><rtept lat="28.810077" lon="121.030915"><ele>864.2</ele></rtept><rtept lat="28.810082" lon="121.030887"><ele>863.8</ele></rtept><rtept lat="28.810082" lon="121.030862"><ele>863.8</ele></rtept><rtept lat="28.810075" lon="121.030837"><ele>864.8</ele></rtept><rtept lat="28.810062" lon="121.030815"><ele>864.8</ele></rtept><rtept lat="28.810047" lon="121.030792"><ele>865.2</ele></rtept><rtept lat="28.810027" lon="121.030767"><ele>865.4</ele></rtept><rtept lat="28.810012" lon="121.030737"><ele>865.4</ele></rtept><rtept lat="28.809995" lon="121.030707"><ele>865.4</ele></rtept><rtept lat="28.809982" lon="121.030677"><ele>865.2</ele></rtept><rtept lat="28.809982" lon="121.030652"><ele>865.2</ele></rtept><rtept lat="28.809997" lon="121.03063"><ele>865.2</ele></rtept><rtept lat="28.810022" lon="121.030607"><ele>865.4</ele></rtept><rtept lat="28.810042" lon="121.030602"><ele>865.6</ele></rtept><rtept lat="28.810025" lon="121.030627"><ele>865.8</ele></rtept><rtept lat="28.81" lon="121.030645"><ele>865.8</ele></rtept><rtept lat="28.809977" lon="121.030625"><ele>865.6</ele></rtept><rtept lat="28.809965" lon="121.030607"><ele>865.4</ele></rtept><rtept lat="28.80995" lon="121.030582"><ele>865.4</ele></rtept><rtept lat="28.809937" lon="121.030562"><ele>865.4</ele></rtept><rtept lat="28.809932" lon="121.030542"><ele>865.4</ele></rtept><rtept lat="28.80994" lon="121.030522"><ele>865.6</ele></rtept><rtept lat="28.809953" lon="121.03051"><ele>864.8</ele></rtept><rtept lat="28.809967" lon="121.030495"><ele>865.0</ele></rtept><rtept lat="28.809975" lon="121.030472"><ele>865.0</ele></rtept><rtept lat="28.809972" lon="121.030442"><ele>865.6</ele></rtept><rtept lat="28.809957" lon="121.03041"><ele>865.6</ele></rtept><rtept lat="28.809937" lon="121.030372"><ele>865.6</ele></rtept><rtept lat="28.809922" lon="121.030333"><ele>865.6</ele></rtept><rtept lat="28.809917" lon="121.030292"><ele>865.4</ele></rtept><rtept lat="28.809925" lon="121.030257"><ele>865.2</ele></rtept><rtept lat="28.809937" lon="121.030225"><ele>865.0</ele></rtept><rtept lat="28.809952" lon="121.030197"><ele>865.0</ele></rtept><rtept lat="28.80997" lon="121.03018"><ele>865.0</ele></rtept><rtept lat="28.809988" lon="121.030167"><ele>865.4</ele></rtept><rtept lat="28.810005" lon="121.030155"><ele>865.4</ele></rtept><rtept lat="28.810022" lon="121.030142"><ele>865.6</ele></rtept><rtept lat="28.810042" lon="121.03013"><ele>866.2</ele></rtept><rtept lat="28.81006" lon="121.030117"><ele>866.8</ele></rtept><rtept lat="28.810077" lon="121.030107"><ele>867.4</ele></rtept><rtept lat="28.810097" lon="121.030092"><ele>868.0</ele></rtept><rtept lat="28.810122" lon="121.030082"><ele>868.4</ele></rtept><rtept lat="28.81015" lon="121.03008"><ele>869.2</ele></rtept><rtept lat="28.810172" lon="121.030072"><ele>870.0</ele></rtept><rtept lat="28.810197" lon="121.030062"><ele>870.2</ele></rtept><rtept lat="28.810217" lon="121.030057"><ele>870.8</ele></rtept><rtept lat="28.810237" lon="121.030042"><ele>871.6</ele></rtept><rtept lat="28.810252" lon="121.030023"><ele>871.6</ele></rtept><rtept lat="28.81026" lon="121.030002"><ele>871.8</ele></rtept><rtept lat="28.810267" lon="121.02997"><ele>872.6</ele></rtept><rtept lat="28.810272" lon="121.029947"><ele>873.0</ele></rtept><rtept lat="28.810282" lon="121.029927"><ele>874.4</ele></rtept><rtept lat="28.810277" lon="121.029897"><ele>875.0</ele></rtept><rtept lat="28.810267" lon="121.029867"><ele>875.2</ele></rtept><rtept lat="28.81027" lon="121.02983"><ele>876.0</ele></rtept><rtept lat="28.810275" lon="121.02979"><ele>876.2</ele></rtept><rtept lat="28.810277" lon="121.029747"><ele>876.4</ele></rtept><rtept lat="28.81027" lon="121.029717"><ele>877.0</ele></rtept><rtept lat="28.810267" lon="121.029687"><ele>877.2</ele></rtept><rtept lat="28.810262" lon="121.029655"><ele>877.6</ele></rtept><rtept lat="28.810252" lon="121.02962"><ele>877.6</ele></rtept><rtept lat="28.81024" lon="121.029585"><ele>878.2</ele></rtept><rtept lat="28.810225" lon="121.029545"><ele>878.8</ele></rtept><rtept lat="28.81022" lon="121.029527"><ele>880.0</ele></rtept><rtept lat="28.810212" lon="121.029507"><ele>880.0</ele></rtept><rtept lat="28.810205" lon="121.02947"><ele>880.2</ele></rtept><rtept lat="28.810197" lon="121.029437"><ele>880.8</ele></rtept><rtept lat="28.810197" lon="121.029403"><ele>881.2</ele></rtept><rtept lat="28.810197" lon="121.029367"><ele>881.6</ele></rtept><rtept lat="28.810192" lon="121.029347"><ele>881.6</ele></rtept><rtept lat="28.810192" lon="121.029325"><ele>881.6</ele></rtept><rtept lat="28.810202" lon="121.029292"><ele>880.8</ele></rtept><rtept lat="28.810192" lon="121.029257"><ele>880.4</ele></rtept><rtept lat="28.810177" lon="121.029242"><ele>879.8</ele></rtept><rtept lat="28.810172" lon="121.029217"><ele>879.6</ele></rtept><rtept lat="28.810162" lon="121.029182"><ele>879.8</ele></rtept><rtept lat="28.810155" lon="121.029152"><ele>881.0</ele></rtept><rtept lat="28.810157" lon="121.029112"><ele>881.6</ele></rtept><rtept lat="28.810157" lon="121.029067"><ele>881.8</ele></rtept><rtept lat="28.810157" lon="121.029045"><ele>882.2</ele></rtept><rtept lat="28.810157" lon="121.02902"><ele>882.2</ele></rtept><rtept lat="28.810162" lon="121.028987"><ele>882.6</ele></rtept><rtept lat="28.810172" lon="121.02896"><ele>883.2</ele></rtept><rtept lat="28.810178" lon="121.028935"><ele>883.2</ele></rtept><rtept lat="28.810187" lon="121.028912"><ele>883.2</ele></rtept><rtept lat="28.810197" lon="121.028867"><ele>884.0</ele></rtept><rtept lat="28.810202" lon="121.028847"><ele>884.4</ele></rtept><rtept lat="28.810212" lon="121.028822"><ele>884.6</ele></rtept><rtept lat="28.810215" lon="121.028795"><ele>884.6</ele></rtept><rtept lat="28.810215" lon="121.02876"><ele>884.8</ele></rtept><rtept lat="28.810202" lon="121.028727"><ele>885.0</ele></rtept><rtept lat="28.81019" lon="121.02869"><ele>885.4</ele></rtept><rtept lat="28.810182" lon="121.028665"><ele>886.0</ele></rtept><rtept lat="28.810162" lon="121.028642"><ele>885.8</ele></rtept><rtept lat="28.810147" lon="121.028632"><ele>885.4</ele></rtept><rtept lat="28.810127" lon="121.02862"><ele>886.4</ele></rtept><rtept lat="28.810107" lon="121.028607"><ele>887.0</ele></rtept><rtept lat="28.81009" lon="121.028592"><ele>887.6</ele></rtept><rtept lat="28.81008" lon="121.028567"><ele>888.6</ele></rtept><rtept lat="28.81007" lon="121.028542"><ele>889.4</ele></rtept><rtept lat="28.81007" lon="121.02852"><ele>889.8</ele></rtept><rtept lat="28.810067" lon="121.028497"><ele>890.8</ele></rtept><rtept lat="28.81006" lon="121.028472"><ele>891.6</ele></rtept><rtept lat="28.810072" lon="121.028452"><ele>892.2</ele></rtept><rtept lat="28.810075" lon="121.028425"><ele>892.6</ele></rtept><rtept lat="28.810072" lon="121.028402"><ele>893.8</ele></rtept><rtept lat="28.810075" lon="121.028382"><ele>894.6</ele></rtept><rtept lat="28.810067" lon="121.02836"><ele>895.4</ele></rtept><rtept lat="28.810052" lon="121.028337"><ele>896.2</ele></rtept><rtept lat="28.810042" lon="121.028322"><ele>896.8</ele></rtept><rtept lat="28.810032" lon="121.028307"><ele>898.0</ele></rtept><rtept lat="28.810025" lon="121.028292"><ele>899.0</ele></rtept><rtept lat="28.81002" lon="121.028267"><ele>900.2</ele></rtept><rtept lat="28.81002" lon="121.028247"><ele>901.0</ele></rtept><rtept lat="28.810035" lon="121.028227"><ele>901.6</ele></rtept><rtept lat="28.810052" lon="121.028197"><ele>902.2</ele></rtept><rtept lat="28.810062" lon="121.028177"><ele>902.6</ele></rtept><rtept lat="28.810077" lon="121.028157"><ele>903.8</ele></rtept><rtept lat="28.810087" lon="121.028138"><ele>905.0</ele></rtept><rtept lat="28.810085" lon="121.028117"><ele>906.2</ele></rtept><rtept lat="28.810085" lon="121.028097"><ele>907.0</ele></rtept><rtept lat="28.81008" lon="121.028075"><ele>907.4</ele></rtept><rtept lat="28.81007" lon="121.02806"><ele>908.4</ele></rtept><rtept lat="28.81006" lon="121.028045"><ele>909.6</ele></rtept><rtept lat="28.810045" lon="121.028037"><ele>911.4</ele></rtept><rtept lat="28.810042" lon="121.028027"><ele>913.6</ele></rtept><rtept lat="28.810042" lon="121.028002"><ele>914.4</ele></rtept><rtept lat="28.810042" lon="121.027977"><ele>915.2</ele></rtept><rtept lat="28.81004" lon="121.027942"><ele>915.4</ele></rtept><rtept lat="28.810037" lon="121.027922"><ele>915.8</ele></rtept><rtept lat="28.810032" lon="121.02789"><ele>917.2</ele></rtept><rtept lat="28.810027" lon="121.027862"><ele>917.8</ele></rtept><rtept lat="28.810022" lon="121.027832"><ele>918.2</ele></rtept><rtept lat="28.810017" lon="121.027812"><ele>919.4</ele></rtept><rtept lat="28.810012" lon="121.02778"><ele>920.6</ele></rtept><rtept lat="28.81001" lon="121.02776"><ele>921.6</ele></rtept><rtept lat="28.810012" lon="121.027735"><ele>922.2</ele></rtept><rtept lat="28.810005" lon="121.027715"><ele>923.0</ele></rtept><rtept lat="28.810007" lon="121.027682"><ele>924.0</ele></rtept><rtept lat="28.810012" lon="121.02765"><ele>924.6</ele></rtept><rtept lat="28.810035" lon="121.027637"><ele>924.6</ele></rtept><rtept lat="28.810067" lon="121.027627"><ele>925.2</ele></rtept><rtept lat="28.810082" lon="121.027617"><ele>926.4</ele></rtept><rtept lat="28.810105" lon="121.027607"><ele>927.0</ele></rtept><rtept lat="28.810125" lon="121.027595"><ele>928.6</ele></rtept><rtept lat="28.81015" lon="121.02758"><ele>928.6</ele></rtept><rtept lat="28.810167" lon="121.027572"><ele>929.0</ele></rtept><rtept lat="28.810192" lon="121.027562"><ele>930.2</ele></rtept><rtept lat="28.810215" lon="121.027562"><ele>931.0</ele></rtept><rtept lat="28.810232" lon="121.027552"><ele>931.6</ele></rtept><rtept lat="28.810245" lon="121.027552"><ele>933.0</ele></rtept><rtept lat="28.810265" lon="121.02755"><ele>933.2</ele></rtept><rtept lat="28.810282" lon="121.027552"><ele>934.8</ele></rtept><rtept lat="28.810302" lon="121.027552"><ele>936.6</ele></rtept><rtept lat="28.810317" lon="121.02754"><ele>937.4</ele></rtept><rtept lat="28.810345" lon="121.027532"><ele>938.6</ele></rtept><rtept lat="28.810362" lon="121.027527"><ele>939.0</ele></rtept><rtept lat="28.810392" lon="121.027522"><ele>939.0</ele></rtept><rtept lat="28.81042" lon="121.027512"><ele>939.4</ele></rtept><rtept lat="28.810437" lon="121.027502"><ele>940.0</ele></rtept><rtept lat="28.810455" lon="121.027495"><ele>940.8</ele></rtept><rtept lat="28.810477" lon="121.027482"><ele>941.0</ele></rtept><rtept lat="28.810502" lon="121.027475"><ele>941.0</ele></rtept><rtept lat="28.81053" lon="121.027472"><ele>941.2</ele></rtept><rtept lat="28.810557" lon="121.027475"><ele>941.2</ele></rtept><rtept lat="28.810582" lon="121.027482"><ele>941.2</ele></rtept><rtept lat="28.810607" lon="121.027487"><ele>941.0</ele></rtept><rtept lat="28.810632" lon="121.027502"><ele>940.8</ele></rtept><rtept lat="28.810657" lon="121.027515"><ele>940.0</ele></rtept><rtept lat="28.810682" lon="121.02753"><ele>939.2</ele></rtept><rtept lat="28.810707" lon="121.02754"><ele>938.2</ele></rtept><rtept lat="28.81074" lon="121.027545"><ele>937.4</ele></rtept><rtept lat="28.810777" lon="121.027547"><ele>937.2</ele></rtept><rtept lat="28.810807" lon="121.027557"><ele>936.0</ele></rtept><rtept lat="28.810837" lon="121.02757"><ele>935.4</ele></rtept><rtept lat="28.81086" lon="121.027582"><ele>934.8</ele></rtept><rtept lat="28.810877" lon="121.027592"><ele>934.6</ele></rtept><rtept lat="28.810897" lon="121.027597"><ele>934.6</ele></rtept><rtept lat="28.810932" lon="121.027607"><ele>935.2</ele></rtept><rtept lat="28.81095" lon="121.027617"><ele>935.4</ele></rtept><rtept lat="28.810967" lon="121.027622"><ele>935.8</ele></rtept><rtept lat="28.81099" lon="121.027645"><ele>936.6</ele></rtept><rtept lat="28.811012" lon="121.027662"><ele>937.6</ele></rtept><rtept lat="28.811035" lon="121.02766"><ele>938.2</ele></rtept><rtept lat="28.811062" lon="121.027652"><ele>939.4</ele></rtept><rtept lat="28.811087" lon="121.027657"><ele>939.6</ele></rtept><rtept lat="28.811112" lon="121.027655"><ele>939.8</ele></rtept><rtept lat="28.811142" lon="121.02765"><ele>939.8</ele></rtept><rtept lat="28.811162" lon="121.027662"><ele>940.6</ele></rtept><rtept lat="28.81118" lon="121.027665"><ele>941.8</ele></rtept><rtept lat="28.811202" lon="121.027677"><ele>942.6</ele></rtept><rtept lat="28.811227" lon="121.027685"><ele>943.2</ele></rtept><rtept lat="28.81125" lon="121.027695"><ele>944.0</ele></rtept><rtept lat="28.811272" lon="121.027705"><ele>945.0</ele></rtept><rtept lat="28.811292" lon="121.0277"><ele>945.8</ele></rtept><rtept lat="28.811317" lon="121.027692"><ele>946.6</ele></rtept><rtept lat="28.811337" lon="121.027697"><ele>948.0</ele></rtept><rtept lat="28.811357" lon="121.0277"><ele>949.2</ele></rtept><rtept lat="28.811382" lon="121.027692"><ele>950.8</ele></rtept><rtept lat="28.811407" lon="121.02769"><ele>951.6</ele></rtept><rtept lat="28.81143" lon="121.027682"><ele>953.0</ele></rtept><rtept lat="28.81145" lon="121.027685"><ele>953.8</ele></rtept><rtept lat="28.811467" lon="121.027677"><ele>955.2</ele></rtept><rtept lat="28.811485" lon="121.027672"><ele>956.6</ele></rtept><rtept lat="28.811497" lon="121.027677"><ele>958.0</ele></rtept><rtept lat="28.811517" lon="121.027682"><ele>959.0</ele></rtept><rtept lat="28.811535" lon="121.027692"><ele>960.4</ele></rtept><rtept lat="28.811552" lon="121.02771"><ele>961.2</ele></rtept><rtept lat="28.81157" lon="121.027712"><ele>962.2</ele></rtept><rtept lat="28.81159" lon="121.02773"><ele>963.2</ele></rtept><rtept lat="28.811605" lon="121.027742"><ele>963.6</ele></rtept><rtept lat="28.811622" lon="121.027732"><ele>964.8</ele></rtept><rtept lat="28.811637" lon="121.027725"><ele>966.6</ele></rtept><rtept lat="28.811657" lon="121.027712"><ele>967.4</ele></rtept><rtept lat="28.81167" lon="121.027697"><ele>968.8</ele></rtept><rtept lat="28.811682" lon="121.027685"><ele>969.6</ele></rtept><rtept lat="28.811698" lon="121.02768"><ele>970.4</ele></rtept><rtept lat="28.811717" lon="121.027667"><ele>971.6</ele></rtept><rtept lat="28.811737" lon="121.027665"><ele>972.8</ele></rtept><rtept lat="28.811757" lon="121.027667"><ele>973.6</ele></rtept><rtept lat="28.811777" lon="121.027657"><ele>975.0</ele></rtept><rtept lat="28.811802" lon="121.027657"><ele>976.4</ele></rtept><rtept lat="28.811817" lon="121.02766"><ele>977.6</ele></rtept><rtept lat="28.811837" lon="121.027662"><ele>979.2</ele></rtept><rtept lat="28.811857" lon="121.027657"><ele>979.8</ele></rtept><rtept lat="28.81188" lon="121.027652"><ele>980.8</ele></rtept><rtept lat="28.811892" lon="121.027637"><ele>982.0</ele></rtept><rtept lat="28.811915" lon="121.027632"><ele>983.0</ele></rtept><rtept lat="28.811932" lon="121.027632"><ele>983.8</ele></rtept><rtept lat="28.81195" lon="121.027642"><ele>984.6</ele></rtept><rtept lat="28.811972" lon="121.027632"><ele>985.6</ele></rtept><rtept lat="28.811992" lon="121.027617"><ele>987.0</ele></rtept><rtept lat="28.812002" lon="121.027615"><ele>988.6</ele></rtept><rtept lat="28.812022" lon="121.027612"><ele>990.4</ele></rtept><rtept lat="28.81204" lon="121.02762"><ele>991.6</ele></rtept><rtept lat="28.812065" lon="121.027617"><ele>991.8</ele></rtept><rtept lat="28.812085" lon="121.027617"><ele>992.6</ele></rtept><rtept lat="28.812107" lon="121.027612"><ele>994.2</ele></rtept><rtept lat="28.812125" lon="121.027597"><ele>995.2</ele></rtept><rtept lat="28.812145" lon="121.02759"><ele>996.8</ele></rtept><rtept lat="28.81216" lon="121.027587"><ele>998.2</ele></rtept><rtept lat="28.812182" lon="121.027585"><ele>999.2</ele></rtept><rtept lat="28.812205" lon="121.027592"><ele>1000.0</ele></rtept><rtept lat="28.812222" lon="121.02759"><ele>1000.8</ele></rtept><rtept lat="28.812242" lon="121.027597"><ele>1001.6</ele></rtept><rtept lat="28.81226" lon="121.027597"><ele>1002.2</ele></rtept><rtept lat="28.812282" lon="121.027602"><ele>1003.4</ele></rtept><rtept lat="28.812302" lon="121.02761"><ele>1004.8</ele></rtept><rtept lat="28.812327" lon="121.027622"><ele>1006.2</ele></rtept><rtept lat="28.812347" lon="121.027635"><ele>1006.8</ele></rtept><rtept lat="28.812367" lon="121.02765"><ele>1007.4</ele></rtept><rtept lat="28.812385" lon="121.02766"><ele>1007.8</ele></rtept><rtept lat="28.812402" lon="121.027667"><ele>1009.0</ele></rtept><rtept lat="28.812422" lon="121.027665"><ele>1009.2</ele></rtept><rtept lat="28.81245" lon="121.027657"><ele>1010.2</ele></rtept><rtept lat="28.812467" lon="121.027657"><ele>1010.6</ele></rtept><rtept lat="28.812485" lon="121.027665"><ele>1011.2</ele></rtept><rtept lat="28.812507" lon="121.027677"><ele>1011.4</ele></rtept><rtept lat="28.812527" lon="121.02769"><ele>1012.0</ele></rtept><rtept lat="28.812545" lon="121.027697"><ele>1013.2</ele></rtept><rtept lat="28.812562" lon="121.027707"><ele>1013.6</ele></rtept><rtept lat="28.812572" lon="121.027727"><ele>1014.6</ele></rtept><rtept lat="28.812587" lon="121.027737"><ele>1016.0</ele></rtept><rtept lat="28.81261" lon="121.027747"><ele>1016.2</ele></rtept><rtept lat="28.812622" lon="121.02777"><ele>1017.6</ele></rtept><rtept lat="28.812642" lon="121.027777"><ele>1018.8</ele></rtept><rtept lat="28.81266" lon="121.027787"><ele>1019.4</ele></rtept><rtept lat="28.81268" lon="121.027797"><ele>1021.0</ele></rtept><rtept lat="28.812697" lon="121.0278"><ele>1021.6</ele></rtept><rtept lat="28.812715" lon="121.02781"><ele>1022.4</ele></rtept><rtept lat="28.81273" lon="121.027817"><ele>1023.4</ele></rtept><rtept lat="28.812752" lon="121.027805"><ele>1023.6</ele></rtept><rtept lat="28.812772" lon="121.027797"><ele>1024.2</ele></rtept><rtept lat="28.812787" lon="121.027792"><ele>1025.4</ele></rtept><rtept lat="28.812805" lon="121.027782"><ele>1025.8</ele></rtept><rtept lat="28.812822" lon="121.027772"><ele>1026.8</ele></rtept><rtept lat="28.812837" lon="121.027767"><ele>1027.8</ele></rtept><rtept lat="28.812852" lon="121.027762"><ele>1029.4</ele></rtept><rtept lat="28.812872" lon="121.027767"><ele>1030.6</ele></rtept><rtept lat="28.812887" lon="121.027777"><ele>1031.2</ele></rtept><rtept lat="28.812907" lon="121.027772"><ele>1031.8</ele></rtept><rtept lat="28.812927" lon="121.027767"><ele>1033.0</ele></rtept><rtept lat="28.812943" lon="121.027777"><ele>1033.8</ele></rtept><rtept lat="28.812962" lon="121.027787"><ele>1034.6</ele></rtept><rtept lat="28.812982" lon="121.027802"><ele>1035.2</ele></rtept><rtept lat="28.813" lon="121.027797"><ele>1036.0</ele></rtept><rtept lat="28.813017" lon="121.027802"><ele>1037.0</ele></rtept><rtept lat="28.813037" lon="121.027802"><ele>1038.6</ele></rtept><rtept lat="28.813065" lon="121.027797"><ele>1040.0</ele></rtept><rtept lat="28.813085" lon="121.027795"><ele>1041.6</ele></rtept><rtept lat="28.813098" lon="121.027797"><ele>1042.6</ele></rtept><rtept lat="28.813112" lon="121.027812"><ele>1043.6</ele></rtept><rtept lat="28.813133" lon="121.027817"><ele>1044.6</ele></rtept><rtept lat="28.813157" lon="121.027827"><ele>1045.0</ele></rtept><rtept lat="28.813175" lon="121.027835"><ele>1046.2</ele></rtept><rtept lat="28.813187" lon="121.027827"><ele>1047.8</ele></rtept><rtept lat="28.813207" lon="121.027825"><ele>1048.4</ele></rtept><rtept lat="28.813227" lon="121.027832"><ele>1049.4</ele></rtept><rtept lat="28.81324" lon="121.027842"><ele>1050.8</ele></rtept><rtept lat="28.813257" lon="121.027847"><ele>1052.2</ele></rtept><rtept lat="28.813272" lon="121.027852"><ele>1053.2</ele></rtept><rtept lat="28.813288" lon="121.027847"><ele>1054.2</ele></rtept><rtept lat="28.81331" lon="121.02785"><ele>1055.4</ele></rtept><rtept lat="28.813332" lon="121.02786"><ele>1056.2</ele></rtept><rtept lat="28.813352" lon="121.027872"><ele>1058.0</ele></rtept><rtept lat="28.813375" lon="121.027877"><ele>1058.2</ele></rtept><rtept lat="28.813395" lon="121.027875"><ele>1059.4</ele></rtept><rtept lat="28.813417" lon="121.027882"><ele>1060.0</ele></rtept><rtept lat="28.81344" lon="121.027887"><ele>1061.0</ele></rtept><rtept lat="28.813455" lon="121.027895"><ele>1062.0</ele></rtept><rtept lat="28.81347" lon="121.027887"><ele>1063.2</ele></rtept><rtept lat="28.813482" lon="121.027902"><ele>1063.8</ele></rtept><rtept lat="28.813505" lon="121.027907"><ele>1065.4</ele></rtept><rtept lat="28.813525" lon="121.02791"><ele>1066.4</ele></rtept><rtept lat="28.813542" lon="121.02791"><ele>1067.4</ele></rtept><rtept lat="28.813562" lon="121.027913"><ele>1069.4</ele></rtept><rtept lat="28.813585" lon="121.027922"><ele>1070.0</ele></rtept><rtept lat="28.81361" lon="121.027912"><ele>1071.2</ele></rtept><rtept lat="28.81363" lon="121.027912"><ele>1072.2</ele></rtept><rtept lat="28.81365" lon="121.02792"><ele>1073.4</ele></rtept><rtept lat="28.813665" lon="121.02793"><ele>1074.8</ele></rtept><rtept lat="28.81369" lon="121.027937"><ele>1075.6</ele></rtept><rtept lat="28.81371" lon="121.027942"><ele>1075.8</ele></rtept><rtept lat="28.813727" lon="121.027952"><ele>1076.8</ele></rtept><rtept lat="28.813747" lon="121.027952"><ele>1077.6</ele></rtept><rtept lat="28.813757" lon="121.027947"><ele>1079.2</ele></rtept><rtept lat="28.81377" lon="121.027945"><ele>1080.8</ele></rtept><rtept lat="28.813782" lon="121.02794"><ele>1082.2</ele></rtept><rtept lat="28.813797" lon="121.02794"><ele>1083.8</ele></rtept><rtept lat="28.813825" lon="121.027935"><ele>1084.6</ele></rtept><rtept lat="28.813842" lon="121.027932"><ele>1085.4</ele></rtept><rtept lat="28.813867" lon="121.027932"><ele>1085.4</ele></rtept><rtept lat="28.813892" lon="121.027947"><ele>1086.0</ele></rtept><rtept lat="28.813907" lon="121.02795"><ele>1086.8</ele></rtept><rtept lat="28.813927" lon="121.027952"><ele>1088.0</ele></rtept><rtept lat="28.813952" lon="121.027962"><ele>1088.2</ele></rtept><rtept lat="28.813972" lon="121.027967"><ele>1089.2</ele></rtept><rtept lat="28.81399" lon="121.027972"><ele>1089.8</ele></rtept><rtept lat="28.814007" lon="121.027972"><ele>1091.4</ele></rtept><rtept lat="28.814027" lon="121.027972"><ele>1092.4</ele></rtept><rtept lat="28.814045" lon="121.027975"><ele>1092.6</ele></rtept><rtept lat="28.814062" lon="121.02798"><ele>1093.4</ele></rtept><rtept lat="28.814087" lon="121.027987"><ele>1094.2</ele></rtept><rtept lat="28.814112" lon="121.027997"><ele>1095.0</ele></rtept><rtept lat="28.814127" lon="121.028002"><ele>1095.8</ele></rtept><rtept lat="28.814152" lon="121.028002"><ele>1096.8</ele></rtept><rtept lat="28.814177" lon="121.028002"><ele>1097.2</ele></rtept><rtept lat="28.814197" lon="121.027997"><ele>1098.4</ele></rtept><rtept lat="28.814212" lon="121.02799"><ele>1099.4</ele></rtept><rtept lat="28.814235" lon="121.027992"><ele>1100.0</ele></rtept><rtept lat="28.814252" lon="121.027997"><ele>1100.6</ele></rtept><rtept lat="28.814277" lon="121.027997"><ele>1101.6</ele></rtept><rtept lat="28.814297" lon="121.027995"><ele>1102.6</ele></rtept><rtept lat="28.814315" lon="121.027997"><ele>1103.2</ele></rtept><rtept lat="28.81434" lon="121.02801"><ele>1103.8</ele></rtept><rtept lat="28.814362" lon="121.028037"><ele>1104.2</ele></rtept><rtept lat="28.814375" lon="121.028062"><ele>1104.2</ele></rtept><rtept lat="28.814387" lon="121.028082"><ele>1104.2</ele></rtept><rtept lat="28.814402" lon="121.028105"><ele>1104.2</ele></rtept><rtept lat="28.81443" lon="121.028132"><ele>1104.4</ele></rtept><rtept lat="28.81445" lon="121.028138"><ele>1104.6</ele></rtept><rtept lat="28.814467" lon="121.028147"><ele>1104.6</ele></rtept><rtept lat="28.814485" lon="121.028157"><ele>1104.8</ele></rtept><rtept lat="28.814498" lon="121.028172"><ele>1105.6</ele></rtept><rtept lat="28.814517" lon="121.028192"><ele>1105.8</ele></rtept><rtept lat="28.81453" lon="121.028215"><ele>1106.0</ele></rtept><rtept lat="28.81454" lon="121.028235"><ele>1106.0</ele></rtept><rtept lat="28.814555" lon="121.028255"><ele>1105.8</ele></rtept><rtept lat="28.814572" lon="121.02827"><ele>1105.8</ele></rtept><rtept lat="28.814587" lon="121.02829"><ele>1106.2</ele></rtept><rtept lat="28.8146" lon="121.028312"><ele>1106.6</ele></rtept><rtept lat="28.814607" lon="121.028332"><ele>1106.8</ele></rtept><rtept lat="28.814622" lon="121.028355"><ele>1107.2</ele></rtept><rtept lat="28.814637" lon="121.028375"><ele>1107.6</ele></rtept><rtept lat="28.814652" lon="121.028395"><ele>1107.6</ele></rtept><rtept lat="28.814662" lon="121.028417"><ele>1107.6</ele></rtept><rtept lat="28.81468" lon="121.028435"><ele>1107.8</ele></rtept><rtept lat="28.814692" lon="121.028452"><ele>1108.0</ele></rtept><rtept lat="28.814717" lon="121.028477"><ele>1108.4</ele></rtept><rtept lat="28.814747" lon="121.028495"><ele>1109.0</ele></rtept><rtept lat="28.814772" lon="121.028503"><ele>1109.4</ele></rtept><rtept lat="28.814792" lon="121.028515"><ele>1109.8</ele></rtept><rtept lat="28.81481" lon="121.028522"><ele>1110.4</ele></rtept><rtept lat="28.814837" lon="121.02853"><ele>1111.0</ele></rtept><rtept lat="28.814852" lon="121.02853"><ele>1112.2</ele></rtept><rtept lat="28.81487" lon="121.02853"><ele>1112.2</ele></rtept><rtept lat="28.814905" lon="121.028532"><ele>1112.8</ele></rtept><rtept lat="28.814922" lon="121.028542"><ele>1113.0</ele></rtept><rtept lat="28.814942" lon="121.028547"><ele>1113.2</ele></rtept><rtept lat="28.814965" lon="121.028545"><ele>1113.4</ele></rtept><rtept lat="28.814987" lon="121.028545"><ele>1113.4</ele></rtept><rtept lat="28.815017" lon="121.028545"><ele>1113.6</ele></rtept><rtept lat="28.815047" lon="121.028537"><ele>1113.8</ele></rtept><rtept lat="28.815082" lon="121.02853"><ele>1113.8</ele></rtept><rtept lat="28.815112" lon="121.028532"><ele>1113.8</ele></rtept><rtept lat="28.815142" lon="121.028537"><ele>1113.4</ele></rtept><rtept lat="28.815172" lon="121.028547"><ele>1113.4</ele></rtept><rtept lat="28.8152" lon="121.02856"><ele>1113.0</ele></rtept><rtept lat="28.815222" lon="121.028577"><ele>1113.0</ele></rtept><rtept lat="28.81524" lon="121.028587"><ele>1113.0</ele></rtept><rtept lat="28.815262" lon="121.028595"><ele>1112.8</ele></rtept><rtept lat="28.815282" lon="121.028595"><ele>1112.8</ele></rtept><rtept lat="28.815307" lon="121.028597"><ele>1112.8</ele></rtept><rtept lat="28.815322" lon="121.028607"><ele>1113.4</ele></rtept><rtept lat="28.815337" lon="121.028627"><ele>1113.4</ele></rtept><rtept lat="28.81535" lon="121.028652"><ele>1113.8</ele></rtept><rtept lat="28.815357" lon="121.02868"><ele>1114.0</ele></rtept><rtept lat="28.815367" lon="121.028707"><ele>1114.2</ele></rtept><rtept lat="28.815382" lon="121.02874"><ele>1114.4</ele></rtept><rtept lat="28.815387" lon="121.028767"><ele>1114.6</ele></rtept><rtept lat="28.815385" lon="121.028805"><ele>1114.8</ele></rtept><rtept lat="28.815382" lon="121.028837"><ele>1114.8</ele></rtept><rtept lat="28.815372" lon="121.02887"><ele>1114.4</ele></rtept><rtept lat="28.815362" lon="121.028898"><ele>1114.0</ele></rtept><rtept lat="28.815347" lon="121.028925"><ele>1114.0</ele></rtept><rtept lat="28.815332" lon="121.028945"><ele>1114.0</ele></rtept><rtept lat="28.81532" lon="121.028965"><ele>1114.0</ele></rtept><rtept lat="28.8153" lon="121.02899"><ele>1114.2</ele></rtept><rtept lat="28.815277" lon="121.02901"><ele>1114.4</ele></rtept><rtept lat="28.815252" lon="121.029022"><ele>1114.4</ele></rtept><rtept lat="28.815232" lon="121.029032"><ele>1114.4</ele></rtept><rtept lat="28.815207" lon="121.029047"><ele>1114.2</ele></rtept><rtept lat="28.815182" lon="121.029052"><ele>1114.4</ele></rtept><rtept lat="28.815155" lon="121.029052"><ele>1114.4</ele></rtept><rtept lat="28.815135" lon="121.029042"><ele>1114.4</ele></rtept><rtept lat="28.815115" lon="121.029042"><ele>1114.4</ele></rtept><rtept lat="28.815092" lon="121.02905"><ele>1114.2</ele></rtept><rtept lat="28.815072" lon="121.029065"><ele>1114.2</ele></rtept><rtept lat="28.815057" lon="121.029082"><ele>1114.4</ele></rtept><rtept lat="28.815042" lon="121.029117"><ele>1114.2</ele></rtept><rtept lat="28.815032" lon="121.029135"><ele>1113.6</ele></rtept><rtept lat="28.815035" lon="121.02917"><ele>1111.8</ele></rtept><rtept lat="28.815032" lon="121.029192"><ele>1110.6</ele></rtept><rtept lat="28.815032" lon="121.02921"><ele>1109.8</ele></rtept><rtept lat="28.815022" lon="121.029245"><ele>1108.0</ele></rtept><rtept lat="28.815012" lon="121.029262"><ele>1107.0</ele></rtept><rtept lat="28.815002" lon="121.02928"><ele>1106.0</ele></rtept><rtept lat="28.814997" lon="121.029295"><ele>1104.8</ele></rtept><rtept lat="28.814997" lon="121.029317"><ele>1103.6</ele></rtept><rtept lat="28.814997" lon="121.02934"><ele>1102.8</ele></rtept><rtept lat="28.814997" lon="121.02936"><ele>1100.6</ele></rtept><rtept lat="28.815" lon="121.029412"><ele>1100.2</ele></rtept><rtept lat="28.815005" lon="121.029437"><ele>1099.2</ele></rtept><rtept lat="28.815002" lon="121.029467"><ele>1098.0</ele></rtept><rtept lat="28.814992" lon="121.029497"><ele>1097.6</ele></rtept><rtept lat="28.814977" lon="121.029535"><ele>1096.6</ele></rtept><rtept lat="28.814965" lon="121.029562"><ele>1095.2</ele></rtept><rtept lat="28.81496" lon="121.029602"><ele>1094.2</ele></rtept><rtept lat="28.814952" lon="121.029632"><ele>1093.2</ele></rtept><rtept lat="28.814937" lon="121.02966"><ele>1092.6</ele></rtept><rtept lat="28.81492" lon="121.029692"><ele>1091.8</ele></rtept><rtept lat="28.814902" lon="121.029725"><ele>1090.8</ele></rtept><rtept lat="28.81489" lon="121.029757"><ele>1089.6</ele></rtept><rtept lat="28.814877" lon="121.02979"><ele>1088.6</ele></rtept><rtept lat="28.814867" lon="121.02982"><ele>1087.6</ele></rtept><rtept lat="28.814862" lon="121.029855"><ele>1087.2</ele></rtept><rtept lat="28.814857" lon="121.029892"><ele>1086.4</ele></rtept><rtept lat="28.814847" lon="121.029927"><ele>1086.0</ele></rtept><rtept lat="28.814835" lon="121.02996"><ele>1085.0</ele></rtept><rtept lat="28.814832" lon="121.029987"><ele>1084.2</ele></rtept><rtept lat="28.81484" lon="121.030015"><ele>1083.2</ele></rtept><rtept lat="28.814852" lon="121.030047"><ele>1082.4</ele></rtept><rtept lat="28.814862" lon="121.030082"><ele>1081.8</ele></rtept><rtept lat="28.814877" lon="121.030108"><ele>1081.0</ele></rtept><rtept lat="28.814907" lon="121.03013"><ele>1080.6</ele></rtept><rtept lat="28.814942" lon="121.030137"><ele>1080.4</ele></rtept><rtept lat="28.814972" lon="121.030147"><ele>1080.0</ele></rtept><rtept lat="28.81501" lon="121.03016"><ele>1080.0</ele></rtept><rtept lat="28.815042" lon="121.030172"><ele>1080.0</ele></rtept><rtept lat="28.815072" lon="121.030192"><ele>1078.2</ele></rtept><rtept lat="28.8151" lon="121.030217"><ele>1078.2</ele></rtept><rtept lat="28.815115" lon="121.030248"><ele>1078.2</ele></rtept><rtept lat="28.815125" lon="121.030282"><ele>1078.2</ele></rtept><rtept lat="28.81513" lon="121.030317"><ele>1078.2</ele></rtept><rtept lat="28.815142" lon="121.030352"><ele>1078.2</ele></rtept><rtept lat="28.815152" lon="121.030382"><ele>1078.2</ele></rtept><rtept lat="28.81518" lon="121.030407"><ele>1078.2</ele></rtept><rtept lat="28.815207" lon="121.030427"><ele>1078.0</ele></rtept><rtept lat="28.815235" lon="121.030447"><ele>1078.0</ele></rtept><rtept lat="28.815262" lon="121.03047"><ele>1077.8</ele></rtept><rtept lat="28.815292" lon="121.030495"><ele>1077.2</ele></rtept><rtept lat="28.815325" lon="121.030517"><ele>1076.2</ele></rtept><rtept lat="28.815355" lon="121.030542"><ele>1076.0</ele></rtept><rtept lat="28.81539" lon="121.030572"><ele>1075.2</ele></rtept><rtept lat="28.815422" lon="121.030597"><ele>1074.8</ele></rtept><rtept lat="28.815457" lon="121.030615"><ele>1074.0</ele></rtept><rtept lat="28.815492" lon="121.030632"><ele>1073.2</ele></rtept><rtept lat="28.815517" lon="121.030652"><ele>1073.0</ele></rtept><rtept lat="28.815545" lon="121.030672"><ele>1073.0</ele></rtept><rtept lat="28.815572" lon="121.030687"><ele>1072.8</ele></rtept><rtept lat="28.8156" lon="121.030692"><ele>1071.8</ele></rtept><rtept lat="28.815627" lon="121.030687"><ele>1072.0</ele></rtept><rtept lat="28.815652" lon="121.030675"><ele>1071.2</ele></rtept><rtept lat="28.815673" lon="121.03066"><ele>1070.4</ele></rtept><rtept lat="28.815695" lon="121.030637"><ele>1070.2</ele></rtept><rtept lat="28.815707" lon="121.030607"><ele>1069.0</ele></rtept><rtept lat="28.815725" lon="121.030585"><ele>1067.8</ele></rtept><rtept lat="28.815742" lon="121.030562"><ele>1067.0</ele></rtept><rtept lat="28.81576" lon="121.030545"><ele>1066.8</ele></rtept><rtept lat="28.815777" lon="121.030527"><ele>1066.0</ele></rtept><rtept lat="28.815795" lon="121.030502"><ele>1066.0</ele></rtept><rtept lat="28.815815" lon="121.030477"><ele>1065.2</ele></rtept><rtept lat="28.815832" lon="121.030452"><ele>1064.4</ele></rtept><rtept lat="28.81586" lon="121.030432"><ele>1064.0</ele></rtept><rtept lat="28.815887" lon="121.030407"><ele>1063.6</ele></rtept><rtept lat="28.815917" lon="121.03038"><ele>1063.6</ele></rtept><rtept lat="28.81594" lon="121.030352"><ele>1063.6</ele></rtept><rtept lat="28.815962" lon="121.030327"><ele>1063.2</ele></rtept><rtept lat="28.815982" lon="121.030307"><ele>1062.0</ele></rtept><rtept lat="28.815997" lon="121.030287"><ele>1062.0</ele></rtept><rtept lat="28.816025" lon="121.030272"><ele>1062.8</ele></rtept><rtept lat="28.816053" lon="121.030262"><ele>1063.2</ele></rtept><rtept lat="28.816087" lon="121.030257"><ele>1063.4</ele></rtept><rtept lat="28.816122" lon="121.030257"><ele>1063.0</ele></rtept><rtept lat="28.816157" lon="121.030265"><ele>1062.4</ele></rtept><rtept lat="28.816192" lon="121.030267"><ele>1062.2</ele></rtept><rtept lat="28.816227" lon="121.030262"><ele>1062.0</ele></rtept><rtept lat="28.81626" lon="121.030255"><ele>1061.0</ele></rtept><rtept lat="28.816292" lon="121.030252"><ele>1061.0</ele></rtept><rtept lat="28.816322" lon="121.030257"><ele>1061.0</ele></rtept><rtept lat="28.816357" lon="121.030257"><ele>1061.0</ele></rtept><rtept lat="28.816392" lon="121.030257"><ele>1060.8</ele></rtept><rtept lat="28.816427" lon="121.030267"><ele>1060.8</ele></rtept><rtept lat="28.81646" lon="121.030272"><ele>1060.4</ele></rtept><rtept lat="28.8165" lon="121.030272"><ele>1060.2</ele></rtept><rtept lat="28.816537" lon="121.030272"><ele>1060.2</ele></rtept><rtept lat="28.816572" lon="121.030267"><ele>1060.2</ele></rtept><rtept lat="28.816602" lon="121.030262"><ele>1060.0</ele></rtept><rtept lat="28.816635" lon="121.03026"><ele>1059.4</ele></rtept><rtept lat="28.816667" lon="121.030252"><ele>1059.2</ele></rtept><rtept lat="28.816692" lon="121.030245"><ele>1059.0</ele></rtept><rtept lat="28.816722" lon="121.030237"><ele>1058.8</ele></rtept><rtept lat="28.81675" lon="121.030232"><ele>1058.2</ele></rtept><rtept lat="28.81678" lon="121.030222"><ele>1057.4</ele></rtept><rtept lat="28.816812" lon="121.030212"><ele>1056.8</ele></rtept><rtept lat="28.816845" lon="121.030197"><ele>1056.0</ele></rtept><rtept lat="28.81688" lon="121.03019"><ele>1054.8</ele></rtept><rtept lat="28.816912" lon="121.030192"><ele>1054.2</ele></rtept><rtept lat="28.816932" lon="121.030207"><ele>1053.8</ele></rtept><rtept lat="28.816947" lon="121.030232"><ele>1053.4</ele></rtept><rtept lat="28.816957" lon="121.030262"><ele>1053.0</ele></rtept><rtept lat="28.816965" lon="121.03029"><ele>1052.6</ele></rtept><rtept lat="28.816965" lon="121.030317"><ele>1052.0</ele></rtept><rtept lat="28.816972" lon="121.030342"><ele>1051.6</ele></rtept><rtept lat="28.816977" lon="121.03037"><ele>1051.2</ele></rtept><rtept lat="28.81698" lon="121.030388"><ele>1050.2</ele></rtept><rtept lat="28.816982" lon="121.03041"><ele>1049.6</ele></rtept><rtept lat="28.816987" lon="121.030435"><ele>1049.2</ele></rtept><rtept lat="28.816992" lon="121.030462"><ele>1048.2</ele></rtept><rtept lat="28.816997" lon="121.030482"><ele>1047.8</ele></rtept><rtept lat="28.816995" lon="121.030507"><ele>1047.2</ele></rtept><rtept lat="28.816992" lon="121.030542"><ele>1045.8</ele></rtept><rtept lat="28.816987" lon="121.030567"><ele>1044.8</ele></rtept><rtept lat="28.816977" lon="121.030592"><ele>1044.4</ele></rtept><rtept lat="28.816967" lon="121.030617"><ele>1043.8</ele></rtept><rtept lat="28.816957" lon="121.030647"><ele>1042.8</ele></rtept><rtept lat="28.81695" lon="121.030677"><ele>1042.0</ele></rtept><rtept lat="28.81694" lon="121.030702"><ele>1041.2</ele></rtept><rtept lat="28.816925" lon="121.030727"><ele>1039.2</ele></rtept><rtept lat="28.816907" lon="121.030755"><ele>1039.2</ele></rtept><rtept lat="28.8169" lon="121.030782"><ele>1038.0</ele></rtept><rtept lat="28.816892" lon="121.030807"><ele>1037.6</ele></rtept><rtept lat="28.816882" lon="121.03084"><ele>1036.6</ele></rtept><rtept lat="28.816865" lon="121.030867"><ele>1035.4</ele></rtept><rtept lat="28.816847" lon="121.030895"><ele>1034.6</ele></rtept><rtept lat="28.816835" lon="121.030922"><ele>1033.6</ele></rtept><rtept lat="28.816832" lon="121.030957"><ele>1033.2</ele></rtept><rtept lat="28.816837" lon="121.030985"><ele>1032.4</ele></rtept><rtept lat="28.816842" lon="121.031022"><ele>1031.6</ele></rtept><rtept lat="28.816837" lon="121.031057"><ele>1030.8</ele></rtept><rtept lat="28.816832" lon="121.03109"><ele>1030.6</ele></rtept><rtept lat="28.816827" lon="121.031127"><ele>1030.0</ele></rtept><rtept lat="28.816827" lon="121.031162"><ele>1029.8</ele></rtept><rtept lat="28.816817" lon="121.031187"><ele>1029.4</ele></rtept><rtept lat="28.81681" lon="121.031212"><ele>1028.8</ele></rtept><rtept lat="28.816807" lon="121.031237"><ele>1028.4</ele></rtept><rtept lat="28.816802" lon="121.03126"><ele>1028.2</ele></rtept><rtept lat="28.816797" lon="121.031287"><ele>1027.4</ele></rtept><rtept lat="28.816792" lon="121.031315"><ele>1027.0</ele></rtept><rtept lat="28.816797" lon="121.031337"><ele>1026.6</ele></rtept><rtept lat="28.816802" lon="121.031365"><ele>1025.8</ele></rtept><rtept lat="28.816802" lon="121.031397"><ele>1025.6</ele></rtept><rtept lat="28.816805" lon="121.031427"><ele>1025.0</ele></rtept><rtept lat="28.816807" lon="121.031462"><ele>1024.4</ele></rtept><rtept lat="28.816812" lon="121.031492"><ele>1024.0</ele></rtept><rtept lat="28.816813" lon="121.031517"><ele>1024.0</ele></rtept><rtept lat="28.816822" lon="121.031547"><ele>1023.0</ele></rtept><rtept lat="28.816827" lon="121.031577"><ele>1022.6</ele></rtept><rtept lat="28.81683" lon="121.031602"><ele>1021.6</ele></rtept><rtept lat="28.816832" lon="121.03163"><ele>1021.6</ele></rtept><rtept lat="28.816837" lon="121.031662"><ele>1020.8</ele></rtept><rtept lat="28.816842" lon="121.03169"><ele>1020.4</ele></rtept><rtept lat="28.816855" lon="121.03172"><ele>1020.4</ele></rtept><rtept lat="28.816872" lon="121.031742"><ele>1019.6</ele></rtept><rtept lat="28.816892" lon="121.031772"><ele>1019.2</ele></rtept><rtept lat="28.816907" lon="121.031797"><ele>1018.6</ele></rtept><rtept lat="28.81692" lon="121.031822"><ele>1018.4</ele></rtept><rtept lat="28.816922" lon="121.031852"><ele>1018.4</ele></rtept><rtept lat="28.816927" lon="121.031877"><ele>1017.8</ele></rtept><rtept lat="28.816922" lon="121.0319"><ele>1016.4</ele></rtept><rtept lat="28.816927" lon="121.031925"><ele>1015.8</ele></rtept><rtept lat="28.816935" lon="121.031947"><ele>1015.4</ele></rtept><rtept lat="28.816947" lon="121.031972"><ele>1014.8</ele></rtept><rtept lat="28.816962" lon="121.031997"><ele>1014.0</ele></rtept><rtept lat="28.816972" lon="121.032027"><ele>1013.8</ele></rtept><rtept lat="28.816982" lon="121.032052"><ele>1013.6</ele></rtept><rtept lat="28.816992" lon="121.032082"><ele>1013.2</ele></rtept><rtept lat="28.816987" lon="121.032112"><ele>1012.4</ele></rtept><rtept lat="28.816985" lon="121.032145"><ele>1011.8</ele></rtept><rtept lat="28.816982" lon="121.032172"><ele>1011.6</ele></rtept><rtept lat="28.81698" lon="121.0322"><ele>1010.6</ele></rtept><rtept lat="28.816985" lon="121.032225"><ele>1010.2</ele></rtept><rtept lat="28.816987" lon="121.032257"><ele>1009.8</ele></rtept><rtept lat="28.816997" lon="121.032285"><ele>1009.8</ele></rtept><rtept lat="28.817005" lon="121.032312"><ele>1009.4</ele></rtept><rtept lat="28.817007" lon="121.03234"><ele>1008.6</ele></rtept><rtept lat="28.817015" lon="121.032377"><ele>1007.8</ele></rtept><rtept lat="28.817037" lon="121.032412"><ele>1008.0</ele></rtept><rtept lat="28.817057" lon="121.032422"><ele>1008.0</ele></rtept><rtept lat="28.817077" lon="121.032427"><ele>1008.0</ele></rtept><rtept lat="28.817095" lon="121.032427"><ele>1007.6</ele></rtept><rtept lat="28.817115" lon="121.032435"><ele>1007.6</ele></rtept><rtept lat="28.81714" lon="121.032442"><ele>1008.0</ele></rtept><rtept lat="28.817157" lon="121.032452"><ele>1008.6</ele></rtept><rtept lat="28.817177" lon="121.03246"><ele>1009.0</ele></rtept><rtept lat="28.817197" lon="121.032467"><ele>1009.0</ele></rtept><rtept lat="28.817212" lon="121.032477"><ele>1009.0</ele></rtept><rtept lat="28.817227" lon="121.032497"><ele>1009.8</ele></rtept><rtept lat="28.817242" lon="121.032515"><ele>1009.8</ele></rtept><rtept lat="28.81725" lon="121.032552"><ele>1010.4</ele></rtept><rtept lat="28.817247" lon="121.032577"><ele>1010.6</ele></rtept><rtept lat="28.81725" lon="121.032597"><ele>1010.8</ele></rtept><rtept lat="28.817252" lon="121.032637"><ele>1011.4</ele></rtept><rtept lat="28.817247" lon="121.032662"><ele>1012.2</ele></rtept><rtept lat="28.817252" lon="121.03269"><ele>1012.4</ele></rtept><rtept lat="28.817252" lon="121.032717"><ele>1012.8</ele></rtept><rtept lat="28.817255" lon="121.032742"><ele>1013.2</ele></rtept><rtept lat="28.817255" lon="121.032767"><ele>1013.4</ele></rtept><rtept lat="28.817257" lon="121.032787"><ele>1013.6</ele></rtept><rtept lat="28.817257" lon="121.032817"><ele>1014.2</ele></rtept><rtept lat="28.817255" lon="121.032845"><ele>1014.4</ele></rtept><rtept lat="28.817252" lon="121.032872"><ele>1014.4</ele></rtept><rtept lat="28.817252" lon="121.032905"><ele>1014.4</ele></rtept><rtept lat="28.81726" lon="121.032932"><ele>1014.6</ele></rtept><rtept lat="28.817267" lon="121.032962"><ele>1014.6</ele></rtept><rtept lat="28.817282" lon="121.032995"><ele>1014.2</ele></rtept><rtept lat="28.8173" lon="121.033027"><ele>1014.0</ele></rtept><rtept lat="28.817312" lon="121.033057"><ele>1014.0</ele></rtept><rtept lat="28.817327" lon="121.033085"><ele>1013.8</ele></rtept><rtept lat="28.817342" lon="121.033112"><ele>1013.2</ele></rtept><rtept lat="28.81736" lon="121.033132"><ele>1012.8</ele></rtept><rtept lat="28.817382" lon="121.033142"><ele>1012.6</ele></rtept><rtept lat="28.817412" lon="121.033147"><ele>1012.4</ele></rtept><rtept lat="28.817437" lon="121.033155"><ele>1012.4</ele></rtept><rtept lat="28.817457" lon="121.033157"><ele>1012.0</ele></rtept><rtept lat="28.81748" lon="121.03316"><ele>1011.4</ele></rtept><rtept lat="28.817497" lon="121.033167"><ele>1010.8</ele></rtept><rtept lat="28.817525" lon="121.033177"><ele>1009.4</ele></rtept><rtept lat="28.817557" lon="121.03319"><ele>1008.4</ele></rtept><rtept lat="28.817577" lon="121.0332"><ele>1008.0</ele></rtept><rtept lat="28.817597" lon="121.033207"><ele>1007.6</ele></rtept><rtept lat="28.817622" lon="121.033212"><ele>1006.4</ele></rtept><rtept lat="28.817642" lon="121.033212"><ele>1005.2</ele></rtept><rtept lat="28.817667" lon="121.033215"><ele>1004.8</ele></rtept><rtept lat="28.817697" lon="121.033222"><ele>1003.8</ele></rtept><rtept lat="28.817722" lon="121.033225"><ele>1003.2</ele></rtept><rtept lat="28.817757" lon="121.033225"><ele>1002.8</ele></rtept><rtept lat="28.817795" lon="121.033225"><ele>1001.6</ele></rtept><rtept lat="28.817832" lon="121.033225"><ele>1001.0</ele></rtept><rtept lat="28.817867" lon="121.033227"><ele>1000.4</ele></rtept><rtept lat="28.817902" lon="121.03323"><ele>999.6</ele></rtept><rtept lat="28.817935" lon="121.03323"><ele>998.0</ele></rtept><rtept lat="28.817977" lon="121.033227"><ele>998.0</ele></rtept><rtept lat="28.818012" lon="121.033232"><ele>997.8</ele></rtept><rtept lat="28.818047" lon="121.033232"><ele>997.4</ele></rtept><rtept lat="28.818087" lon="121.033232"><ele>997.2</ele></rtept><rtept lat="28.818157" lon="121.033237"><ele>996.6</ele></rtept><rtept lat="28.818192" lon="121.033245"><ele>996.0</ele></rtept><rtept lat="28.818222" lon="121.033257"><ele>995.6</ele></rtept><rtept lat="28.818255" lon="121.033272"><ele>994.8</ele></rtept><rtept lat="28.818292" lon="121.033282"><ele>994.2</ele></rtept><rtept lat="28.818322" lon="121.033287"><ele>993.8</ele></rtept><rtept lat="28.818357" lon="121.033295"><ele>993.8</ele></rtept><rtept lat="28.81839" lon="121.0333"><ele>993.6</ele></rtept><rtept lat="28.818422" lon="121.033312"><ele>993.2</ele></rtept><rtept lat="28.818445" lon="121.03333"><ele>992.4</ele></rtept><rtept lat="28.818467" lon="121.03335"><ele>992.2</ele></rtept><rtept lat="28.818495" lon="121.033372"><ele>992.2</ele></rtept><rtept lat="28.81852" lon="121.033392"><ele>992.8</ele></rtept><rtept lat="28.818542" lon="121.033402"><ele>993.0</ele></rtept><rtept lat="28.818567" lon="121.033407"><ele>993.6</ele></rtept><rtept lat="28.81859" lon="121.033417"><ele>993.6</ele></rtept><rtept lat="28.818612" lon="121.033422"><ele>993.8</ele></rtept><rtept lat="28.818637" lon="121.033432"><ele>994.0</ele></rtept><rtept lat="28.818657" lon="121.033437"><ele>994.2</ele></rtept><rtept lat="28.818677" lon="121.033442"><ele>995.0</ele></rtept><rtept lat="28.8187" lon="121.033437"><ele>995.4</ele></rtept><rtept lat="28.81873" lon="121.033432"><ele>996.0</ele></rtept><rtept lat="28.818752" lon="121.033428"><ele>996.6</ele></rtept><rtept lat="28.818783" lon="121.033417"><ele>997.4</ele></rtept><rtept lat="28.818802" lon="121.033407"><ele>997.4</ele></rtept><rtept lat="28.818822" lon="121.033395"><ele>998.2</ele></rtept><rtept lat="28.818847" lon="121.033385"><ele>998.8</ele></rtept><rtept lat="28.818872" lon="121.033377"><ele>999.4</ele></rtept><rtept lat="28.818895" lon="121.033377"><ele>999.6</ele></rtept><rtept lat="28.818922" lon="121.033385"><ele>999.6</ele></rtept><rtept lat="28.818947" lon="121.033372"><ele>999.8</ele></rtept><rtept lat="28.818977" lon="121.033365"><ele>1000.8</ele></rtept><rtept lat="28.818995" lon="121.033365"><ele>1001.0</ele></rtept><rtept lat="28.819015" lon="121.033365"><ele>1001.4</ele></rtept><rtept lat="28.819032" lon="121.033362"><ele>1002.0</ele></rtept><rtept lat="28.819055" lon="121.033362"><ele>1002.0</ele></rtept><rtept lat="28.819077" lon="121.033357"><ele>1002.0</ele></rtept><rtept lat="28.819095" lon="121.033352"><ele>1002.0</ele></rtept><rtept lat="28.819117" lon="121.033347"><ele>1002.0</ele></rtept><rtept lat="28.819137" lon="121.033337"><ele>1002.0</ele></rtept><rtept lat="28.819152" lon="121.033322"><ele>1002.2</ele></rtept><rtept lat="28.819172" lon="121.033305"><ele>1002.4</ele></rtept><rtept lat="28.819192" lon="121.033292"><ele>1002.4</ele></rtept><rtept lat="28.819207" lon="121.033282"><ele>1002.2</ele></rtept><rtept lat="28.81923" lon="121.033272"><ele>1002.2</ele></rtept><rtept lat="28.819252" lon="121.033277"><ele>1002.2</ele></rtept><rtept lat="28.819272" lon="121.033282"><ele>1002.4</ele></rtept><rtept lat="28.819297" lon="121.033288"><ele>1002.6</ele></rtept><rtept lat="28.819322" lon="121.033305"><ele>1003.4</ele></rtept><rtept lat="28.819347" lon="121.033317"><ele>1003.8</ele></rtept><rtept lat="28.819372" lon="121.033325"><ele>1004.6</ele></rtept><rtept lat="28.819392" lon="121.033342"><ele>1005.2</ele></rtept><rtept lat="28.819412" lon="121.033352"><ele>1006.0</ele></rtept><rtept lat="28.819437" lon="121.033367"><ele>1006.8</ele></rtept><rtept lat="28.819462" lon="121.033382"><ele>1007.4</ele></rtept><rtept lat="28.819477" lon="121.033397"><ele>1008.0</ele></rtept><rtept lat="28.819492" lon="121.03341"><ele>1008.6</ele></rtept><rtept lat="28.819512" lon="121.033422"><ele>1009.6</ele></rtept><rtept lat="28.819542" lon="121.033427"><ele>1009.8</ele></rtept><rtept lat="28.819562" lon="121.03344"><ele>1010.4</ele></rtept><rtept lat="28.819585" lon="121.03347"><ele>1011.4</ele></rtept><rtept lat="28.819605" lon="121.033482"><ele>1011.8</ele></rtept><rtept lat="28.819625" lon="121.033495"><ele>1011.8</ele></rtept><rtept lat="28.819645" lon="121.033507"><ele>1012.2</ele></rtept><rtept lat="28.819665" lon="121.033513"><ele>1012.2</ele></rtept><rtept lat="28.819685" lon="121.03352"><ele>1012.2</ele></rtept><rtept lat="28.819705" lon="121.033527"><ele>1012.4</ele></rtept><rtept lat="28.819722" lon="121.03354"><ele>1012.4</ele></rtept><rtept lat="28.819742" lon="121.033545"><ele>1012.4</ele></rtept><rtept lat="28.819762" lon="121.03355"><ele>1012.4</ele></rtept><rtept lat="28.819782" lon="121.033552"><ele>1012.6</ele></rtept><rtept lat="28.819802" lon="121.033552"><ele>1013.0</ele></rtept><rtept lat="28.81982" lon="121.033552"><ele>1013.2</ele></rtept><rtept lat="28.819838" lon="121.033552"><ele>1013.4</ele></rtept><rtept lat="28.81986" lon="121.033555"><ele>1013.6</ele></rtept><rtept lat="28.81988" lon="121.033562"><ele>1013.8</ele></rtept><rtept lat="28.819897" lon="121.033575"><ele>1014.0</ele></rtept><rtept lat="28.819912" lon="121.03359"><ele>1014.0</ele></rtept><rtept lat="28.819927" lon="121.033605"><ele>1014.2</ele></rtept><rtept lat="28.819937" lon="121.033622"><ele>1014.4</ele></rtept><rtept lat="28.819945" lon="121.033642"><ele>1014.6</ele></rtept><rtept lat="28.819952" lon="121.033662"><ele>1014.6</ele></rtept><rtept lat="28.819962" lon="121.033697"><ele>1014.8</ele></rtept><rtept lat="28.819972" lon="121.033727"><ele>1015.6</ele></rtept><rtept lat="28.819985" lon="121.033755"><ele>1016.2</ele></rtept><rtept lat="28.819992" lon="121.033782"><ele>1016.8</ele></rtept><rtept lat="28.819997" lon="121.033805"><ele>1017.4</ele></rtept><rtept lat="28.820007" lon="121.033837"><ele>1018.2</ele></rtept><rtept lat="28.820007" lon="121.03386"><ele>1018.4</ele></rtept><rtept lat="28.82002" lon="121.033897"><ele>1019.0</ele></rtept><rtept lat="28.820037" lon="121.033932"><ele>1019.2</ele></rtept><rtept lat="28.820055" lon="121.033967"><ele>1019.8</ele></rtept><rtept lat="28.820067" lon="121.033982"><ele>1020.2</ele></rtept><rtept lat="28.82008" lon="121.034015"><ele>1020.6</ele></rtept><rtept lat="28.820085" lon="121.034055"><ele>1020.8</ele></rtept><rtept lat="28.82009" lon="121.034077"><ele>1020.8</ele></rtept><rtept lat="28.820097" lon="121.034112"><ele>1021.0</ele></rtept><rtept lat="28.820107" lon="121.034142"><ele>1021.8</ele></rtept><rtept lat="28.820115" lon="121.034172"><ele>1022.6</ele></rtept><rtept lat="28.820125" lon="121.034202"><ele>1023.6</ele></rtept><rtept lat="28.820135" lon="121.034235"><ele>1024.6</ele></rtept><rtept lat="28.820137" lon="121.034267"><ele>1025.4</ele></rtept><rtept lat="28.82014" lon="121.034302"><ele>1025.8</ele></rtept><rtept lat="28.820142" lon="121.034327"><ele>1026.8</ele></rtept><rtept lat="28.820145" lon="121.034352"><ele>1027.6</ele></rtept><rtept lat="28.820145" lon="121.034372"><ele>1028.8</ele></rtept><rtept lat="28.820152" lon="121.034397"><ele>1029.0</ele></rtept><rtept lat="28.820155" lon="121.034422"><ele>1029.0</ele></rtept><rtept lat="28.820155" lon="121.03444"><ele>1030.0</ele></rtept><rtept lat="28.820162" lon="121.03447"><ele>1030.0</ele></rtept><rtept lat="28.820172" lon="121.034498"><ele>1030.6</ele></rtept><rtept lat="28.820177" lon="121.034517"><ele>1031.0</ele></rtept><rtept lat="28.82019" lon="121.034557"><ele>1031.2</ele></rtept><rtept lat="28.820202" lon="121.034577"><ele>1031.2</ele></rtept><rtept lat="28.820217" lon="121.03461"><ele>1032.2</ele></rtept><rtept lat="28.820237" lon="121.034645"><ele>1032.8</ele></rtept><rtept lat="28.820237" lon="121.034665"><ele>1033.4</ele></rtept><rtept lat="28.82025" lon="121.0347"><ele>1033.4</ele></rtept><rtept lat="28.820257" lon="121.034722"><ele>1033.4</ele></rtept><rtept lat="28.820265" lon="121.034742"><ele>1033.4</ele></rtept><rtept lat="28.820272" lon="121.034762"><ele>1033.4</ele></rtept><rtept lat="28.82029" lon="121.034797"><ele>1034.0</ele></rtept><rtept lat="28.820302" lon="121.034815"><ele>1034.2</ele></rtept><rtept lat="28.820315" lon="121.03483"><ele>1034.2</ele></rtept><rtept lat="28.820335" lon="121.034862"><ele>1034.2</ele></rtept><rtept lat="28.820345" lon="121.03488"><ele>1035.0</ele></rtept><rtept lat="28.820357" lon="121.03492"><ele>1035.8</ele></rtept><rtept lat="28.820365" lon="121.034942"><ele>1035.8</ele></rtept><rtept lat="28.820372" lon="121.034962"><ele>1035.8</ele></rtept><rtept lat="28.820373" lon="121.034987"><ele>1036.2</ele></rtept><rtept lat="28.820372" lon="121.035027"><ele>1036.8</ele></rtept><rtept lat="28.820367" lon="121.035067"><ele>1037.6</ele></rtept><rtept lat="28.820367" lon="121.035092"><ele>1037.6</ele></rtept><rtept lat="28.820372" lon="121.035117"><ele>1037.8</ele></rtept><rtept lat="28.820382" lon="121.035142"><ele>1037.8</ele></rtept><rtept lat="28.8204" lon="121.035172"><ele>1037.8</ele></rtept><rtept lat="28.820417" lon="121.035207"><ele>1037.8</ele></rtept><rtept lat="28.820432" lon="121.035237"><ele>1037.6</ele></rtept><rtept lat="28.820447" lon="121.035258"><ele>1037.0</ele></rtept><rtept lat="28.820467" lon="121.03528"><ele>1036.6</ele></rtept><rtept lat="28.820487" lon="121.03529"><ele>1036.6</ele></rtept><rtept lat="28.82051" lon="121.0353"><ele>1036.6</ele></rtept><rtept lat="28.820535" lon="121.035305"><ele>1036.4</ele></rtept><rtept lat="28.820562" lon="121.035312"><ele>1036.4</ele></rtept><rtept lat="28.820585" lon="121.035317"><ele>1036.4</ele></rtept><rtept lat="28.820602" lon="121.035327"><ele>1035.0</ele></rtept><rtept lat="28.820637" lon="121.03533"><ele>1033.6</ele></rtept><rtept lat="28.820657" lon="121.035335"><ele>1032.6</ele></rtept><rtept lat="28.820682" lon="121.035347"><ele>1032.6</ele></rtept><rtept lat="28.820705" lon="121.035367"><ele>1032.2</ele></rtept><rtept lat="28.820727" lon="121.035387"><ele>1031.2</ele></rtept><rtept lat="28.820747" lon="121.035407"><ele>1029.2</ele></rtept><rtept lat="28.820767" lon="121.03543"><ele>1029.2</ele></rtept><rtept lat="28.82078" lon="121.035457"><ele>1028.6</ele></rtept><rtept lat="28.820792" lon="121.035477"><ele>1027.8</ele></rtept><rtept lat="28.820807" lon="121.035487"><ele>1026.4</ele></rtept><rtept lat="28.820823" lon="121.035497"><ele>1026.0</ele></rtept><rtept lat="28.820842" lon="121.03551"><ele>1025.6</ele></rtept><rtept lat="28.820867" lon="121.035525"><ele>1025.0</ele></rtept><rtept lat="28.820882" lon="121.035522"><ele>1023.4</ele></rtept><rtept lat="28.820912" lon="121.035522"><ele>1022.0</ele></rtept><rtept lat="28.820932" lon="121.03552"><ele>1020.8</ele></rtept><rtept lat="28.820952" lon="121.035505"><ele>1020.0</ele></rtept><rtept lat="28.820977" lon="121.035487"><ele>1018.8</ele></rtept><rtept lat="28.821005" lon="121.03547"><ele>1018.0</ele></rtept><rtept lat="28.821037" lon="121.03545"><ele>1017.4</ele></rtept><rtept lat="28.821065" lon="121.035432"><ele>1016.6</ele></rtept><rtept lat="28.82109" lon="121.035427"><ele>1016.0</ele></rtept><rtept lat="28.821115" lon="121.035427"><ele>1015.0</ele></rtept><rtept lat="28.821145" lon="121.035425"><ele>1014.8</ele></rtept><rtept lat="28.821175" lon="121.035412"><ele>1014.2</ele></rtept><rtept lat="28.821202" lon="121.035395"><ele>1013.8</ele></rtept><rtept lat="28.821237" lon="121.035377"><ele>1013.4</ele></rtept><rtept lat="28.821265" lon="121.035357"><ele>1013.0</ele></rtept><rtept lat="28.821292" lon="121.035332"><ele>1012.8</ele></rtept><rtept lat="28.821312" lon="121.03531"><ele>1012.2</ele></rtept><rtept lat="28.821322" lon="121.03528"><ele>1011.6</ele></rtept><rtept lat="28.821322" lon="121.035247"><ele>1010.6</ele></rtept><rtept lat="28.821315" lon="121.035207"><ele>1010.2</ele></rtept><rtept lat="28.821297" lon="121.035167"><ele>1009.2</ele></rtept><rtept lat="28.82128" lon="121.035135"><ele>1009.2</ele></rtept><rtept lat="28.82126" lon="121.035112"><ele>1008.8</ele></rtept><rtept lat="28.821235" lon="121.0351"><ele>1008.4</ele></rtept><rtept lat="28.82121" lon="121.035087"><ele>1007.8</ele></rtept><rtept lat="28.821187" lon="121.03507"><ele>1007.6</ele></rtept><rtept lat="28.821165" lon="121.03506"><ele>1007.0</ele></rtept><rtept lat="28.821137" lon="121.035045"><ele>1005.6</ele></rtept><rtept lat="28.821107" lon="121.035027"><ele>1005.0</ele></rtept><rtept lat="28.82109" lon="121.035007"><ele>1004.8</ele></rtept><rtept lat="28.821082" lon="121.034982"><ele>1003.8</ele></rtept><rtept lat="28.821077" lon="121.034948"><ele>1002.8</ele></rtept><rtept lat="28.821077" lon="121.034912"><ele>1002.2</ele></rtept><rtept lat="28.821072" lon="121.034875"><ele>1000.8</ele></rtept><rtept lat="28.821067" lon="121.034832"><ele>999.4</ele></rtept><rtept lat="28.821062" lon="121.034787"><ele>998.8</ele></rtept><rtept lat="28.821055" lon="121.03474"><ele>997.6</ele></rtept><rtept lat="28.821047" lon="121.034697"><ele>996.8</ele></rtept><rtept lat="28.821042" lon="121.034657"><ele>996.6</ele></rtept><rtept lat="28.821042" lon="121.034617"><ele>996.0</ele></rtept><rtept lat="28.821052" lon="121.03458"><ele>995.6</ele></rtept><rtept lat="28.821052" lon="121.034537"><ele>995.4</ele></rtept><rtept lat="28.821052" lon="121.034495"><ele>994.6</ele></rtept><rtept lat="28.821047" lon="121.034457"><ele>994.6</ele></rtept><rtept lat="28.821042" lon="121.034422"><ele>993.8</ele></rtept><rtept lat="28.821037" lon="121.034387"><ele>993.0</ele></rtept><rtept lat="28.821032" lon="121.03435"><ele>993.0</ele></rtept><rtept lat="28.821022" lon="121.034315"><ele>993.0</ele></rtept><rtept lat="28.821012" lon="121.034277"><ele>993.0</ele></rtept><rtept lat="28.821002" lon="121.034237"><ele>992.8</ele></rtept><rtept lat="28.820992" lon="121.034197"><ele>992.4</ele></rtept><rtept lat="28.820978" lon="121.034157"><ele>992.4</ele></rtept><rtept lat="28.820962" lon="121.034117"><ele>992.0</ele></rtept><rtept lat="28.82095" lon="121.034082"><ele>991.6</ele></rtept><rtept lat="28.820937" lon="121.034042"><ele>990.8</ele></rtept><rtept lat="28.820932" lon="121.034005"><ele>990.6</ele></rtept><rtept lat="28.820922" lon="121.033963"><ele>990.2</ele></rtept><rtept lat="28.820917" lon="121.033922"><ele>989.8</ele></rtept><rtept lat="28.820912" lon="121.033877"><ele>989.4</ele></rtept><rtept lat="28.820907" lon="121.03384"><ele>988.8</ele></rtept><rtept lat="28.8209" lon="121.033802"><ele>988.0</ele></rtept><rtept lat="28.820892" lon="121.03377"><ele>987.6</ele></rtept><rtept lat="28.820887" lon="121.033737"><ele>987.6</ele></rtept><rtept lat="28.820887" lon="121.033705"><ele>987.8</ele></rtept><rtept lat="28.820882" lon="121.033672"><ele>988.0</ele></rtept><rtept lat="28.820885" lon="121.03364"><ele>988.4</ele></rtept><rtept lat="28.820892" lon="121.033607"><ele>988.4</ele></rtept><rtept lat="28.8209" lon="121.033572"><ele>988.2</ele></rtept><rtept lat="28.820907" lon="121.03354"><ele>988.2</ele></rtept><rtept lat="28.820917" lon="121.033507"><ele>988.0</ele></rtept><rtept lat="28.82093" lon="121.033475"><ele>988.0</ele></rtept><rtept lat="28.820942" lon="121.033447"><ele>988.0</ele></rtept><rtept lat="28.820952" lon="121.03342"><ele>987.6</ele></rtept><rtept lat="28.820957" lon="121.033397"><ele>987.6</ele></rtept><rtept lat="28.820962" lon="121.033375"><ele>987.6</ele></rtept><rtept lat="28.82097" lon="121.03335"><ele>988.0</ele></rtept><rtept lat="28.820978" lon="121.033327"><ele>988.6</ele></rtept><rtept lat="28.820992" lon="121.033292"><ele>989.8</ele></rtept><rtept lat="28.820992" lon="121.033255"><ele>990.6</ele></rtept><rtept lat="28.82099" lon="121.033217"><ele>990.6</ele></rtept><rtept lat="28.820987" lon="121.033187"><ele>990.6</ele></rtept><rtept lat="28.820987" lon="121.033162"><ele>991.2</ele></rtept><rtept lat="28.820992" lon="121.033142"><ele>991.8</ele></rtept><rtept lat="28.820995" lon="121.033118"><ele>993.4</ele></rtept><rtept lat="28.820982" lon="121.033097"><ele>994.6</ele></rtept><rtept lat="28.820962" lon="121.033087"><ele>995.6</ele></rtept><rtept lat="28.820957" lon="121.033067"><ele>996.2</ele></rtept><rtept lat="28.820947" lon="121.033052"><ele>997.8</ele></rtept><rtept lat="28.820932" lon="121.03304"><ele>998.8</ele></rtept><rtept lat="28.820917" lon="121.033022"><ele>999.4</ele></rtept><rtept lat="28.820897" lon="121.033007"><ele>1000.4</ele></rtept><rtept lat="28.82089" lon="121.032982"><ele>1000.6</ele></rtept><rtept lat="28.82088" lon="121.03296"><ele>1001.6</ele></rtept><rtept lat="28.82087" lon="121.032932"><ele>1002.4</ele></rtept><rtept lat="28.820855" lon="121.032912"><ele>1002.8</ele></rtept><rtept lat="28.820837" lon="121.032902"><ele>1003.6</ele></rtept><rtept lat="28.820822" lon="121.032887"><ele>1004.4</ele></rtept><rtept lat="28.820805" lon="121.032875"><ele>1005.4</ele></rtept><rtept lat="28.8208" lon="121.032857"><ele>1006.2</ele></rtept><rtept lat="28.820812" lon="121.032832"><ele>1007.2</ele></rtept><rtept lat="28.820835" lon="121.032812"><ele>1008.0</ele></rtept><rtept lat="28.82086" lon="121.032802"><ele>1008.4</ele></rtept><rtept lat="28.820877" lon="121.032802"><ele>1008.4</ele></rtept><rtept lat="28.820902" lon="121.03281"><ele>1009.4</ele></rtept><rtept lat="28.820927" lon="121.03282"><ele>1010.0</ele></rtept><rtept lat="28.820957" lon="121.032832"><ele>1011.0</ele></rtept><rtept lat="28.820982" lon="121.032835"><ele>1011.2</ele></rtept><rtept lat="28.821007" lon="121.032845"><ele>1011.6</ele></rtept><rtept lat="28.821022" lon="121.032845"><ele>1012.6</ele></rtept><rtept lat="28.821047" lon="121.032838"><ele>1013.0</ele></rtept><rtept lat="28.821067" lon="121.032837"><ele>1013.6</ele></rtept><rtept lat="28.82109" lon="121.03283"><ele>1014.2</ele></rtept><rtept lat="28.821107" lon="121.032817"><ele>1014.6</ele></rtept><rtept lat="28.821122" lon="121.032805"><ele>1015.8</ele></rtept><rtept lat="28.821137" lon="121.032795"><ele>1017.6</ele></rtept><rtept lat="28.82115" lon="121.032777"><ele>1018.6</ele></rtept><rtept lat="28.821172" lon="121.032767"><ele>1019.6</ele></rtept><rtept lat="28.821195" lon="121.032747"><ele>1020.2</ele></rtept><rtept lat="28.821217" lon="121.032735"><ele>1020.2</ele></rtept><rtept lat="28.821237" lon="121.03273"><ele>1022.0</ele></rtept><rtept lat="28.821262" lon="121.032717"><ele>1022.4</ele></rtept><rtept lat="28.821292" lon="121.032697"><ele>1022.6</ele></rtept><rtept lat="28.821322" lon="121.032677"><ele>1023.0</ele></rtept><rtept lat="28.821337" lon="121.032662"><ele>1023.2</ele></rtept><rtept lat="28.821352" lon="121.032647"><ele>1023.4</ele></rtept><rtept lat="28.821375" lon="121.032632"><ele>1023.4</ele></rtept><rtept lat="28.821392" lon="121.03262"><ele>1022.8</ele></rtept><rtept lat="28.82141" lon="121.032607"><ele>1022.8</ele></rtept><rtept lat="28.821427" lon="121.032602"><ele>1023.0</ele></rtept><rtept lat="28.821455" lon="121.032597"><ele>1023.2</ele></rtept><rtept lat="28.821472" lon="121.032587"><ele>1023.6</ele></rtept><rtept lat="28.821492" lon="121.032577"><ele>1024.8</ele></rtept><rtept lat="28.82151" lon="121.03258"><ele>1025.4</ele></rtept><rtept lat="28.82154" lon="121.032575"><ele>1025.8</ele></rtept><rtept lat="28.82156" lon="121.032562"><ele>1027.2</ele></rtept><rtept lat="28.821575" lon="121.032545"><ele>1028.2</ele></rtept><rtept lat="28.821602" lon="121.032527"><ele>1028.8</ele></rtept><rtept lat="28.821622" lon="121.032515"><ele>1029.6</ele></rtept><rtept lat="28.821637" lon="121.032487"><ele>1030.2</ele></rtept><rtept lat="28.821655" lon="121.03246"><ele>1030.6</ele></rtept><rtept lat="28.821672" lon="121.032432"><ele>1031.2</ele></rtept><rtept lat="28.821685" lon="121.032407"><ele>1031.8</ele></rtept><rtept lat="28.821692" lon="121.03238"><ele>1032.6</ele></rtept><rtept lat="28.821702" lon="121.032357"><ele>1032.6</ele></rtept><rtept lat="28.821715" lon="121.032332"><ele>1032.6</ele></rtept><rtept lat="28.821727" lon="121.032307"><ele>1032.8</ele></rtept><rtept lat="28.821738" lon="121.032287"><ele>1032.8</ele></rtept><rtept lat="28.821752" lon="121.03227"><ele>1032.4</ele></rtept><rtept lat="28.821767" lon="121.03225"><ele>1032.4</ele></rtept><rtept lat="28.821777" lon="121.032232"><ele>1032.4</ele></rtept><rtept lat="28.821787" lon="121.032197"><ele>1032.0</ele></rtept><rtept lat="28.821787" lon="121.032177"><ele>1032.8</ele></rtept><rtept lat="28.821792" lon="121.032152"><ele>1033.4</ele></rtept><rtept lat="28.821795" lon="121.03212"><ele>1033.4</ele></rtept><rtept lat="28.821802" lon="121.032102"><ele>1033.4</ele></rtept><rtept lat="28.821832" lon="121.032078"><ele>1033.8</ele></rtept><rtept lat="28.821867" lon="121.032057"><ele>1034.2</ele></rtept><rtept lat="28.821887" lon="121.032047"><ele>1034.6</ele></rtept><rtept lat="28.821907" lon="121.03204"><ele>1034.6</ele></rtept><rtept lat="28.821937" lon="121.032032"><ele>1034.4</ele></rtept><rtept lat="28.82196" lon="121.032022"><ele>1034.4</ele></rtept><rtept lat="28.821982" lon="121.031997"><ele>1035.2</ele></rtept><rtept lat="28.82199" lon="121.031977"><ele>1035.2</ele></rtept><rtept lat="28.822007" lon="121.031942"><ele>1036.2</ele></rtept><rtept lat="28.822027" lon="121.03192"><ele>1036.4</ele></rtept><rtept lat="28.822042" lon="121.031907"><ele>1037.0</ele></rtept><rtept lat="28.822052" lon="121.03189"><ele>1037.0</ele></rtept><rtept lat="28.822067" lon="121.031857"><ele>1037.6</ele></rtept><rtept lat="28.82208" lon="121.031817"><ele>1037.6</ele></rtept><rtept lat="28.822087" lon="121.031787"><ele>1037.6</ele></rtept><rtept lat="28.822092" lon="121.031757"><ele>1037.6</ele></rtept><rtept lat="28.822095" lon="121.031732"><ele>1036.0</ele></rtept><rtept lat="28.822092" lon="121.031707"><ele>1036.0</ele></rtept><rtept lat="28.82209" lon="121.031677"><ele>1035.6</ele></rtept><rtept lat="28.822087" lon="121.031647"><ele>1035.6</ele></rtept><rtept lat="28.822087" lon="121.03162"><ele>1035.0</ele></rtept><rtept lat="28.822085" lon="121.031595"><ele>1034.4</ele></rtept><rtept lat="28.822087" lon="121.031562"><ele>1033.2</ele></rtept><rtept lat="28.822082" lon="121.031527"><ele>1032.0</ele></rtept><rtept lat="28.822082" lon="121.031492"><ele>1030.8</ele></rtept><rtept lat="28.822082" lon="121.031455"><ele>1030.2</ele></rtept><rtept lat="28.822085" lon="121.031422"><ele>1029.4</ele></rtept><rtept lat="28.822095" lon="121.03139"><ele>1029.0</ele></rtept><rtept lat="28.822107" lon="121.031357"><ele>1028.2</ele></rtept><rtept lat="28.822122" lon="121.03133"><ele>1028.0</ele></rtept><rtept lat="28.822137" lon="121.031302"><ele>1028.0</ele></rtept><rtept lat="28.822147" lon="121.031277"><ele>1028.0</ele></rtept><rtept lat="28.822165" lon="121.031257"><ele>1028.0</ele></rtept><rtept lat="28.822182" lon="121.031237"><ele>1027.2</ele></rtept><rtept lat="28.822195" lon="121.031217"><ele>1027.2</ele></rtept><rtept lat="28.822215" lon="121.031195"><ele>1027.4</ele></rtept><rtept lat="28.822232" lon="121.031175"><ele>1027.4</ele></rtept><rtept lat="28.822252" lon="121.031162"><ele>1028.2</ele></rtept><rtept lat="28.822267" lon="121.031142"><ele>1030.0</ele></rtept><rtept lat="28.82228" lon="121.031127"><ele>1030.0</ele></rtept><rtept lat="28.822292" lon="121.031112"><ele>1030.6</ele></rtept><rtept lat="28.82231" lon="121.031092"><ele>1031.6</ele></rtept><rtept lat="28.822325" lon="121.03108"><ele>1031.8</ele></rtept><rtept lat="28.822343" lon="121.031067"><ele>1033.6</ele></rtept><rtept lat="28.82237" lon="121.031057"><ele>1033.8</ele></rtept><rtept lat="28.822402" lon="121.031027"><ele>1034.0</ele></rtept><rtept lat="28.822422" lon="121.031007"><ele>1034.4</ele></rtept><rtept lat="28.822435" lon="121.030982"><ele>1034.4</ele></rtept><rtept lat="28.822445" lon="121.030957"><ele>1034.0</ele></rtept><rtept lat="28.822447" lon="121.030932"><ele>1033.8</ele></rtept><rtept lat="28.82245" lon="121.030912"><ele>1033.6</ele></rtept><rtept lat="28.822455" lon="121.030882"><ele>1033.4</ele></rtept><rtept lat="28.822462" lon="121.030862"><ele>1033.4</ele></rtept><rtept lat="28.822467" lon="121.030842"><ele>1033.4</ele></rtept><rtept lat="28.822472" lon="121.030822"><ele>1033.6</ele></rtept><rtept lat="28.822482" lon="121.030802"><ele>1034.0</ele></rtept><rtept lat="28.822485" lon="121.03078"><ele>1034.0</ele></rtept><rtept lat="28.82249" lon="121.030757"><ele>1034.0</ele></rtept><rtept lat="28.822507" lon="121.030737"><ele>1034.2</ele></rtept><rtept lat="28.822527" lon="121.030722"><ele>1034.6</ele></rtept><rtept lat="28.822552" lon="121.03072"><ele>1035.4</ele></rtept><rtept lat="28.822567" lon="121.030722"><ele>1036.8</ele></rtept><rtept lat="28.822568" lon="121.030702"><ele>1037.4</ele></rtept><rtept lat="28.822575" lon="121.030672"><ele>1038.2</ele></rtept><rtept lat="28.822592" lon="121.030662"><ele>1039.6</ele></rtept><rtept lat="28.822605" lon="121.030642"><ele>1040.6</ele></rtept><rtept lat="28.822612" lon="121.030617"><ele>1041.2</ele></rtept><rtept lat="28.822622" lon="121.030597"><ele>1041.6</ele></rtept><rtept lat="28.822627" lon="121.030575"><ele>1043.0</ele></rtept><rtept lat="28.822637" lon="121.030545"><ele>1044.0</ele></rtept><rtept lat="28.822657" lon="121.030517"><ele>1044.0</ele></rtept><rtept lat="28.82268" lon="121.03049"><ele>1044.4</ele></rtept><rtept lat="28.822697" lon="121.030473"><ele>1044.6</ele></rtept><rtept lat="28.822727" lon="121.030447"><ele>1044.8</ele></rtept><rtept lat="28.822745" lon="121.030437"><ele>1045.8</ele></rtept><rtept lat="28.822767" lon="121.030422"><ele>1045.8</ele></rtept><rtept lat="28.822792" lon="121.030407"><ele>1046.0</ele></rtept><rtept lat="28.822812" lon="121.030395"><ele>1046.4</ele></rtept><rtept lat="28.82283" lon="121.030377"><ele>1046.4</ele></rtept><rtept lat="28.822845" lon="121.030357"><ele>1046.4</ele></rtept><rtept lat="28.822862" lon="121.030337"><ele>1046.0</ele></rtept><rtept lat="28.822877" lon="121.030317"><ele>1045.8</ele></rtept><rtept lat="28.822892" lon="121.030297"><ele>1045.2</ele></rtept><rtept lat="28.822902" lon="121.030275"><ele>1045.2</ele></rtept><rtept lat="28.822917" lon="121.030257"><ele>1044.0</ele></rtept><rtept lat="28.822937" lon="121.030247"><ele>1043.0</ele></rtept><rtept lat="28.822955" lon="121.030235"><ele>1043.0</ele></rtept><rtept lat="28.822972" lon="121.030212"><ele>1042.6</ele></rtept><rtept lat="28.822992" lon="121.030192"><ele>1042.0</ele></rtept><rtept lat="28.823005" lon="121.030172"><ele>1041.4</ele></rtept><rtept lat="28.82301" lon="121.030152"><ele>1040.0</ele></rtept><rtept lat="28.823012" lon="121.030117"><ele>1039.0</ele></rtept><rtept lat="28.823012" lon="121.030087"><ele>1038.8</ele></rtept><rtept lat="28.823007" lon="121.030067"><ele>1039.2</ele></rtept><rtept lat="28.823005" lon="121.030032"><ele>1040.2</ele></rtept><rtept lat="28.823002" lon="121.030007"><ele>1041.0</ele></rtept><rtept lat="28.823002" lon="121.02999"><ele>1042.0</ele></rtept><rtept lat="28.823002" lon="121.029975"><ele>1043.8</ele></rtept><rtept lat="28.82301" lon="121.02995"><ele>1044.0</ele></rtept><rtept lat="28.823017" lon="121.029922"><ele>1045.0</ele></rtept><rtept lat="28.823035" lon="121.02989"><ele>1045.4</ele></rtept><rtept lat="28.823047" lon="121.029855"><ele>1046.4</ele></rtept><rtept lat="28.823067" lon="121.029825"><ele>1047.2</ele></rtept><rtept lat="28.823082" lon="121.029797"><ele>1047.4</ele></rtept><rtept lat="28.823102" lon="121.02978"><ele>1047.6</ele></rtept><rtept lat="28.823122" lon="121.029767"><ele>1048.4</ele></rtept><rtept lat="28.823142" lon="121.029752"><ele>1049.0</ele></rtept><rtept lat="28.823162" lon="121.029727"><ele>1049.6</ele></rtept><rtept lat="28.823173" lon="121.029702"><ele>1050.4</ele></rtept><rtept lat="28.823192" lon="121.029687"><ele>1051.0</ele></rtept><rtept lat="28.823217" lon="121.029675"><ele>1051.2</ele></rtept><rtept lat="28.823235" lon="121.02966"><ele>1052.2</ele></rtept><rtept lat="28.823252" lon="121.029652"><ele>1053.2</ele></rtept><rtept lat="28.823277" lon="121.029637"><ele>1053.6</ele></rtept><rtept lat="28.823297" lon="121.029625"><ele>1054.4</ele></rtept><rtept lat="28.823317" lon="121.029612"><ele>1055.6</ele></rtept><rtept lat="28.82334" lon="121.029602"><ele>1055.8</ele></rtept><rtept lat="28.82336" lon="121.029602"><ele>1056.8</ele></rtept><rtept lat="28.823377" lon="121.029602"><ele>1057.8</ele></rtept><rtept lat="28.823397" lon="121.029602"><ele>1057.8</ele></rtept><rtept lat="28.823412" lon="121.029587"><ele>1058.2</ele></rtept><rtept lat="28.82343" lon="121.029577"><ele>1059.2</ele></rtept><rtept lat="28.82345" lon="121.02958"><ele>1060.0</ele></rtept><rtept lat="28.823467" lon="121.029567"><ele>1061.0</ele></rtept><rtept lat="28.823482" lon="121.029557"><ele>1062.2</ele></rtept><rtept lat="28.8235" lon="121.02954"><ele>1063.4</ele></rtept><rtept lat="28.823517" lon="121.029552"><ele>1063.4</ele></rtept><rtept lat="28.823535" lon="121.029557"><ele>1064.4</ele></rtept><rtept lat="28.823567" lon="121.02957"><ele>1064.6</ele></rtept><rtept lat="28.823595" lon="121.02958"><ele>1065.0</ele></rtept><rtept lat="28.823612" lon="121.029577"><ele>1065.0</ele></rtept><rtept lat="28.823627" lon="121.029562"><ele>1065.2</ele></rtept><rtept lat="28.823642" lon="121.02955"><ele>1065.2</ele></rtept><rtept lat="28.823667" lon="121.029547"><ele>1066.0</ele></rtept><rtept lat="28.823687" lon="121.02954"><ele>1067.2</ele></rtept><rtept lat="28.823707" lon="121.02953"><ele>1067.8</ele></rtept><rtept lat="28.823708" lon="121.029512"><ele>1069.0</ele></rtept><rtept lat="28.823715" lon="121.029488"><ele>1069.2</ele></rtept><rtept lat="28.82373" lon="121.02948"><ele>1070.8</ele></rtept><rtept lat="28.823743" lon="121.029472"><ele>1071.8</ele></rtept><rtept lat="28.823762" lon="121.029462"><ele>1072.2</ele></rtept><rtept lat="28.823777" lon="121.02945"><ele>1073.0</ele></rtept><rtept lat="28.823787" lon="121.029425"><ele>1074.6</ele></rtept><rtept lat="28.823797" lon="121.029407"><ele>1075.0</ele></rtept><rtept lat="28.823812" lon="121.02939"><ele>1075.6</ele></rtept><rtept lat="28.82383" lon="121.029362"><ele>1076.2</ele></rtept><rtept lat="28.823842" lon="121.029337"><ele>1076.6</ele></rtept><rtept lat="28.82385" lon="121.029307"><ele>1076.8</ele></rtept><rtept lat="28.82385" lon="121.029272"><ele>1077.0</ele></rtept><rtept lat="28.823847" lon="121.02924"><ele>1077.0</ele></rtept><rtept lat="28.823847" lon="121.029212"><ele>1076.0</ele></rtept><rtept lat="28.823842" lon="121.029177"><ele>1075.8</ele></rtept><rtept lat="28.823835" lon="121.029147"><ele>1075.6</ele></rtept><rtept lat="28.823827" lon="121.02912"><ele>1075.6</ele></rtept><rtept lat="28.823817" lon="121.029097"><ele>1075.2</ele></rtept><rtept lat="28.82381" lon="121.029075"><ele>1074.8</ele></rtept><rtept lat="28.823795" lon="121.029038"><ele>1074.8</ele></rtept><rtept lat="28.823787" lon="121.029015"><ele>1075.6</ele></rtept><rtept lat="28.82378" lon="121.028987"><ele>1075.6</ele></rtept><rtept lat="28.823777" lon="121.028967"><ele>1075.6</ele></rtept><rtept lat="28.82377" lon="121.02894"><ele>1075.4</ele></rtept><rtept lat="28.823767" lon="121.028917"><ele>1075.4</ele></rtept><rtept lat="28.823765" lon="121.028877"><ele>1076.0</ele></rtept><rtept lat="28.823762" lon="121.028832"><ele>1076.2</ele></rtept><rtept lat="28.823777" lon="121.028787"><ele>1076.6</ele></rtept><rtept lat="28.82378" lon="121.028765"><ele>1076.6</ele></rtept><rtept lat="28.82377" lon="121.028727"><ele>1075.8</ele></rtept><rtept lat="28.823767" lon="121.0287"><ele>1074.8</ele></rtept><rtept lat="28.823762" lon="121.028675"><ele>1074.8</ele></rtept><rtept lat="28.823755" lon="121.028645"><ele>1075.4</ele></rtept><rtept lat="28.823747" lon="121.028627"><ele>1075.4</ele></rtept><rtept lat="28.823727" lon="121.028597"><ele>1076.6</ele></rtept><rtept lat="28.823715" lon="121.02858"><ele>1076.8</ele></rtept><rtept lat="28.823725" lon="121.02853"><ele>1076.6</ele></rtept><rtept lat="28.82374" lon="121.028497"><ele>1076.4</ele></rtept><rtept lat="28.82376" lon="121.02847"><ele>1076.0</ele></rtept><rtept lat="28.823777" lon="121.028447"><ele>1075.0</ele></rtept><rtept lat="28.823797" lon="121.02843"><ele>1073.6</ele></rtept><rtept lat="28.823807" lon="121.028405"><ele>1073.6</ele></rtept><rtept lat="28.823815" lon="121.028375"><ele>1072.6</ele></rtept><rtept lat="28.82382" lon="121.02834"><ele>1071.6</ele></rtept><rtept lat="28.823827" lon="121.028307"><ele>1071.0</ele></rtept><rtept lat="28.823842" lon="121.028277"><ele>1070.6</ele></rtept><rtept lat="28.82385" lon="121.02825"><ele>1070.6</ele></rtept><rtept lat="28.823865" lon="121.028215"><ele>1068.8</ele></rtept><rtept lat="28.823877" lon="121.028185"><ele>1067.2</ele></rtept><rtept lat="28.82389" lon="121.02816"><ele>1065.8</ele></rtept><rtept lat="28.823902" lon="121.028142"><ele>1065.6</ele></rtept><rtept lat="28.823917" lon="121.02813"><ele>1065.0</ele></rtept><rtept lat="28.823933" lon="121.028117"><ele>1064.4</ele></rtept><rtept lat="28.823952" lon="121.028102"><ele>1063.4</ele></rtept><rtept lat="28.823965" lon="121.028082"><ele>1063.0</ele></rtept><rtept lat="28.823977" lon="121.028062"><ele>1062.8</ele></rtept><rtept lat="28.823987" lon="121.028042"><ele>1062.8</ele></rtept><rtept lat="28.823997" lon="121.028022"><ele>1060.2</ele></rtept><rtept lat="28.82401" lon="121.028"><ele>1059.2</ele></rtept><rtept lat="28.82403" lon="121.027977"><ele>1058.4</ele></rtept><rtept lat="28.824047" lon="121.027955"><ele>1058.2</ele></rtept><rtept lat="28.82406" lon="121.02793"><ele>1057.4</ele></rtept><rtept lat="28.824067" lon="121.027897"><ele>1056.6</ele></rtept><rtept lat="28.824077" lon="121.02787"><ele>1056.0</ele></rtept><rtept lat="28.824082" lon="121.027842"><ele>1055.2</ele></rtept><rtept lat="28.824085" lon="121.027815"><ele>1054.4</ele></rtept><rtept lat="28.824095" lon="121.027792"><ele>1053.4</ele></rtept><rtept lat="28.824105" lon="121.027772"><ele>1052.8</ele></rtept><rtept lat="28.82411" lon="121.027752"><ele>1052.0</ele></rtept><rtept lat="28.824112" lon="121.027727"><ele>1051.2</ele></rtept><rtept lat="28.824122" lon="121.027702"><ele>1049.8</ele></rtept><rtept lat="28.824132" lon="121.027667"><ele>1049.8</ele></rtept><rtept lat="28.82414" lon="121.027637"><ele>1049.2</ele></rtept><rtept lat="28.824147" lon="121.027612"><ele>1048.0</ele></rtept><rtept lat="28.824155" lon="121.027582"><ele>1047.0</ele></rtept><rtept lat="28.824162" lon="121.02756"><ele>1046.4</ele></rtept><rtept lat="28.824165" lon="121.02753"><ele>1045.2</ele></rtept><rtept lat="28.824167" lon="121.027505"><ele>1044.4</ele></rtept><rtept lat="28.824167" lon="121.027477"><ele>1043.0</ele></rtept><rtept lat="28.824162" lon="121.027452"><ele>1042.2</ele></rtept><rtept lat="28.82417" lon="121.02743"><ele>1041.6</ele></rtept><rtept lat="28.824182" lon="121.02741"><ele>1040.8</ele></rtept><rtept lat="28.824187" lon="121.027382"><ele>1039.8</ele></rtept><rtept lat="28.824192" lon="121.027352"><ele>1039.0</ele></rtept><rtept lat="28.824207" lon="121.02733"><ele>1038.0</ele></rtept><rtept lat="28.824222" lon="121.027307"><ele>1036.8</ele></rtept><rtept lat="28.824232" lon="121.027292"><ele>1036.2</ele></rtept><rtept lat="28.82425" lon="121.027265"><ele>1034.0</ele></rtept><rtept lat="28.82427" lon="121.027257"><ele>1032.6</ele></rtept><rtept lat="28.824292" lon="121.02726"><ele>1031.8</ele></rtept><rtept lat="28.82431" lon="121.02726"><ele>1031.4</ele></rtept><rtept lat="28.824332" lon="121.027255"><ele>1029.8</ele></rtept><rtept lat="28.824348" lon="121.027252"><ele>1028.8</ele></rtept><rtept lat="28.824377" lon="121.027242"><ele>1027.0</ele></rtept><rtept lat="28.824387" lon="121.027215"><ele>1025.8</ele></rtept><rtept lat="28.824407" lon="121.027207"><ele>1024.4</ele></rtept><rtept lat="28.824432" lon="121.027202"><ele>1023.6</ele></rtept><rtept lat="28.824457" lon="121.027202"><ele>1021.6</ele></rtept><rtept lat="28.82448" lon="121.027208"><ele>1021.6</ele></rtept><rtept lat="28.824492" lon="121.027202"><ele>1019.2</ele></rtept><rtept lat="28.824512" lon="121.027182"><ele>1017.0</ele></rtept><rtept lat="28.82453" lon="121.027175"><ele>1016.4</ele></rtept><rtept lat="28.824552" lon="121.027172"><ele>1015.4</ele></rtept><rtept lat="28.824582" lon="121.02717"><ele>1013.8</ele></rtept><rtept lat="28.824592" lon="121.027157"><ele>1012.4</ele></rtept><rtept lat="28.824622" lon="121.027162"><ele>1010.8</ele></rtept><rtept lat="28.824647" lon="121.027137"><ele>1009.0</ele></rtept><rtept lat="28.824667" lon="121.027117"><ele>1008.6</ele></rtept><rtept lat="28.824692" lon="121.027092"><ele>1007.8</ele></rtept><rtept lat="28.824707" lon="121.027075"><ele>1006.6</ele></rtept><rtept lat="28.824727" lon="121.027067"><ele>1005.6</ele></rtept><rtept lat="28.824747" lon="121.027072"><ele>1005.2</ele></rtept><rtept lat="28.82477" lon="121.027097"><ele>1003.6</ele></rtept><rtept lat="28.82479" lon="121.027102"><ele>1002.4</ele></rtept><rtept lat="28.824807" lon="121.027097"><ele>1001.2</ele></rtept><rtept lat="28.82483" lon="121.0271"><ele>1000.6</ele></rtept><rtept lat="28.82485" lon="121.027097"><ele>999.6</ele></rtept><rtept lat="28.824872" lon="121.027092"><ele>998.6</ele></rtept><rtept lat="28.824895" lon="121.027082"><ele>997.4</ele></rtept><rtept lat="28.824917" lon="121.027067"><ele>996.2</ele></rtept><rtept lat="28.824942" lon="121.027062"><ele>995.6</ele></rtept><rtept lat="28.824962" lon="121.027072"><ele>993.6</ele></rtept><rtept lat="28.82498" lon="121.027092"><ele>993.6</ele></rtept><rtept lat="28.824995" lon="121.027102"><ele>992.4</ele></rtept><rtept lat="28.825022" lon="121.0271"><ele>990.0</ele></rtept><rtept lat="28.825037" lon="121.02709"><ele>989.2</ele></rtept><rtept lat="28.825062" lon="121.027092"><ele>988.0</ele></rtept><rtept lat="28.825082" lon="121.027107"><ele>987.2</ele></rtept><rtept lat="28.825097" lon="121.027137"><ele>985.6</ele></rtept><rtept lat="28.825112" lon="121.027167"><ele>984.4</ele></rtept><rtept lat="28.825127" lon="121.027192"><ele>983.6</ele></rtept><rtept lat="28.825147" lon="121.027208"><ele>982.4</ele></rtept><rtept lat="28.825167" lon="121.02722"><ele>981.4</ele></rtept><rtept lat="28.825192" lon="121.027232"><ele>980.8</ele></rtept><rtept lat="28.825215" lon="121.027245"><ele>980.0</ele></rtept><rtept lat="28.825235" lon="121.027252"><ele>978.8</ele></rtept><rtept lat="28.825257" lon="121.027255"><ele>978.0</ele></rtept><rtept lat="28.825282" lon="121.027262"><ele>977.0</ele></rtept><rtept lat="28.825297" lon="121.027277"><ele>975.6</ele></rtept><rtept lat="28.825312" lon="121.027292"><ele>974.6</ele></rtept><rtept lat="28.825337" lon="121.027293"><ele>973.8</ele></rtept><rtept lat="28.82536" lon="121.027297"><ele>972.8</ele></rtept><rtept lat="28.825382" lon="121.027307"><ele>972.0</ele></rtept><rtept lat="28.825405" lon="121.02732"><ele>971.6</ele></rtept><rtept lat="28.82543" lon="121.027332"><ele>970.8</ele></rtept><rtept lat="28.825457" lon="121.027347"><ele>969.6</ele></rtept><rtept lat="28.825485" lon="121.027362"><ele>968.4</ele></rtept><rtept lat="28.825512" lon="121.027372"><ele>967.6</ele></rtept><rtept lat="28.825542" lon="121.027377"><ele>966.4</ele></rtept><rtept lat="28.825567" lon="121.027385"><ele>965.6</ele></rtept><rtept lat="28.825595" lon="121.027397"><ele>963.8</ele></rtept><rtept lat="28.825625" lon="121.027405"><ele>963.8</ele></rtept><rtept lat="28.82566" lon="121.027415"><ele>963.2</ele></rtept><rtept lat="28.82569" lon="121.027422"><ele>962.2</ele></rtept><rtept lat="28.825717" lon="121.027433"><ele>961.4</ele></rtept><rtept lat="28.825745" lon="121.027442"><ele>960.2</ele></rtept><rtept lat="28.825772" lon="121.027455"><ele>959.4</ele></rtept><rtept lat="28.825797" lon="121.027457"><ele>958.6</ele></rtept><rtept lat="28.825822" lon="121.027457"><ele>957.6</ele></rtept><rtept lat="28.825852" lon="121.027467"><ele>957.0</ele></rtept><rtept lat="28.82588" lon="121.027477"><ele>956.4</ele></rtept><rtept lat="28.8259" lon="121.027482"><ele>955.6</ele></rtept><rtept lat="28.825927" lon="121.027487"><ele>954.6</ele></rtept><rtept lat="28.82595" lon="121.027502"><ele>954.0</ele></rtept><rtept lat="28.825972" lon="121.02751"><ele>953.2</ele></rtept><rtept lat="28.826" lon="121.027517"><ele>952.0</ele></rtept><rtept lat="28.826027" lon="121.027527"><ele>951.6</ele></rtept><rtept lat="28.826052" lon="121.027537"><ele>950.8</ele></rtept><rtept lat="28.826085" lon="121.027537"><ele>949.6</ele></rtept><rtept lat="28.826115" lon="121.027522"><ele>948.0</ele></rtept><rtept lat="28.826142" lon="121.027505"><ele>947.0</ele></rtept><rtept lat="28.826172" lon="121.027482"><ele>946.2</ele></rtept><rtept lat="28.826195" lon="121.027457"><ele>945.2</ele></rtept><rtept lat="28.826217" lon="121.027432"><ele>944.2</ele></rtept><rtept lat="28.826227" lon="121.027407"><ele>943.6</ele></rtept><rtept lat="28.826237" lon="121.027378"><ele>942.8</ele></rtept><rtept lat="28.826247" lon="121.02735"><ele>942.0</ele></rtept><rtept lat="28.826262" lon="121.027322"><ele>941.2</ele></rtept><rtept lat="28.826282" lon="121.027297"><ele>941.2</ele></rtept><rtept lat="28.826297" lon="121.027272"><ele>939.8</ele></rtept><rtept lat="28.826305" lon="121.02724"><ele>938.0</ele></rtept><rtept lat="28.826312" lon="121.027208"><ele>938.0</ele></rtept><rtept lat="28.826327" lon="121.027187"><ele>936.8</ele></rtept><rtept lat="28.826355" lon="121.027165"><ele>936.2</ele></rtept><rtept lat="28.826387" lon="121.027142"><ele>935.0</ele></rtept><rtept lat="28.826422" lon="121.027122"><ele>934.2</ele></rtept><rtept lat="28.826455" lon="121.0271"><ele>933.0</ele></rtept><rtept lat="28.826492" lon="121.027072"><ele>932.0</ele></rtept><rtept lat="28.826527" lon="121.02705"><ele>931.0</ele></rtept><rtept lat="28.826565" lon="121.027025"><ele>930.2</ele></rtept><rtept lat="28.826602" lon="121.026997"><ele>929.2</ele></rtept><rtept lat="28.826632" lon="121.026967"><ele>928.4</ele></rtept><rtept lat="28.826655" lon="121.026935"><ele>927.6</ele></rtept><rtept lat="28.826682" lon="121.0269"><ele>926.8</ele></rtept><rtept lat="28.826707" lon="121.026875"><ele>926.2</ele></rtept><rtept lat="28.826732" lon="121.026855"><ele>925.6</ele></rtept><rtept lat="28.826755" lon="121.026837"><ele>925.0</ele></rtept><rtept lat="28.826772" lon="121.026822"><ele>924.6</ele></rtept><rtept lat="28.826792" lon="121.026802"><ele>923.8</ele></rtept><rtept lat="28.826812" lon="121.026782"><ele>922.8</ele></rtept><rtept lat="28.826832" lon="121.026765"><ele>922.6</ele></rtept><rtept lat="28.826852" lon="121.02675"><ele>921.8</ele></rtept><rtept lat="28.826867" lon="121.026735"><ele>920.6</ele></rtept><rtept lat="28.826877" lon="121.026715"><ele>920.0</ele></rtept><rtept lat="28.826882" lon="121.026675"><ele>917.8</ele></rtept><rtept lat="28.826892" lon="121.026652"><ele>916.6</ele></rtept><rtept lat="28.826907" lon="121.026627"><ele>916.4</ele></rtept><rtept lat="28.82692" lon="121.026607"><ele>915.2</ele></rtept><rtept lat="28.826932" lon="121.026587"><ele>914.2</ele></rtept><rtept lat="28.826952" lon="121.026567"><ele>912.6</ele></rtept><rtept lat="28.826975" lon="121.026547"><ele>912.8</ele></rtept><rtept lat="28.826995" lon="121.026525"><ele>911.6</ele></rtept><rtept lat="28.827" lon="121.026497"><ele>910.4</ele></rtept><rtept lat="28.826997" lon="121.026472"><ele>910.0</ele></rtept><rtept lat="28.82699" lon="121.026447"><ele>909.2</ele></rtept><rtept lat="28.826972" lon="121.026425"><ele>908.0</ele></rtept><rtept lat="28.826952" lon="121.0264"><ele>907.4</ele></rtept><rtept lat="28.826932" lon="121.026377"><ele>906.4</ele></rtept><rtept lat="28.826912" lon="121.026357"><ele>905.6</ele></rtept><rtept lat="28.8269" lon="121.026327"><ele>905.0</ele></rtept><rtept lat="28.826897" lon="121.026292"><ele>904.0</ele></rtept><rtept lat="28.826902" lon="121.026262"><ele>903.0</ele></rtept><rtept lat="28.826902" lon="121.026237"><ele>900.6</ele></rtept><rtept lat="28.826882" lon="121.026232"><ele>899.6</ele></rtept><rtept lat="28.826857" lon="121.026217"><ele>898.8</ele></rtept><rtept lat="28.826845" lon="121.026197"><ele>898.4</ele></rtept><rtept lat="28.826847" lon="121.026167"><ele>897.6</ele></rtept><rtept lat="28.826862" lon="121.026137"><ele>896.8</ele></rtept><rtept lat="28.826885" lon="121.026115"><ele>896.2</ele></rtept><rtept lat="28.826907" lon="121.026092"><ele>895.6</ele></rtept><rtept lat="28.826935" lon="121.026077"><ele>894.2</ele></rtept><rtept lat="28.826957" lon="121.026055"><ele>893.2</ele></rtept><rtept lat="28.82698" lon="121.026035"><ele>892.4</ele></rtept><rtept lat="28.827" lon="121.026022"><ele>891.4</ele></rtept><rtept lat="28.827015" lon="121.026012"><ele>890.8</ele></rtept><rtept lat="28.827012" lon="121.025977"><ele>888.6</ele></rtept><rtept lat="28.827027" lon="121.025965"><ele>888.2</ele></rtept><rtept lat="28.827047" lon="121.025955"><ele>886.8</ele></rtept><rtept lat="28.827072" lon="121.025943"><ele>886.8</ele></rtept><rtept lat="28.827097" lon="121.025937"><ele>886.2</ele></rtept><rtept lat="28.827127" lon="121.025932"><ele>884.8</ele></rtept><rtept lat="28.827157" lon="121.025927"><ele>883.6</ele></rtept><rtept lat="28.827177" lon="121.02592"><ele>882.4</ele></rtept><rtept lat="28.827197" lon="121.025912"><ele>881.6</ele></rtept><rtept lat="28.827205" lon="121.025892"><ele>881.2</ele></rtept><rtept lat="28.827192" lon="121.025875"><ele>879.8</ele></rtept><rtept lat="28.827175" lon="121.025857"><ele>879.0</ele></rtept><rtept lat="28.827162" lon="121.025842"><ele>877.8</ele></rtept><rtept lat="28.827155" lon="121.025822"><ele>877.4</ele></rtept><rtept lat="28.827145" lon="121.025802"><ele>876.6</ele></rtept><rtept lat="28.827132" lon="121.02578"><ele>875.8</ele></rtept><rtept lat="28.827113" lon="121.025757"><ele>875.0</ele></rtept><rtept lat="28.827097" lon="121.025737"><ele>873.8</ele></rtept><rtept lat="28.827078" lon="121.025717"><ele>873.0</ele></rtept><rtept lat="28.827057" lon="121.025702"><ele>873.0</ele></rtept><rtept lat="28.827025" lon="121.025682"><ele>872.6</ele></rtept><rtept lat="28.826992" lon="121.025667"><ele>871.0</ele></rtept><rtept lat="28.826962" lon="121.02566"><ele>869.2</ele></rtept><rtept lat="28.82693" lon="121.025655"><ele>868.2</ele></rtept><rtept lat="28.826902" lon="121.025642"><ele>866.6</ele></rtept><rtept lat="28.826872" lon="121.025627"><ele>865.4</ele></rtept><rtept lat="28.826852" lon="121.025612"><ele>864.8</ele></rtept><rtept lat="28.826842" lon="121.025587"><ele>863.2</ele></rtept><rtept lat="28.826847" lon="121.025567"><ele>862.4</ele></rtept><rtept lat="28.82686" lon="121.025542"><ele>861.4</ele></rtept><rtept lat="28.826865" lon="121.025525"><ele>860.4</ele></rtept><rtept lat="28.826867" lon="121.0255"><ele>859.8</ele></rtept><rtept lat="28.82687" lon="121.025467"><ele>858.0</ele></rtept><rtept lat="28.826882" lon="121.025437"><ele>858.0</ele></rtept><rtept lat="28.826895" lon="121.025412"><ele>856.8</ele></rtept><rtept lat="28.826907" lon="121.025387"><ele>855.8</ele></rtept><rtept lat="28.826917" lon="121.025362"><ele>855.0</ele></rtept><rtept lat="28.826932" lon="121.025332"><ele>853.6</ele></rtept><rtept lat="28.826952" lon="121.025317"><ele>852.2</ele></rtept><rtept lat="28.826972" lon="121.025307"><ele>851.0</ele></rtept><rtept lat="28.826987" lon="121.025292"><ele>850.2</ele></rtept><rtept lat="28.827002" lon="121.025267"><ele>849.2</ele></rtept><rtept lat="28.827025" lon="121.025247"><ele>848.2</ele></rtept><rtept lat="28.827047" lon="121.025232"><ele>847.2</ele></rtept><rtept lat="28.827072" lon="121.025227"><ele>846.4</ele></rtept><rtept lat="28.827095" lon="121.02522"><ele>845.8</ele></rtept><rtept lat="28.827117" lon="121.025202"><ele>845.0</ele></rtept><rtept lat="28.82713" lon="121.025182"><ele>843.4</ele></rtept><rtept lat="28.82713" lon="121.025162"><ele>842.6</ele></rtept><rtept lat="28.827122" lon="121.025137"><ele>842.2</ele></rtept><rtept lat="28.827117" lon="121.025107"><ele>841.2</ele></rtept><rtept lat="28.827117" lon="121.02508"><ele>840.8</ele></rtept><rtept lat="28.827122" lon="121.02505"><ele>839.6</ele></rtept><rtept lat="28.827132" lon="121.025017"><ele>838.0</ele></rtept><rtept lat="28.827147" lon="121.024987"><ele>837.0</ele></rtept><rtept lat="28.82716" lon="121.024957"><ele>836.0</ele></rtept><rtept lat="28.827172" lon="121.024927"><ele>834.4</ele></rtept><rtept lat="28.827192" lon="121.0249"><ele>833.0</ele></rtept><rtept lat="28.827217" lon="121.024872"><ele>832.4</ele></rtept><rtept lat="28.827242" lon="121.024865"><ele>831.4</ele></rtept><rtept lat="28.827267" lon="121.024857"><ele>830.6</ele></rtept><rtept lat="28.827287" lon="121.024837"><ele>830.0</ele></rtept><rtept lat="28.827312" lon="121.024817"><ele>828.2</ele></rtept><rtept lat="28.827332" lon="121.024797"><ele>828.2</ele></rtept><rtept lat="28.827347" lon="121.024782"><ele>827.4</ele></rtept><rtept lat="28.82737" lon="121.024757"><ele>826.0</ele></rtept><rtept lat="28.82739" lon="121.024727"><ele>825.4</ele></rtept><rtept lat="28.827415" lon="121.024702"><ele>824.6</ele></rtept><rtept lat="28.827445" lon="121.02468"><ele>823.6</ele></rtept><rtept lat="28.827472" lon="121.02466"><ele>822.6</ele></rtept><rtept lat="28.8275" lon="121.024632"><ele>821.6</ele></rtept><rtept lat="28.827522" lon="121.02461"><ele>820.8</ele></rtept><rtept lat="28.827547" lon="121.02458"><ele>820.0</ele></rtept><rtept lat="28.827567" lon="121.024552"><ele>818.4</ele></rtept><rtept lat="28.82759" lon="121.024525"><ele>817.8</ele></rtept><rtept lat="28.827617" lon="121.024502"><ele>816.6</ele></rtept><rtept lat="28.82764" lon="121.024485"><ele>815.4</ele></rtept><rtept lat="28.827662" lon="121.024457"><ele>814.4</ele></rtept><rtept lat="28.827682" lon="121.024427"><ele>813.6</ele></rtept><rtept lat="28.827702" lon="121.024402"><ele>813.2</ele></rtept><rtept lat="28.827725" lon="121.02438"><ele>812.4</ele></rtept><rtept lat="28.82775" lon="121.024365"><ele>811.4</ele></rtept><rtept lat="28.827777" lon="121.024352"><ele>810.2</ele></rtept><rtept lat="28.827795" lon="121.024327"><ele>809.4</ele></rtept><rtept lat="28.82781" lon="121.024297"><ele>809.0</ele></rtept><rtept lat="28.82783" lon="121.02427"><ele>808.2</ele></rtept><rtept lat="28.82785" lon="121.024235"><ele>807.8</ele></rtept><rtept lat="28.82787" lon="121.024212"><ele>806.8</ele></rtept><rtept lat="28.827892" lon="121.024192"><ele>806.2</ele></rtept><rtept lat="28.827915" lon="121.024162"><ele>805.4</ele></rtept><rtept lat="28.827942" lon="121.024132"><ele>804.0</ele></rtept><rtept lat="28.827967" lon="121.024107"><ele>803.0</ele></rtept><rtept lat="28.828" lon="121.024075"><ele>801.2</ele></rtept><rtept lat="28.828032" lon="121.024047"><ele>800.6</ele></rtept><rtept lat="28.828062" lon="121.024022"><ele>800.2</ele></rtept><rtept lat="28.828085" lon="121.023992"><ele>799.8</ele></rtept><rtept lat="28.828097" lon="121.02396"><ele>799.8</ele></rtept><rtept lat="28.828097" lon="121.02393"><ele>799.4</ele></rtept><rtept lat="28.828087" lon="121.023897"><ele>799.0</ele></rtept><rtept lat="28.828072" lon="121.023872"><ele>798.0</ele></rtept><rtept lat="28.828055" lon="121.023847"><ele>797.0</ele></rtept><rtept lat="28.82804" lon="121.023825"><ele>796.2</ele></rtept><rtept lat="28.828017" lon="121.023802"><ele>795.8</ele></rtept><rtept lat="28.828002" lon="121.023777"><ele>795.4</ele></rtept><rtept lat="28.827992" lon="121.023752"><ele>794.8</ele></rtept><rtept lat="28.82798" lon="121.023727"><ele>793.8</ele></rtept><rtept lat="28.827967" lon="121.023702"><ele>793.0</ele></rtept><rtept lat="28.82795" lon="121.02368"><ele>792.2</ele></rtept><rtept lat="28.827932" lon="121.023662"><ele>791.8</ele></rtept><rtept lat="28.82792" lon="121.023635"><ele>790.6</ele></rtept><rtept lat="28.827915" lon="121.023615"><ele>789.8</ele></rtept><rtept lat="28.827897" lon="121.02359"><ele>789.0</ele></rtept><rtept lat="28.827877" lon="121.023565"><ele>788.6</ele></rtept><rtept lat="28.827852" lon="121.023537"><ele>787.8</ele></rtept><rtept lat="28.827827" lon="121.02351"><ele>787.0</ele></rtept><rtept lat="28.827807" lon="121.02348"><ele>785.8</ele></rtept><rtept lat="28.827795" lon="121.023447"><ele>785.2</ele></rtept><rtept lat="28.827787" lon="121.02341"><ele>784.0</ele></rtept><rtept lat="28.827782" lon="121.023372"><ele>783.2</ele></rtept><rtept lat="28.827767" lon="121.023337"><ele>782.4</ele></rtept><rtept lat="28.82775" lon="121.023307"><ele>781.8</ele></rtept><rtept lat="28.827727" lon="121.023272"><ele>781.0</ele></rtept><rtept lat="28.827712" lon="121.023237"><ele>779.2</ele></rtept><rtept lat="28.8277" lon="121.023202"><ele>779.2</ele></rtept><rtept lat="28.82769" lon="121.023162"><ele>778.2</ele></rtept><rtept lat="28.82768" lon="121.023125"><ele>777.6</ele></rtept><rtept lat="28.827672" lon="121.023085"><ele>776.2</ele></rtept><rtept lat="28.827667" lon="121.023047"><ele>775.0</ele></rtept><rtept lat="28.82766" lon="121.023015"><ele>774.4</ele></rtept><rtept lat="28.827652" lon="121.022975"><ele>773.8</ele></rtept><rtept lat="28.827648" lon="121.022937"><ele>773.0</ele></rtept><rtept lat="28.827647" lon="121.022892"><ele>772.6</ele></rtept><rtept lat="28.827645" lon="121.022847"><ele>771.6</ele></rtept><rtept lat="28.827645" lon="121.022802"><ele>771.2</ele></rtept><rtept lat="28.827645" lon="121.022765"><ele>770.6</ele></rtept><rtept lat="28.82764" lon="121.022737"><ele>770.2</ele></rtept><rtept lat="28.827637" lon="121.022712"><ele>769.8</ele></rtept><rtept lat="28.827645" lon="121.022685"><ele>769.8</ele></rtept><rtept lat="28.827657" lon="121.022657"><ele>769.4</ele></rtept><rtept lat="28.827677" lon="121.022632"><ele>768.2</ele></rtept><rtept lat="28.827702" lon="121.022605"><ele>766.8</ele></rtept><rtept lat="28.827722" lon="121.022582"><ele>766.0</ele></rtept><rtept lat="28.82774" lon="121.022555"><ele>764.8</ele></rtept><rtept lat="28.827752" lon="121.022522"><ele>764.0</ele></rtept><rtept lat="28.82775" lon="121.022492"><ele>763.0</ele></rtept><rtept lat="28.827745" lon="121.02247"><ele>762.6</ele></rtept><rtept lat="28.827737" lon="121.022445"><ele>762.4</ele></rtept><rtept lat="28.827727" lon="121.022422"><ele>762.4</ele></rtept><rtept lat="28.827722" lon="121.022397"><ele>762.4</ele></rtept><rtept lat="28.827717" lon="121.022375"><ele>762.8</ele></rtept><rtept lat="28.827712" lon="121.022352"><ele>763.4</ele></rtept><rtept lat="28.827707" lon="121.022332"><ele>763.8</ele></rtept><rtept lat="28.8277" lon="121.022312"><ele>764.2</ele></rtept><rtept lat="28.827687" lon="121.022277"><ele>764.6</ele></rtept><rtept lat="28.827682" lon="121.022247"><ele>765.0</ele></rtept><rtept lat="28.827677" lon="121.022222"><ele>765.0</ele></rtept><rtept lat="28.827677" lon="121.022197"><ele>765.4</ele></rtept><rtept lat="28.827677" lon="121.022162"><ele>765.4</ele></rtept><rtept lat="28.827675" lon="121.02213"><ele>765.6</ele></rtept><rtept lat="28.82767" lon="121.022102"><ele>766.0</ele></rtept><rtept lat="28.827665" lon="121.022075"><ele>766.0</ele></rtept><rtept lat="28.827665" lon="121.022037"><ele>765.6</ele></rtept><rtept lat="28.827662" lon="121.021997"><ele>765.6</ele></rtept><rtept lat="28.827665" lon="121.021957"><ele>765.0</ele></rtept><rtept lat="28.827665" lon="121.021917"><ele>764.6</ele></rtept><rtept lat="28.827672" lon="121.021852"><ele>763.6</ele></rtept><rtept lat="28.827677" lon="121.021825"><ele>763.4</ele></rtept><rtept lat="28.827682" lon="121.021787"><ele>762.8</ele></rtept><rtept lat="28.827697" lon="121.021752"><ele>761.8</ele></rtept><rtept lat="28.827712" lon="121.021712"><ele>760.8</ele></rtept><rtept lat="28.827727" lon="121.021677"><ele>760.0</ele></rtept><rtept lat="28.827745" lon="121.021637"><ele>759.2</ele></rtept><rtept lat="28.827755" lon="121.021597"><ele>758.8</ele></rtept><rtept lat="28.827762" lon="121.021557"><ele>757.8</ele></rtept><rtept lat="28.827765" lon="121.021517"><ele>756.4</ele></rtept><rtept lat="28.827772" lon="121.02148"><ele>756.2</ele></rtept><rtept lat="28.827785" lon="121.021447"><ele>756.2</ele></rtept><rtept lat="28.827802" lon="121.021412"><ele>756.0</ele></rtept><rtept lat="28.827825" lon="121.02138"><ele>756.0</ele></rtept><rtept lat="28.827847" lon="121.021347"><ele>756.2</ele></rtept><rtept lat="28.827872" lon="121.02131"><ele>755.8</ele></rtept><rtept lat="28.827887" lon="121.021272"><ele>755.8</ele></rtept><rtept lat="28.827895" lon="121.021237"><ele>755.4</ele></rtept><rtept lat="28.82789" lon="121.021207"><ele>755.0</ele></rtept><rtept lat="28.827873" lon="121.02118"><ele>754.2</ele></rtept><rtept lat="28.827857" lon="121.021152"><ele>753.8</ele></rtept><rtept lat="28.827842" lon="121.021125"><ele>753.6</ele></rtept><rtept lat="28.827827" lon="121.021097"><ele>753.6</ele></rtept><rtept lat="28.827817" lon="121.021072"><ele>753.6</ele></rtept><rtept lat="28.82781" lon="121.021045"><ele>753.8</ele></rtept><rtept lat="28.827802" lon="121.021015"><ele>753.8</ele></rtept><rtept lat="28.827797" lon="121.020987"><ele>753.8</ele></rtept><rtept lat="28.827787" lon="121.020962"><ele>753.8</ele></rtept><rtept lat="28.827772" lon="121.020945"><ele>753.6</ele></rtept><rtept lat="28.827757" lon="121.02093"><ele>753.6</ele></rtept><rtept lat="28.827747" lon="121.020907"><ele>753.2</ele></rtept><rtept lat="28.827742" lon="121.02088"><ele>752.6</ele></rtept><rtept lat="28.827747" lon="121.020855"><ele>751.8</ele></rtept><rtept lat="28.827757" lon="121.02083"><ele>751.4</ele></rtept><rtept lat="28.827772" lon="121.020805"><ele>751.0</ele></rtept><rtept lat="28.82779" lon="121.020777"><ele>751.0</ele></rtept><rtept lat="28.827807" lon="121.02075"><ele>751.0</ele></rtept><rtept lat="28.827817" lon="121.020717"><ele>750.6</ele></rtept><rtept lat="28.827835" lon="121.02068"><ele>750.4</ele></rtept><rtept lat="28.827852" lon="121.020642"><ele>750.2</ele></rtept><rtept lat="28.827867" lon="121.020605"><ele>750.0</ele></rtept><rtept lat="28.827877" lon="121.020567"><ele>750.0</ele></rtept><rtept lat="28.827877" lon="121.02053"><ele>749.6</ele></rtept><rtept lat="28.827867" lon="121.020487"><ele>749.6</ele></rtept><rtept lat="28.827862" lon="121.020445"><ele>748.8</ele></rtept><rtept lat="28.827857" lon="121.020402"><ele>747.8</ele></rtept><rtept lat="28.827852" lon="121.02036"><ele>747.8</ele></rtept><rtept lat="28.827852" lon="121.020322"><ele>747.0</ele></rtept><rtept lat="28.827852" lon="121.020285"><ele>745.8</ele></rtept><rtept lat="28.827852" lon="121.020252"><ele>745.0</ele></rtept><rtept lat="28.827852" lon="121.020215"><ele>744.4</ele></rtept><rtept lat="28.827847" lon="121.020173"><ele>743.8</ele></rtept><rtept lat="28.827842" lon="121.020135"><ele>743.0</ele></rtept><rtept lat="28.827832" lon="121.0201"><ele>742.0</ele></rtept><rtept lat="28.827815" lon="121.020065"><ele>741.4</ele></rtept><rtept lat="28.827797" lon="121.020027"><ele>740.6</ele></rtept><rtept lat="28.827785" lon="121.019997"><ele>739.4</ele></rtept><rtept lat="28.82777" lon="121.019967"><ele>738.8</ele></rtept><rtept lat="28.827757" lon="121.019935"><ele>738.2</ele></rtept><rtept lat="28.827745" lon="121.019907"><ele>737.4</ele></rtept><rtept lat="28.827735" lon="121.019875"><ele>737.0</ele></rtept><rtept lat="28.827722" lon="121.019847"><ele>736.2</ele></rtept><rtept lat="28.8277" lon="121.019822"><ele>735.6</ele></rtept><rtept lat="28.82768" lon="121.019792"><ele>734.4</ele></rtept><rtept lat="28.827662" lon="121.019762"><ele>733.4</ele></rtept><rtept lat="28.827645" lon="121.019732"><ele>733.0</ele></rtept><rtept lat="28.827627" lon="121.019707"><ele>731.8</ele></rtept><rtept lat="28.827607" lon="121.01969"><ele>730.8</ele></rtept><rtept lat="28.827585" lon="121.019675"><ele>730.6</ele></rtept><rtept lat="28.827562" lon="121.019662"><ele>729.2</ele></rtept><rtept lat="28.827537" lon="121.01965"><ele>728.6</ele></rtept><rtept lat="28.827512" lon="121.019637"><ele>727.8</ele></rtept><rtept lat="28.827482" lon="121.019625"><ele>727.2</ele></rtept><rtept lat="28.827452" lon="121.01962"><ele>726.2</ele></rtept><rtept lat="28.827425" lon="121.019617"><ele>725.2</ele></rtept><rtept lat="28.827397" lon="121.019612"><ele>723.6</ele></rtept><rtept lat="28.827367" lon="121.019607"><ele>723.6</ele></rtept><rtept lat="28.827345" lon="121.019602"><ele>722.8</ele></rtept><rtept lat="28.827327" lon="121.019587"><ele>721.6</ele></rtept><rtept lat="28.827307" lon="121.019572"><ele>720.8</ele></rtept><rtept lat="28.82729" lon="121.019562"><ele>719.4</ele></rtept><rtept lat="28.827267" lon="121.019557"><ele>719.0</ele></rtept><rtept lat="28.82724" lon="121.019557"><ele>718.6</ele></rtept><rtept lat="28.827215" lon="121.019565"><ele>718.0</ele></rtept><rtept lat="28.827185" lon="121.019562"><ele>717.4</ele></rtept><rtept lat="28.827157" lon="121.01956"><ele>716.2</ele></rtept><rtept lat="28.827127" lon="121.019562"><ele>715.6</ele></rtept><rtept lat="28.827107" lon="121.019572"><ele>714.4</ele></rtept><rtept lat="28.827082" lon="121.019592"><ele>714.4</ele></rtept><rtept lat="28.827062" lon="121.019612"><ele>714.2</ele></rtept><rtept lat="28.827037" lon="121.019622"><ele>714.0</ele></rtept><rtept lat="28.827012" lon="121.019632"><ele>713.2</ele></rtept><rtept lat="28.826982" lon="121.019645"><ele>712.6</ele></rtept><rtept lat="28.826965" lon="121.019662"><ele>711.6</ele></rtept><rtept lat="28.82695" lon="121.019682"><ele>711.2</ele></rtept><rtept lat="28.826937" lon="121.019702"><ele>710.6</ele></rtept><rtept lat="28.826922" lon="121.019722"><ele>709.4</ele></rtept><rtept lat="28.8269" lon="121.019732"><ele>708.8</ele></rtept><rtept lat="28.826877" lon="121.019742"><ele>708.0</ele></rtept><rtept lat="28.826852" lon="121.019752"><ele>707.2</ele></rtept><rtept lat="28.82683" lon="121.019765"><ele>706.8</ele></rtept><rtept lat="28.826807" lon="121.019777"><ele>706.0</ele></rtept><rtept lat="28.826777" lon="121.019792"><ele>705.2</ele></rtept><rtept lat="28.826742" lon="121.019805"><ele>704.8</ele></rtept><rtept lat="28.826712" lon="121.019815"><ele>703.6</ele></rtept><rtept lat="28.826682" lon="121.019825"><ele>702.0</ele></rtept><rtept lat="28.826652" lon="121.019837"><ele>702.0</ele></rtept><rtept lat="28.826622" lon="121.019852"><ele>701.8</ele></rtept><rtept lat="28.826595" lon="121.01987"><ele>701.0</ele></rtept><rtept lat="28.826577" lon="121.01989"><ele>700.4</ele></rtept><rtept lat="28.826552" lon="121.019907"><ele>699.6</ele></rtept><rtept lat="28.826527" lon="121.019927"><ele>698.6</ele></rtept><rtept lat="28.826502" lon="121.019952"><ele>698.0</ele></rtept><rtept lat="28.826482" lon="121.019972"><ele>696.4</ele></rtept><rtept lat="28.826457" lon="121.019992"><ele>695.6</ele></rtept><rtept lat="28.826437" lon="121.020007"><ele>694.6</ele></rtept><rtept lat="28.826412" lon="121.020022"><ele>693.4</ele></rtept><rtept lat="28.826387" lon="121.020033"><ele>692.6</ele></rtept><rtept lat="28.82637" lon="121.020042"><ele>691.6</ele></rtept><rtept lat="28.82635" lon="121.020057"><ele>691.0</ele></rtept><rtept lat="28.826332" lon="121.020077"><ele>689.8</ele></rtept><rtept lat="28.82631" lon="121.020095"><ele>689.0</ele></rtept><rtept lat="28.826283" lon="121.020107"><ele>688.4</ele></rtept><rtept lat="28.826262" lon="121.020127"><ele>687.4</ele></rtept><rtept lat="28.826232" lon="121.020145"><ele>686.6</ele></rtept><rtept lat="28.826202" lon="121.02016"><ele>686.2</ele></rtept><rtept lat="28.826182" lon="121.020177"><ele>685.6</ele></rtept><rtept lat="28.826162" lon="121.020197"><ele>685.2</ele></rtept><rtept lat="28.826137" lon="121.020222"><ele>685.0</ele></rtept><rtept lat="28.826107" lon="121.020232"><ele>684.2</ele></rtept><rtept lat="28.826077" lon="121.020232"><ele>683.6</ele></rtept><rtept lat="28.826052" lon="121.020232"><ele>683.0</ele></rtept><rtept lat="28.826027" lon="121.02023"><ele>682.4</ele></rtept><rtept lat="28.82601" lon="121.020235"><ele>682.4</ele></rtept><rtept lat="28.825992" lon="121.020242"><ele>682.8</ele></rtept><rtept lat="28.825965" lon="121.02025"><ele>683.0</ele></rtept><rtept lat="28.825937" lon="121.020258"><ele>683.0</ele></rtept><rtept lat="28.825915" lon="121.020272"><ele>683.2</ele></rtept><rtept lat="28.825887" lon="121.02028"><ele>683.2</ele></rtept><rtept lat="28.825865" lon="121.020287"><ele>683.2</ele></rtept><rtept lat="28.825837" lon="121.020287"><ele>683.2</ele></rtept><rtept lat="28.82581" lon="121.02028"><ele>683.2</ele></rtept><rtept lat="28.825777" lon="121.020267"><ele>683.2</ele></rtept><rtept lat="28.82575" lon="121.020247"><ele>683.2</ele></rtept><rtept lat="28.825725" lon="121.020227"><ele>683.2</ele></rtept><rtept lat="28.825702" lon="121.020207"><ele>682.8</ele></rtept><rtept lat="28.825678" lon="121.020185"><ele>682.6</ele></rtept><rtept lat="28.825657" lon="121.020152"><ele>682.6</ele></rtept><rtept lat="28.825632" lon="121.02012"><ele>682.6</ele></rtept><rtept lat="28.82561" lon="121.020082"><ele>682.6</ele></rtept><rtept lat="28.825592" lon="121.020047"><ele>682.0</ele></rtept><rtept lat="28.82558" lon="121.02001"><ele>682.0</ele></rtept><rtept lat="28.825567" lon="121.019977"><ele>682.0</ele></rtept><rtept lat="28.825555" lon="121.019942"><ele>681.8</ele></rtept><rtept lat="28.825545" lon="121.019905"><ele>681.8</ele></rtept><rtept lat="28.825537" lon="121.019872"><ele>681.8</ele></rtept><rtept lat="28.825537" lon="121.019835"><ele>681.6</ele></rtept><rtept lat="28.825535" lon="121.019797"><ele>681.0</ele></rtept><rtept lat="28.825532" lon="121.019762"><ele>681.0</ele></rtept><rtept lat="28.825522" lon="121.019727"><ele>680.4</ele></rtept><rtept lat="28.825507" lon="121.019695"><ele>680.2</ele></rtept><rtept lat="28.825487" lon="121.019662"><ele>680.2</ele></rtept><rtept lat="28.825467" lon="121.019632"><ele>679.4</ele></rtept><rtept lat="28.825445" lon="121.019607"><ele>679.4</ele></rtept><rtept lat="28.825425" lon="121.019585"><ele>678.8</ele></rtept><rtept lat="28.825402" lon="121.019565"><ele>678.4</ele></rtept><rtept lat="28.825382" lon="121.019552"><ele>678.4</ele></rtept><rtept lat="28.825367" lon="121.019547"><ele>677.4</ele></rtept><rtept lat="28.82534" lon="121.019557"><ele>675.8</ele></rtept><rtept lat="28.82533" lon="121.019572"><ele>675.0</ele></rtept><rtept lat="28.82532" lon="121.019592"><ele>674.0</ele></rtept><rtept lat="28.82531" lon="121.019617"><ele>673.0</ele></rtept><rtept lat="28.825297" lon="121.019637"><ele>671.8</ele></rtept><rtept lat="28.82528" lon="121.019652"><ele>671.2</ele></rtept><rtept lat="28.825265" lon="121.019672"><ele>670.2</ele></rtept><rtept lat="28.82524" lon="121.019687"><ele>669.0</ele></rtept><rtept lat="28.825207" lon="121.019702"><ele>668.2</ele></rtept><rtept lat="28.825177" lon="121.019712"><ele>667.2</ele></rtept><rtept lat="28.825157" lon="121.019722"><ele>665.8</ele></rtept><rtept lat="28.825132" lon="121.019747"><ele>665.8</ele></rtept><rtept lat="28.825105" lon="121.019767"><ele>665.2</ele></rtept><rtept lat="28.825073" lon="121.019792"><ele>664.4</ele></rtept><rtept lat="28.825045" lon="121.0198"><ele>663.2</ele></rtept><rtept lat="28.825012" lon="121.019802"><ele>662.0</ele></rtept><rtept lat="28.824992" lon="121.019807"><ele>660.8</ele></rtept><rtept lat="28.824967" lon="121.019812"><ele>659.8</ele></rtept><rtept lat="28.824937" lon="121.019817"><ele>659.0</ele></rtept><rtept lat="28.824912" lon="121.019812"><ele>658.2</ele></rtept><rtept lat="28.824887" lon="121.0198"><ele>657.4</ele></rtept><rtept lat="28.824862" lon="121.019782"><ele>656.2</ele></rtept><rtept lat="28.824837" lon="121.01976"><ele>655.0</ele></rtept><rtept lat="28.824812" lon="121.019737"><ele>653.8</ele></rtept><rtept lat="28.824787" lon="121.019707"><ele>652.0</ele></rtept><rtept lat="28.82476" lon="121.019672"><ele>652.0</ele></rtept><rtept lat="28.824735" lon="121.019645"><ele>650.0</ele></rtept><rtept lat="28.824707" lon="121.019627"><ele>650.0</ele></rtept><rtept lat="28.824677" lon="121.019607"><ele>649.4</ele></rtept><rtept lat="28.824652" lon="121.019587"><ele>649.0</ele></rtept><rtept lat="28.824627" lon="121.019567"><ele>648.8</ele></rtept><rtept lat="28.824607" lon="121.01954"><ele>648.8</ele></rtept><rtept lat="28.824582" lon="121.019515"><ele>648.8</ele></rtept><rtept lat="28.824557" lon="121.019492"><ele>648.8</ele></rtept><rtept lat="28.824532" lon="121.019472"><ele>648.8</ele></rtept><rtept lat="28.824502" lon="121.01945"><ele>648.4</ele></rtept><rtept lat="28.824467" lon="121.019437"><ele>648.2</ele></rtept><rtept lat="28.824437" lon="121.019425"><ele>648.0</ele></rtept><rtept lat="28.824412" lon="121.01942"><ele>648.0</ele></rtept><rtept lat="28.824377" lon="121.019402"><ele>648.0</ele></rtept><rtept lat="28.824345" lon="121.019387"><ele>648.0</ele></rtept><rtept lat="28.824312" lon="121.01937"><ele>648.0</ele></rtept><rtept lat="28.82428" lon="121.019355"><ele>647.4</ele></rtept><rtept lat="28.824252" lon="121.019337"><ele>647.2</ele></rtept><rtept lat="28.824227" lon="121.019315"><ele>646.6</ele></rtept><rtept lat="28.8242" lon="121.019292"><ele>646.0</ele></rtept><rtept lat="28.824175" lon="121.019257"><ele>645.8</ele></rtept><rtept lat="28.824152" lon="121.019222"><ele>645.4</ele></rtept><rtept lat="28.824132" lon="121.019192"><ele>644.8</ele></rtept><rtept lat="28.824105" lon="121.019167"><ele>644.4</ele></rtept><rtept lat="28.824077" lon="121.019147"><ele>644.4</ele></rtept><rtept lat="28.824055" lon="121.019127"><ele>644.4</ele></rtept><rtept lat="28.824027" lon="121.01912"><ele>644.6</ele></rtept><rtept lat="28.823995" lon="121.019102"><ele>644.0</ele></rtept><rtept lat="28.823962" lon="121.019082"><ele>643.8</ele></rtept><rtept lat="28.823925" lon="121.019052"><ele>643.6</ele></rtept><rtept lat="28.823895" lon="121.019017"><ele>642.4</ele></rtept><rtept lat="28.82387" lon="121.018982"><ele>642.4</ele></rtept><rtept lat="28.823845" lon="121.018947"><ele>642.0</ele></rtept><rtept lat="28.823827" lon="121.018915"><ele>642.0</ele></rtept><rtept lat="28.823815" lon="121.018882"><ele>641.8</ele></rtept><rtept lat="28.823805" lon="121.018847"><ele>641.4</ele></rtept><rtept lat="28.823787" lon="121.018817"><ele>641.0</ele></rtept><rtept lat="28.823772" lon="121.01879"><ele>639.6</ele></rtept><rtept lat="28.823755" lon="121.018757"><ele>639.0</ele></rtept><rtept lat="28.82374" lon="121.018722"><ele>638.2</ele></rtept><rtept lat="28.823725" lon="121.018692"><ele>637.4</ele></rtept><rtept lat="28.823712" lon="121.018667"><ele>637.0</ele></rtept><rtept lat="28.823702" lon="121.018637"><ele>636.4</ele></rtept><rtept lat="28.823695" lon="121.018607"><ele>635.4</ele></rtept><rtept lat="28.823687" lon="121.01858"><ele>634.2</ele></rtept><rtept lat="28.823675" lon="121.018547"><ele>633.2</ele></rtept><rtept lat="28.823662" lon="121.018517"><ele>632.0</ele></rtept><rtept lat="28.82365" lon="121.018497"><ele>631.2</ele></rtept><rtept lat="28.823637" lon="121.018472"><ele>630.6</ele></rtept><rtept lat="28.823625" lon="121.018437"><ele>629.6</ele></rtept><rtept lat="28.823607" lon="121.018407"><ele>629.0</ele></rtept><rtept lat="28.823597" lon="121.018365"><ele>627.6</ele></rtept><rtept lat="28.82359" lon="121.018322"><ele>626.8</ele></rtept><rtept lat="28.823585" lon="121.018282"><ele>626.0</ele></rtept><rtept lat="28.823577" lon="121.018247"><ele>625.4</ele></rtept><rtept lat="28.823572" lon="121.01822"><ele>624.6</ele></rtept><rtept lat="28.823572" lon="121.018187"><ele>624.0</ele></rtept><rtept lat="28.823572" lon="121.018142"><ele>623.0</ele></rtept><rtept lat="28.82358" lon="121.018097"><ele>622.8</ele></rtept><rtept lat="28.823592" lon="121.018055"><ele>622.2</ele></rtept><rtept lat="28.823602" lon="121.018022"><ele>620.2</ele></rtept><rtept lat="28.823605" lon="121.017987"><ele>620.2</ele></rtept><rtept lat="28.823612" lon="121.017942"><ele>619.0</ele></rtept><rtept lat="28.823617" lon="121.017905"><ele>618.8</ele></rtept><rtept lat="28.823622" lon="121.017872"><ele>618.2</ele></rtept><rtept lat="28.823632" lon="121.01784"><ele>617.0</ele></rtept><rtept lat="28.823642" lon="121.017807"><ele>616.4</ele></rtept><rtept lat="28.823652" lon="121.017772"><ele>615.8</ele></rtept><rtept lat="28.823657" lon="121.017742"><ele>615.0</ele></rtept><rtept lat="28.823657" lon="121.017707"><ele>614.0</ele></rtept><rtept lat="28.823662" lon="121.017667"><ele>613.0</ele></rtept><rtept lat="28.823677" lon="121.017637"><ele>612.2</ele></rtept><rtept lat="28.823697" lon="121.017612"><ele>611.4</ele></rtept><rtept lat="28.823708" lon="121.017592"><ele>610.4</ele></rtept><rtept lat="28.823717" lon="121.017572"><ele>609.8</ele></rtept><rtept lat="28.823717" lon="121.017552"><ele>609.2</ele></rtept><rtept lat="28.823727" lon="121.017525"><ele>608.8</ele></rtept><rtept lat="28.823732" lon="121.017495"><ele>608.0</ele></rtept><rtept lat="28.82374" lon="121.017462"><ele>606.8</ele></rtept><rtept lat="28.823757" lon="121.017437"><ele>605.6</ele></rtept><rtept lat="28.823777" lon="121.017415"><ele>605.0</ele></rtept><rtept lat="28.823795" lon="121.017392"><ele>604.0</ele></rtept><rtept lat="28.823817" lon="121.01737"><ele>602.8</ele></rtept><rtept lat="28.823835" lon="121.017352"><ele>602.4</ele></rtept><rtept lat="28.82385" lon="121.01734"><ele>602.4</ele></rtept><rtept lat="28.823867" lon="121.017327"><ele>601.8</ele></rtept><rtept lat="28.823882" lon="121.017312"><ele>601.2</ele></rtept><rtept lat="28.823897" lon="121.017295"><ele>600.6</ele></rtept><rtept lat="28.823917" lon="121.01728"><ele>600.0</ele></rtept><rtept lat="28.823927" lon="121.017265"><ele>599.2</ele></rtept><rtept lat="28.823927" lon="121.017257"><ele>597.4</ele></rtept><rtept lat="28.823912" lon="121.01724"><ele>595.8</ele></rtept><rtept lat="28.823898" lon="121.017227"><ele>595.4</ele></rtept><rtept lat="28.823887" lon="121.0172"><ele>594.0</ele></rtept><rtept lat="28.823892" lon="121.017177"><ele>593.0</ele></rtept><rtept lat="28.823902" lon="121.017147"><ele>592.4</ele></rtept><rtept lat="28.823917" lon="121.017117"><ele>592.4</ele></rtept><rtept lat="28.823932" lon="121.017087"><ele>590.8</ele></rtept><rtept lat="28.823947" lon="121.017067"><ele>589.6</ele></rtept><rtept lat="28.823965" lon="121.017042"><ele>589.2</ele></rtept><rtept lat="28.823972" lon="121.01701"><ele>588.8</ele></rtept><rtept lat="28.823982" lon="121.016985"><ele>588.6</ele></rtept><rtept lat="28.823987" lon="121.016952"><ele>588.0</ele></rtept><rtept lat="28.823992" lon="121.016917"><ele>587.4</ele></rtept><rtept lat="28.823997" lon="121.016877"><ele>587.0</ele></rtept><rtept lat="28.824002" lon="121.016847"><ele>586.4</ele></rtept><rtept lat="28.824002" lon="121.016822"><ele>585.4</ele></rtept><rtept lat="28.824007" lon="121.016802"><ele>584.6</ele></rtept><rtept lat="28.824017" lon="121.01678"><ele>583.6</ele></rtept><rtept lat="28.824027" lon="121.016755"><ele>583.0</ele></rtept><rtept lat="28.82404" lon="121.016727"><ele>582.8</ele></rtept><rtept lat="28.824042" lon="121.0167"><ele>582.0</ele></rtept><rtept lat="28.824045" lon="121.016672"><ele>581.0</ele></rtept><rtept lat="28.82405" lon="121.016642"><ele>580.6</ele></rtept><rtept lat="28.824052" lon="121.016607"><ele>580.0</ele></rtept><rtept lat="28.824057" lon="121.016582"><ele>580.0</ele></rtept><rtept lat="28.824057" lon="121.016552"><ele>579.6</ele></rtept><rtept lat="28.824062" lon="121.01652"><ele>578.2</ele></rtept><rtept lat="28.824062" lon="121.016482"><ele>578.2</ele></rtept><rtept lat="28.824067" lon="121.016447"><ele>577.2</ele></rtept><rtept lat="28.824072" lon="121.01641"><ele>576.4</ele></rtept><rtept lat="28.824072" lon="121.016372"><ele>575.8</ele></rtept><rtept lat="28.824075" lon="121.01634"><ele>575.6</ele></rtept><rtept lat="28.824075" lon="121.016307"><ele>575.2</ele></rtept><rtept lat="28.824077" lon="121.016272"><ele>575.0</ele></rtept><rtept lat="28.824082" lon="121.016237"><ele>574.6</ele></rtept><rtept lat="28.824082" lon="121.016207"><ele>573.6</ele></rtept><rtept lat="28.824087" lon="121.016175"><ele>572.8</ele></rtept><rtept lat="28.824092" lon="121.016147"><ele>572.8</ele></rtept><rtept lat="28.824105" lon="121.016127"><ele>571.6</ele></rtept><rtept lat="28.82412" lon="121.016107"><ele>571.2</ele></rtept><rtept lat="28.824135" lon="121.01608"><ele>570.8</ele></rtept><rtept lat="28.824147" lon="121.016052"><ele>570.0</ele></rtept><rtept lat="28.824162" lon="121.016027"><ele>569.4</ele></rtept><rtept lat="28.824175" lon="121.016007"><ele>568.6</ele></rtept><rtept lat="28.824187" lon="121.015982"><ele>568.4</ele></rtept><rtept lat="28.824197" lon="121.015957"><ele>567.2</ele></rtept><rtept lat="28.824202" lon="121.015923"><ele>566.4</ele></rtept><rtept lat="28.824207" lon="121.015892"><ele>565.6</ele></rtept><rtept lat="28.824212" lon="121.015857"><ele>565.0</ele></rtept><rtept lat="28.824217" lon="121.015827"><ele>564.4</ele></rtept><rtept lat="28.82423" lon="121.0158"><ele>563.2</ele></rtept><rtept lat="28.824242" lon="121.015772"><ele>562.4</ele></rtept><rtept lat="28.82425" lon="121.015745"><ele>561.6</ele></rtept><rtept lat="28.82426" lon="121.015715"><ele>560.8</ele></rtept><rtept lat="28.82427" lon="121.01569"><ele>559.6</ele></rtept><rtept lat="28.82428" lon="121.015662"><ele>559.6</ele></rtept><rtept lat="28.824285" lon="121.015642"><ele>558.8</ele></rtept><rtept lat="28.824292" lon="121.015622"><ele>558.8</ele></rtept><rtept lat="28.8243" lon="121.0156"><ele>557.8</ele></rtept><rtept lat="28.824312" lon="121.015572"><ele>557.0</ele></rtept><rtept lat="28.82433" lon="121.015552"><ele>556.0</ele></rtept><rtept lat="28.824347" lon="121.01553"><ele>555.6</ele></rtept><rtept lat="28.824362" lon="121.01551"><ele>554.6</ele></rtept><rtept lat="28.824372" lon="121.015482"><ele>553.4</ele></rtept><rtept lat="28.824382" lon="121.01545"><ele>553.2</ele></rtept><rtept lat="28.824392" lon="121.01542"><ele>552.2</ele></rtept><rtept lat="28.824405" lon="121.015392"><ele>550.8</ele></rtept><rtept lat="28.82441" lon="121.015365"><ele>550.2</ele></rtept><rtept lat="28.824412" lon="121.015342"><ele>549.4</ele></rtept><rtept lat="28.824417" lon="121.015315"><ele>549.0</ele></rtept><rtept lat="28.824415" lon="121.015285"><ele>548.4</ele></rtept><rtept lat="28.824412" lon="121.015255"><ele>547.6</ele></rtept><rtept lat="28.824415" lon="121.015217"><ele>546.8</ele></rtept><rtept lat="28.824417" lon="121.015177"><ele>545.4</ele></rtept><rtept lat="28.824427" lon="121.015142"><ele>544.4</ele></rtept><rtept lat="28.824437" lon="121.01511"><ele>543.4</ele></rtept><rtept lat="28.824445" lon="121.015077"><ele>542.6</ele></rtept><rtept lat="28.824462" lon="121.015052"><ele>542.6</ele></rtept><rtept lat="28.824477" lon="121.015022"><ele>542.6</ele></rtept><rtept lat="28.824497" lon="121.014997"><ele>542.6</ele></rtept><rtept lat="28.824512" lon="121.01497"><ele>541.8</ele></rtept><rtept lat="28.824525" lon="121.014942"><ele>540.8</ele></rtept><rtept lat="28.824535" lon="121.014912"><ele>540.6</ele></rtept><rtept lat="28.824542" lon="121.014882"><ele>540.6</ele></rtept><rtept lat="28.824547" lon="121.01486"><ele>540.2</ele></rtept><rtept lat="28.824552" lon="121.014827"><ele>539.4</ele></rtept><rtept lat="28.824565" lon="121.014792"><ele>538.2</ele></rtept><rtept lat="28.82458" lon="121.014747"><ele>538.2</ele></rtept><rtept lat="28.824592" lon="121.014717"><ele>537.6</ele></rtept><rtept lat="28.824612" lon="121.014687"><ele>536.8</ele></rtept><rtept lat="28.824637" lon="121.014657"><ele>536.4</ele></rtept><rtept lat="28.824667" lon="121.014635"><ele>536.4</ele></rtept><rtept lat="28.824692" lon="121.014617"><ele>536.2</ele></rtept><rtept lat="28.82471" lon="121.014595"><ele>536.0</ele></rtept><rtept lat="28.82472" lon="121.014573"><ele>535.8</ele></rtept><rtept lat="28.824728" lon="121.014555"><ele>535.2</ele></rtept><rtept lat="28.824745" lon="121.01453"><ele>535.0</ele></rtept><rtept lat="28.824765" lon="121.014505"><ele>534.0</ele></rtept><rtept lat="28.824795" lon="121.014485"><ele>532.6</ele></rtept><rtept lat="28.824817" lon="121.014467"><ele>531.6</ele></rtept><rtept lat="28.824837" lon="121.014455"><ele>531.0</ele></rtept><rtept lat="28.824852" lon="121.014442"><ele>530.8</ele></rtept><rtept lat="28.824867" lon="121.01442"><ele>530.6</ele></rtept><rtept lat="28.824872" lon="121.014392"><ele>530.2</ele></rtept><rtept lat="28.824867" lon="121.014362"><ele>530.2</ele></rtept><rtept lat="28.824857" lon="121.014335"><ele>530.4</ele></rtept><rtept lat="28.82485" lon="121.014307"><ele>530.4</ele></rtept><rtept lat="28.824842" lon="121.014282"><ele>530.2</ele></rtept><rtept lat="28.824837" lon="121.014252"><ele>530.2</ele></rtept><rtept lat="28.824837" lon="121.014217"><ele>530.2</ele></rtept><rtept lat="28.824837" lon="121.014178"><ele>530.4</ele></rtept><rtept lat="28.824852" lon="121.014145"><ele>530.4</ele></rtept><rtept lat="28.824862" lon="121.014102"><ele>530.2</ele></rtept><rtept lat="28.82487" lon="121.01407"><ele>530.2</ele></rtept><rtept lat="28.824882" lon="121.014045"><ele>530.2</ele></rtept><rtept lat="28.824902" lon="121.01402"><ele>530.2</ele></rtept><rtept lat="28.824917" lon="121.013992"><ele>529.8</ele></rtept><rtept lat="28.824942" lon="121.013962"><ele>529.8</ele></rtept><rtept lat="28.824962" lon="121.01394"><ele>530.0</ele></rtept><rtept lat="28.824977" lon="121.013915"><ele>530.0</ele></rtept><rtept lat="28.824997" lon="121.013885"><ele>529.6</ele></rtept><rtept lat="28.825012" lon="121.013857"><ele>529.6</ele></rtept><rtept lat="28.82502" lon="121.013827"><ele>529.8</ele></rtept><rtept lat="28.825022" lon="121.013797"><ele>530.2</ele></rtept><rtept lat="28.82503" lon="121.01377"><ele>530.2</ele></rtept><rtept lat="28.825032" lon="121.01374"><ele>530.2</ele></rtept><rtept lat="28.825027" lon="121.013712"><ele>529.6</ele></rtept><rtept lat="28.825027" lon="121.013685"><ele>529.2</ele></rtept><rtept lat="28.82503" lon="121.013647"><ele>528.8</ele></rtept><rtept lat="28.825037" lon="121.013612"><ele>527.8</ele></rtept><rtept lat="28.825055" lon="121.013572"><ele>526.8</ele></rtept><rtept lat="28.825072" lon="121.013537"><ele>525.6</ele></rtept><rtept lat="28.82509" lon="121.013502"><ele>524.8</ele></rtept><rtept lat="28.825102" lon="121.013477"><ele>523.8</ele></rtept><rtept lat="28.825112" lon="121.01345"><ele>523.4</ele></rtept><rtept lat="28.82512" lon="121.013422"><ele>523.0</ele></rtept><rtept lat="28.825122" lon="121.013392"><ele>522.6</ele></rtept><rtept lat="28.825117" lon="121.013362"><ele>522.0</ele></rtept><rtept lat="28.825112" lon="121.013327"><ele>521.4</ele></rtept><rtept lat="28.825102" lon="121.013297"><ele>520.8</ele></rtept><rtept lat="28.825102" lon="121.013262"><ele>520.4</ele></rtept><rtept lat="28.825095" lon="121.013227"><ele>519.4</ele></rtept><rtept lat="28.825097" lon="121.013193"><ele>518.0</ele></rtept><rtept lat="28.8251" lon="121.013157"><ele>517.2</ele></rtept><rtept lat="28.825107" lon="121.013122"><ele>516.2</ele></rtept><rtept lat="28.825117" lon="121.01309"><ele>515.6</ele></rtept><rtept lat="28.825127" lon="121.013052"><ele>513.8</ele></rtept><rtept lat="28.825137" lon="121.013017"><ele>513.8</ele></rtept><rtept lat="28.82515" lon="121.012982"><ele>513.0</ele></rtept><rtept lat="28.82517" lon="121.012952"><ele>512.4</ele></rtept><rtept lat="28.82519" lon="121.012925"><ele>511.6</ele></rtept><rtept lat="28.825207" lon="121.012892"><ele>510.0</ele></rtept><rtept lat="28.825235" lon="121.01286"><ele>509.4</ele></rtept><rtept lat="28.825265" lon="121.012832"><ele>509.0</ele></rtept><rtept lat="28.825297" lon="121.012807"><ele>508.2</ele></rtept><rtept lat="28.825327" lon="121.012785"><ele>507.0</ele></rtept><rtept lat="28.82536" lon="121.01275"><ele>506.2</ele></rtept><rtept lat="28.825382" lon="121.012725"><ele>506.0</ele></rtept><rtept lat="28.825402" lon="121.012697"><ele>505.8</ele></rtept><rtept lat="28.825417" lon="121.012658"><ele>505.0</ele></rtept><rtept lat="28.825432" lon="121.012627"><ele>504.6</ele></rtept><rtept lat="28.825445" lon="121.012602"><ele>504.6</ele></rtept><rtept lat="28.825457" lon="121.012572"><ele>504.8</ele></rtept><rtept lat="28.825462" lon="121.012552"><ele>504.8</ele></rtept><rtept lat="28.825472" lon="121.012532"><ele>504.8</ele></rtept><rtept lat="28.825487" lon="121.01251"><ele>504.4</ele></rtept><rtept lat="28.825502" lon="121.012485"><ele>504.4</ele></rtept><rtept lat="28.825527" lon="121.012462"><ele>504.2</ele></rtept><rtept lat="28.825547" lon="121.012437"><ele>504.0</ele></rtept><rtept lat="28.825572" lon="121.01241"><ele>503.2</ele></rtept><rtept lat="28.825597" lon="121.01239"><ele>502.8</ele></rtept><rtept lat="28.825622" lon="121.012372"><ele>502.2</ele></rtept><rtept lat="28.825652" lon="121.01236"><ele>501.4</ele></rtept><rtept lat="28.82569" lon="121.012352"><ele>500.6</ele></rtept><rtept lat="28.825725" lon="121.012347"><ele>499.8</ele></rtept><rtept lat="28.825762" lon="121.012342"><ele>499.8</ele></rtept><rtept lat="28.8258" lon="121.012342"><ele>498.2</ele></rtept><rtept lat="28.825832" lon="121.012342"><ele>498.2</ele></rtept><rtept lat="28.825867" lon="121.012352"><ele>498.2</ele></rtept><rtept lat="28.825902" lon="121.012362"><ele>497.8</ele></rtept><rtept lat="28.825935" lon="121.012372"><ele>497.8</ele></rtept><rtept lat="28.825967" lon="121.012392"><ele>497.0</ele></rtept><rtept lat="28.826002" lon="121.012412"><ele>496.4</ele></rtept><rtept lat="28.826037" lon="121.01243"><ele>496.0</ele></rtept><rtept lat="28.826077" lon="121.012445"><ele>495.2</ele></rtept><rtept lat="28.82611" lon="121.012447"><ele>495.0</ele></rtept><rtept lat="28.826135" lon="121.012442"><ele>494.0</ele></rtept><rtept lat="28.826157" lon="121.012437"><ele>493.6</ele></rtept><rtept lat="28.826172" lon="121.012427"><ele>493.6</ele></rtept><rtept lat="28.826182" lon="121.01241"><ele>493.6</ele></rtept><rtept lat="28.826197" lon="121.012382"><ele>493.6</ele></rtept><rtept lat="28.826217" lon="121.012362"><ele>493.4</ele></rtept><rtept lat="28.826235" lon="121.012347"><ele>493.4</ele></rtept><rtept lat="28.82626" lon="121.01233"><ele>493.6</ele></rtept><rtept lat="28.826287" lon="121.012312"><ele>493.6</ele></rtept><rtept lat="28.826315" lon="121.012297"><ele>494.2</ele></rtept><rtept lat="28.826342" lon="121.012282"><ele>494.2</ele></rtept><rtept lat="28.826372" lon="121.01227"><ele>493.8</ele></rtept><rtept lat="28.826397" lon="121.012255"><ele>493.8</ele></rtept><rtept lat="28.826422" lon="121.012237"><ele>493.8</ele></rtept><rtept lat="28.826442" lon="121.012222"><ele>494.0</ele></rtept><rtept lat="28.826462" lon="121.0122"><ele>494.2</ele></rtept><rtept lat="28.826477" lon="121.012175"><ele>494.2</ele></rtept><rtept lat="28.826495" lon="121.012137"><ele>494.6</ele></rtept><rtept lat="28.826517" lon="121.012105"><ele>494.6</ele></rtept><rtept lat="28.826537" lon="121.012075"><ele>494.0</ele></rtept><rtept lat="28.82656" lon="121.012045"><ele>493.2</ele></rtept><rtept lat="28.826582" lon="121.012012"><ele>493.2</ele></rtept><rtept lat="28.826597" lon="121.011983"><ele>493.2</ele></rtept><rtept lat="28.826615" lon="121.01196"><ele>493.0</ele></rtept><rtept lat="28.826632" lon="121.01193"><ele>492.6</ele></rtept><rtept lat="28.826652" lon="121.011907"><ele>492.2</ele></rtept><rtept lat="28.826667" lon="121.011887"><ele>491.4</ele></rtept><rtept lat="28.82668" lon="121.01187"><ele>491.2</ele></rtept><rtept lat="28.826687" lon="121.01185"><ele>490.6</ele></rtept><rtept lat="28.826697" lon="121.011822"><ele>489.8</ele></rtept><rtept lat="28.826702" lon="121.0118"><ele>488.6</ele></rtept><rtept lat="28.826715" lon="121.011777"><ele>487.8</ele></rtept><rtept lat="28.82673" lon="121.011757"><ele>486.8</ele></rtept><rtept lat="28.826752" lon="121.011742"><ele>485.8</ele></rtept><rtept lat="28.826777" lon="121.011737"><ele>484.6</ele></rtept><rtept lat="28.826807" lon="121.011742"><ele>483.6</ele></rtept><rtept lat="28.826835" lon="121.011745"><ele>482.2</ele></rtept><rtept lat="28.826862" lon="121.011752"><ele>481.8</ele></rtept><rtept lat="28.826882" lon="121.011757"><ele>480.6</ele></rtept><rtept lat="28.82691" lon="121.011762"><ele>479.2</ele></rtept><rtept lat="28.82694" lon="121.011767"><ele>478.0</ele></rtept><rtept lat="28.826965" lon="121.011772"><ele>476.8</ele></rtept><rtept lat="28.826992" lon="121.01177"><ele>476.0</ele></rtept><rtept lat="28.827012" lon="121.011762"><ele>474.6</ele></rtept><rtept lat="28.827035" lon="121.011758"><ele>473.4</ele></rtept><rtept lat="28.82706" lon="121.011752"><ele>472.0</ele></rtept><rtept lat="28.827085" lon="121.011745"><ele>471.0</ele></rtept><rtept lat="28.827107" lon="121.011735"><ele>470.4</ele></rtept><rtept lat="28.827127" lon="121.011725"><ele>468.8</ele></rtept><rtept lat="28.827147" lon="121.011717"><ele>467.4</ele></rtept><rtept lat="28.827167" lon="121.01171"><ele>465.6</ele></rtept><rtept lat="28.827192" lon="121.011702"><ele>465.6</ele></rtept><rtept lat="28.827225" lon="121.011697"><ele>464.6</ele></rtept><rtept lat="28.827255" lon="121.011697"><ele>464.0</ele></rtept><rtept lat="28.827282" lon="121.011695"><ele>462.8</ele></rtept><rtept lat="28.827312" lon="121.011692"><ele>461.2</ele></rtept><rtept lat="28.827332" lon="121.011687"><ele>460.4</ele></rtept><rtept lat="28.827355" lon="121.011687"><ele>459.6</ele></rtept><rtept lat="28.827372" lon="121.01168"><ele>458.8</ele></rtept><rtept lat="28.827392" lon="121.011665"><ele>457.8</ele></rtept><rtept lat="28.82741" lon="121.01165"><ele>457.4</ele></rtept><rtept lat="28.827425" lon="121.011637"><ele>456.4</ele></rtept><rtept lat="28.82744" lon="121.011617"><ele>454.6</ele></rtept><rtept lat="28.827462" lon="121.011602"><ele>453.8</ele></rtept><rtept lat="28.827487" lon="121.011585"><ele>452.4</ele></rtept><rtept lat="28.827507" lon="121.01157"><ele>451.2</ele></rtept><rtept lat="28.827535" lon="121.011557"><ele>450.2</ele></rtept><rtept lat="28.82756" lon="121.011555"><ele>449.2</ele></rtept><rtept lat="28.827587" lon="121.011555"><ele>448.4</ele></rtept><rtept lat="28.827615" lon="121.01156"><ele>447.2</ele></rtept><rtept lat="28.827642" lon="121.011567"><ele>446.0</ele></rtept><rtept lat="28.827657" lon="121.01158"><ele>445.2</ele></rtept><rtept lat="28.827677" lon="121.011592"><ele>444.0</ele></rtept><rtept lat="28.827697" lon="121.011605"><ele>443.2</ele></rtept><rtept lat="28.827717" lon="121.011632"><ele>442.0</ele></rtept><rtept lat="28.827732" lon="121.011662"><ele>441.2</ele></rtept><rtept lat="28.827747" lon="121.011687"><ele>440.4</ele></rtept><rtept lat="28.827765" lon="121.011707"><ele>439.4</ele></rtept><rtept lat="28.82778" lon="121.011732"><ele>438.4</ele></rtept><rtept lat="28.827797" lon="121.011758"><ele>437.6</ele></rtept><rtept lat="28.82781" lon="121.011787"><ele>436.2</ele></rtept><rtept lat="28.827822" lon="121.01181"><ele>436.2</ele></rtept><rtept lat="28.827837" lon="121.011832"><ele>435.4</ele></rtept><rtept lat="28.82785" lon="121.011852"><ele>434.2</ele></rtept><rtept lat="28.827867" lon="121.011872"><ele>433.8</ele></rtept><rtept lat="28.827887" lon="121.011895"><ele>432.8</ele></rtept><rtept lat="28.827912" lon="121.01191"><ele>431.6</ele></rtept><rtept lat="28.827937" lon="121.011922"><ele>430.6</ele></rtept><rtept lat="28.82796" lon="121.01193"><ele>429.8</ele></rtept><rtept lat="28.827987" lon="121.011932"><ele>429.4</ele></rtept><rtept lat="28.828012" lon="121.011947"><ele>428.2</ele></rtept><rtept lat="28.828042" lon="121.011967"><ele>427.2</ele></rtept><rtept lat="28.828067" lon="121.011983"><ele>426.8</ele></rtept><rtept lat="28.828092" lon="121.012002"><ele>426.4</ele></rtept><rtept lat="28.828117" lon="121.012015"><ele>426.2</ele></rtept><rtept lat="28.828137" lon="121.012017"><ele>425.6</ele></rtept><rtept lat="28.828157" lon="121.012007"><ele>424.8</ele></rtept><rtept lat="28.828172" lon="121.011992"><ele>424.6</ele></rtept><rtept lat="28.828197" lon="121.011962"><ele>424.4</ele></rtept><rtept lat="28.828212" lon="121.011932"><ele>423.6</ele></rtept><rtept lat="28.828217" lon="121.011905"><ele>423.2</ele></rtept><rtept lat="28.828222" lon="121.011877"><ele>422.2</ele></rtept><rtept lat="28.828232" lon="121.011847"><ele>421.8</ele></rtept><rtept lat="28.828247" lon="121.01182"><ele>421.4</ele></rtept><rtept lat="28.828253" lon="121.011797"><ele>420.8</ele></rtept><rtept lat="28.828267" lon="121.011767"><ele>419.8</ele></rtept><rtept lat="28.828287" lon="121.011742"><ele>419.2</ele></rtept><rtept lat="28.8283" lon="121.011722"><ele>418.6</ele></rtept><rtept lat="28.828315" lon="121.011707"><ele>418.0</ele></rtept><rtept lat="28.828332" lon="121.01169"><ele>416.2</ele></rtept><rtept lat="28.828352" lon="121.011672"><ele>416.2</ele></rtept><rtept lat="28.828372" lon="121.011657"><ele>415.2</ele></rtept><rtept lat="28.828385" lon="121.011642"><ele>414.4</ele></rtept><rtept lat="28.828402" lon="121.011627"><ele>413.4</ele></rtept><rtept lat="28.828417" lon="121.011607"><ele>413.0</ele></rtept><rtept lat="28.828437" lon="121.011582"><ele>412.2</ele></rtept><rtept lat="28.828455" lon="121.01156"><ele>411.0</ele></rtept><rtept lat="28.828475" lon="121.011542"><ele>410.2</ele></rtept><rtept lat="28.828492" lon="121.011527"><ele>409.4</ele></rtept><rtept lat="28.82851" lon="121.01151"><ele>409.0</ele></rtept><rtept lat="28.828527" lon="121.011485"><ele>408.2</ele></rtept><rtept lat="28.828542" lon="121.011462"><ele>407.8</ele></rtept><rtept lat="28.828562" lon="121.011447"><ele>407.2</ele></rtept><rtept lat="28.828587" lon="121.01143"><ele>405.8</ele></rtept><rtept lat="28.828612" lon="121.011415"><ele>405.2</ele></rtept><rtept lat="28.828637" lon="121.0114"><ele>404.0</ele></rtept><rtept lat="28.828665" lon="121.011385"><ele>403.0</ele></rtept><rtept lat="28.828697" lon="121.011387"><ele>402.6</ele></rtept><rtept lat="28.82873" lon="121.0114"><ele>401.4</ele></rtept><rtept lat="28.828757" lon="121.011412"><ele>400.6</ele></rtept><rtept lat="28.828782" lon="121.011432"><ele>399.8</ele></rtept><rtept lat="28.828812" lon="121.011457"><ele>398.8</ele></rtept><rtept lat="28.82884" lon="121.011475"><ele>397.8</ele></rtept><rtept lat="28.828875" lon="121.011485"><ele>397.4</ele></rtept><rtept lat="28.828902" lon="121.01149"><ele>396.0</ele></rtept><rtept lat="28.828937" lon="121.011497"><ele>395.2</ele></rtept><rtept lat="28.828967" lon="121.011505"><ele>394.8</ele></rtept><rtept lat="28.828997" lon="121.011517"><ele>394.4</ele></rtept><rtept lat="28.829025" lon="121.011532"><ele>393.2</ele></rtept><rtept lat="28.829048" lon="121.011557"><ele>391.6</ele></rtept><rtept lat="28.829072" lon="121.011582"><ele>391.6</ele></rtept><rtept lat="28.829097" lon="121.011607"><ele>390.8</ele></rtept><rtept lat="28.829122" lon="121.01163"><ele>389.4</ele></rtept><rtept lat="28.829147" lon="121.011647"><ele>388.6</ele></rtept><rtept lat="28.829177" lon="121.011662"><ele>388.4</ele></rtept><rtept lat="28.829197" lon="121.011665"><ele>388.4</ele></rtept><rtept lat="28.829222" lon="121.011662"><ele>388.2</ele></rtept><rtept lat="28.829247" lon="121.011657"><ele>387.8</ele></rtept><rtept lat="28.829267" lon="121.011647"><ele>387.6</ele></rtept><rtept lat="28.829285" lon="121.011637"><ele>387.0</ele></rtept><rtept lat="28.829302" lon="121.01163"><ele>386.2</ele></rtept><rtept lat="28.829322" lon="121.011627"><ele>385.6</ele></rtept><rtept lat="28.829342" lon="121.011615"><ele>385.2</ele></rtept><rtept lat="28.829362" lon="121.011602"><ele>384.4</ele></rtept><rtept lat="28.829367" lon="121.011582"><ele>383.6</ele></rtept><rtept lat="28.829377" lon="121.011552"><ele>383.8</ele></rtept><rtept lat="28.829387" lon="121.011512"><ele>384.0</ele></rtept><rtept lat="28.829392" lon="121.011482"><ele>384.2</ele></rtept><rtept lat="28.829392" lon="121.011447"><ele>384.2</ele></rtept><rtept lat="28.829402" lon="121.011412"><ele>383.4</ele></rtept><rtept lat="28.829412" lon="121.011392"><ele>383.2</ele></rtept><rtept lat="28.829425" lon="121.011372"><ele>382.4</ele></rtept><rtept lat="28.829437" lon="121.011337"><ele>381.8</ele></rtept><rtept lat="28.829442" lon="121.011312"><ele>381.8</ele></rtept><rtept lat="28.829447" lon="121.01128"><ele>381.4</ele></rtept><rtept lat="28.829452" lon="121.01125"><ele>381.2</ele></rtept><rtept lat="28.829452" lon="121.011222"><ele>381.0</ele></rtept><rtept lat="28.829447" lon="121.011192"><ele>380.4</ele></rtept><rtept lat="28.829445" lon="121.011167"><ele>380.2</ele></rtept><rtept lat="28.829442" lon="121.011142"><ele>379.4</ele></rtept><rtept lat="28.829442" lon="121.011112"><ele>378.8</ele></rtept><rtept lat="28.82945" lon="121.011077"><ele>378.8</ele></rtept><rtept lat="28.829457" lon="121.011037"><ele>378.8</ele></rtept><rtept lat="28.829463" lon="121.010995"><ele>378.6</ele></rtept><rtept lat="28.82947" lon="121.010947"><ele>377.6</ele></rtept><rtept lat="28.829477" lon="121.010905"><ele>376.4</ele></rtept><rtept lat="28.829492" lon="121.010867"><ele>375.6</ele></rtept><rtept lat="28.82951" lon="121.010837"><ele>375.4</ele></rtept><rtept lat="28.82953" lon="121.01081"><ele>375.2</ele></rtept><rtept lat="28.829552" lon="121.010785"><ele>374.2</ele></rtept><rtept lat="28.829577" lon="121.010757"><ele>373.4</ele></rtept><rtept lat="28.829605" lon="121.01073"><ele>372.4</ele></rtept><rtept lat="28.829632" lon="121.010707"><ele>371.8</ele></rtept><rtept lat="28.829662" lon="121.010682"><ele>371.6</ele></rtept><rtept lat="28.829697" lon="121.010657"><ele>370.6</ele></rtept><rtept lat="28.82973" lon="121.010637"><ele>370.0</ele></rtept><rtept lat="28.829757" lon="121.010615"><ele>369.4</ele></rtept><rtept lat="28.829787" lon="121.010595"><ele>369.0</ele></rtept><rtept lat="28.829817" lon="121.010572"><ele>368.4</ele></rtept><rtept lat="28.829842" lon="121.010557"><ele>368.0</ele></rtept><rtept lat="28.829872" lon="121.01054"><ele>368.0</ele></rtept><rtept lat="28.829902" lon="121.010517"><ele>367.2</ele></rtept><rtept lat="28.829935" lon="121.010492"><ele>366.4</ele></rtept><rtept lat="28.829965" lon="121.01047"><ele>366.4</ele></rtept><rtept lat="28.829987" lon="121.010437"><ele>365.6</ele></rtept><rtept lat="28.830012" lon="121.010407"><ele>364.8</ele></rtept><rtept lat="28.830032" lon="121.010375"><ele>364.8</ele></rtept><rtept lat="28.830047" lon="121.01034"><ele>364.6</ele></rtept><rtept lat="28.830067" lon="121.010307"><ele>364.4</ele></rtept><rtept lat="28.83009" lon="121.010277"><ele>363.8</ele></rtept><rtept lat="28.83012" lon="121.01025"><ele>363.6</ele></rtept><rtept lat="28.830155" lon="121.01023"><ele>363.4</ele></rtept><rtept lat="28.830187" lon="121.010215"><ele>363.0</ele></rtept><rtept lat="28.830215" lon="121.010192"><ele>363.0</ele></rtept><rtept lat="28.830235" lon="121.010165"><ele>362.8</ele></rtept><rtept lat="28.830252" lon="121.01013"><ele>362.8</ele></rtept><rtept lat="28.830267" lon="121.010092"><ele>362.8</ele></rtept><rtept lat="28.830282" lon="121.010055"><ele>362.4</ele></rtept><rtept lat="28.830292" lon="121.01002"><ele>362.4</ele></rtept><rtept lat="28.830307" lon="121.009982"><ele>362.0</ele></rtept><rtept lat="28.830322" lon="121.00995"><ele>361.8</ele></rtept><rtept lat="28.830337" lon="121.00992"><ele>361.8</ele></rtept><rtept lat="28.830362" lon="121.009895"><ele>361.8</ele></rtept><rtept lat="28.830387" lon="121.00987"><ele>361.8</ele></rtept><rtept lat="28.830407" lon="121.00984"><ele>361.6</ele></rtept><rtept lat="28.830435" lon="121.009812"><ele>361.6</ele></rtept><rtept lat="28.830462" lon="121.009782"><ele>361.4</ele></rtept><rtept lat="28.830492" lon="121.009757"><ele>361.4</ele></rtept><rtept lat="28.830522" lon="121.009727"><ele>361.2</ele></rtept><rtept lat="28.830557" lon="121.009703"><ele>361.0</ele></rtept><rtept lat="28.830592" lon="121.009687"><ele>360.6</ele></rtept><rtept lat="28.830627" lon="121.009675"><ele>360.2</ele></rtept><rtept lat="28.830662" lon="121.009672"><ele>360.0</ele></rtept><rtept lat="28.830697" lon="121.009677"><ele>360.0</ele></rtept><rtept lat="28.830732" lon="121.009672"><ele>359.8</ele></rtept><rtept lat="28.830765" lon="121.009665"><ele>359.8</ele></rtept><rtept lat="28.830792" lon="121.009642"><ele>359.8</ele></rtept><rtept lat="28.830812" lon="121.009617"><ele>359.4</ele></rtept><rtept lat="28.830827" lon="121.009595"><ele>359.2</ele></rtept><rtept lat="28.830832" lon="121.00957"><ele>359.2</ele></rtept><rtept lat="28.830832" lon="121.009537"><ele>359.0</ele></rtept><rtept lat="28.830835" lon="121.009502"><ele>358.8</ele></rtept><rtept lat="28.830837" lon="121.009462"><ele>358.6</ele></rtept><rtept lat="28.830845" lon="121.009422"><ele>358.4</ele></rtept><rtept lat="28.830852" lon="121.009387"><ele>358.2</ele></rtept><rtept lat="28.830867" lon="121.00935"><ele>358.4</ele></rtept><rtept lat="28.830885" lon="121.009317"><ele>358.2</ele></rtept><rtept lat="28.8309" lon="121.009292"><ele>358.2</ele></rtept><rtept lat="28.830912" lon="121.009257"><ele>357.8</ele></rtept><rtept lat="28.830917" lon="121.009217"><ele>357.6</ele></rtept><rtept lat="28.830915" lon="121.009182"><ele>357.6</ele></rtept><rtept lat="28.830912" lon="121.009142"><ele>357.6</ele></rtept><rtept lat="28.830912" lon="121.009107"><ele>357.2</ele></rtept><rtept lat="28.830912" lon="121.009072"><ele>357.0</ele></rtept><rtept lat="28.830912" lon="121.009028"><ele>357.0</ele></rtept><rtept lat="28.830917" lon="121.008987"><ele>357.2</ele></rtept><rtept lat="28.830927" lon="121.008952"><ele>357.2</ele></rtept><rtept lat="28.83094" lon="121.008912"><ele>357.0</ele></rtept><rtept lat="28.830952" lon="121.008872"><ele>356.6</ele></rtept><rtept lat="28.830967" lon="121.00883"><ele>355.8</ele></rtept><rtept lat="28.830983" lon="121.008787"><ele>355.4</ele></rtept><rtept lat="28.831002" lon="121.008757"><ele>355.6</ele></rtept><rtept lat="28.831035" lon="121.008718"><ele>355.0</ele></rtept><rtept lat="28.831067" lon="121.008687"><ele>355.0</ele></rtept><rtept lat="28.831105" lon="121.008657"><ele>354.2</ele></rtept><rtept lat="28.831145" lon="121.008632"><ele>353.6</ele></rtept><rtept lat="28.831182" lon="121.008617"><ele>353.6</ele></rtept><rtept lat="28.831222" lon="121.008602"><ele>353.4</ele></rtept><rtept lat="28.831262" lon="121.008597"><ele>352.8</ele></rtept><rtept lat="28.8313" lon="121.008592"><ele>352.4</ele></rtept><rtept lat="28.831342" lon="121.008587"><ele>352.4</ele></rtept><rtept lat="28.831377" lon="121.008582"><ele>352.2</ele></rtept><rtept lat="28.831415" lon="121.008575"><ele>352.0</ele></rtept><rtept lat="28.831452" lon="121.008562"><ele>351.4</ele></rtept><rtept lat="28.831492" lon="121.008555"><ele>351.4</ele></rtept><rtept lat="28.831527" lon="121.008547"><ele>351.0</ele></rtept><rtept lat="28.83157" lon="121.008545"><ele>351.0</ele></rtept><rtept lat="28.831607" lon="121.008547"><ele>350.6</ele></rtept><rtept lat="28.831642" lon="121.008562"><ele>350.6</ele></rtept><rtept lat="28.831672" lon="121.008575"><ele>350.4</ele></rtept><rtept lat="28.831697" lon="121.008585"><ele>350.2</ele></rtept><rtept lat="28.831725" lon="121.008587"><ele>349.8</ele></rtept><rtept lat="28.831742" lon="121.008575"><ele>349.4</ele></rtept><rtept lat="28.831757" lon="121.00855"><ele>349.2</ele></rtept><rtept lat="28.831772" lon="121.008522"><ele>349.0</ele></rtept><rtept lat="28.83179" lon="121.008492"><ele>348.8</ele></rtept><rtept lat="28.831807" lon="121.00846"><ele>348.4</ele></rtept><rtept lat="28.831822" lon="121.008427"><ele>347.6</ele></rtept><rtept lat="28.831827" lon="121.00839"><ele>347.2</ele></rtept><rtept lat="28.831825" lon="121.008347"><ele>346.2</ele></rtept><rtept lat="28.831807" lon="121.008312"><ele>345.4</ele></rtept><rtept lat="28.831787" lon="121.008272"><ele>344.8</ele></rtept><rtept lat="28.831777" lon="121.00823"><ele>344.0</ele></rtept><rtept lat="28.83177" lon="121.00819"><ele>344.0</ele></rtept><rtept lat="28.831772" lon="121.008147"><ele>343.6</ele></rtept><rtept lat="28.831785" lon="121.008097"><ele>343.6</ele></rtept><rtept lat="28.831805" lon="121.00805"><ele>343.4</ele></rtept><rtept lat="28.831827" lon="121.008007"><ele>342.8</ele></rtept><rtept lat="28.831852" lon="121.007975"><ele>342.2</ele></rtept><rtept lat="28.83188" lon="121.007942"><ele>342.2</ele></rtept><rtept lat="28.831907" lon="121.007917"><ele>342.0</ele></rtept><rtept lat="28.831932" lon="121.007892"><ele>341.8</ele></rtept><rtept lat="28.831957" lon="121.00787"><ele>341.4</ele></rtept><rtept lat="28.831982" lon="121.007845"><ele>341.4</ele></rtept><rtept lat="28.832012" lon="121.007822"><ele>341.4</ele></rtept><rtept lat="28.832042" lon="121.007797"><ele>341.2</ele></rtept><rtept lat="28.83207" lon="121.007775"><ele>341.0</ele></rtept><rtept lat="28.8321" lon="121.00776"><ele>340.8</ele></rtept><rtept lat="28.832137" lon="121.00776"><ele>340.8</ele></rtept><rtept lat="28.83217" lon="121.007772"><ele>340.8</ele></rtept><rtept lat="28.832197" lon="121.007792"><ele>341.0</ele></rtept><rtept lat="28.832222" lon="121.007822"><ele>341.0</ele></rtept><rtept lat="28.832242" lon="121.007857"><ele>340.2</ele></rtept><rtept lat="28.832267" lon="121.00789"><ele>340.0</ele></rtept><rtept lat="28.832287" lon="121.007922"><ele>340.0</ele></rtept><rtept lat="28.832305" lon="121.00796"><ele>339.8</ele></rtept><rtept lat="28.832327" lon="121.007997"><ele>339.6</ele></rtept><rtept lat="28.832352" lon="121.008042"><ele>339.4</ele></rtept><rtept lat="28.832377" lon="121.008082"><ele>339.0</ele></rtept><rtept lat="28.832395" lon="121.008122"><ele>338.0</ele></rtept><rtept lat="28.832412" lon="121.00816"><ele>337.8</ele></rtept><rtept lat="28.832427" lon="121.008197"><ele>337.6</ele></rtept><rtept lat="28.832445" lon="121.008232"><ele>337.4</ele></rtept><rtept lat="28.832467" lon="121.008267"><ele>337.4</ele></rtept><rtept lat="28.832497" lon="121.008292"><ele>337.0</ele></rtept><rtept lat="28.832527" lon="121.008312"><ele>336.6</ele></rtept><rtept lat="28.832562" lon="121.008327"><ele>336.6</ele></rtept><rtept lat="28.832592" lon="121.008342"><ele>336.6</ele></rtept><rtept lat="28.832617" lon="121.008357"><ele>336.6</ele></rtept><rtept lat="28.832642" lon="121.008377"><ele>336.6</ele></rtept><rtept lat="28.83267" lon="121.008387"><ele>336.6</ele></rtept><rtept lat="28.8327" lon="121.008402"><ele>336.6</ele></rtept><rtept lat="28.832725" lon="121.008417"><ele>336.6</ele></rtept><rtept lat="28.832752" lon="121.00843"><ele>336.6</ele></rtept><rtept lat="28.832782" lon="121.008445"><ele>336.6</ele></rtept><rtept lat="28.832817" lon="121.008462"><ele>336.8</ele></rtept><rtept lat="28.83285" lon="121.008482"><ele>336.8</ele></rtept><rtept lat="28.832877" lon="121.008497"><ele>336.8</ele></rtept><rtept lat="28.83291" lon="121.008515"><ele>336.6</ele></rtept><rtept lat="28.832937" lon="121.008532"><ele>336.4</ele></rtept><rtept lat="28.832965" lon="121.008542"><ele>336.4</ele></rtept><rtept lat="28.832995" lon="121.008547"><ele>336.4</ele></rtept><rtept lat="28.833027" lon="121.008557"><ele>336.4</ele></rtept><rtept lat="28.833057" lon="121.008567"><ele>336.4</ele></rtept><rtept lat="28.833092" lon="121.008575"><ele>336.6</ele></rtept><rtept lat="28.833127" lon="121.008585"><ele>336.4</ele></rtept><rtept lat="28.833157" lon="121.008602"><ele>336.4</ele></rtept><rtept lat="28.833187" lon="121.008617"><ele>336.0</ele></rtept><rtept lat="28.833222" lon="121.008635"><ele>335.6</ele></rtept><rtept lat="28.833257" lon="121.008655"><ele>335.6</ele></rtept><rtept lat="28.833287" lon="121.008672"><ele>336.0</ele></rtept><rtept lat="28.833312" lon="121.008692"><ele>336.0</ele></rtept><rtept lat="28.833345" lon="121.008717"><ele>335.4</ele></rtept><rtept lat="28.833377" lon="121.00874"><ele>335.2</ele></rtept><rtept lat="28.833407" lon="121.008757"><ele>335.2</ele></rtept><rtept lat="28.83344" lon="121.008777"><ele>334.4</ele></rtept><rtept lat="28.83347" lon="121.008792"><ele>333.8</ele></rtept><rtept lat="28.833502" lon="121.008803"><ele>333.8</ele></rtept><rtept lat="28.833535" lon="121.008817"><ele>334.2</ele></rtept><rtept lat="28.833562" lon="121.00882"><ele>334.2</ele></rtept><rtept lat="28.83359" lon="121.00882"><ele>334.0</ele></rtept><rtept lat="28.83362" lon="121.008815"><ele>333.6</ele></rtept><rtept lat="28.833647" lon="121.008815"><ele>333.6</ele></rtept><rtept lat="28.833672" lon="121.00881"><ele>333.6</ele></rtept><rtept lat="28.833697" lon="121.0088"><ele>333.6</ele></rtept><rtept lat="28.833727" lon="121.00879"><ele>333.6</ele></rtept><rtept lat="28.833757" lon="121.00878"><ele>333.6</ele></rtept><rtept lat="28.833787" lon="121.008777"><ele>333.4</ele></rtept><rtept lat="28.833827" lon="121.008777"><ele>333.2</ele></rtept><rtept lat="28.833862" lon="121.00877"><ele>333.2</ele></rtept><rtept lat="28.833895" lon="121.008757"><ele>333.2</ele></rtept><rtept lat="28.83393" lon="121.008732"><ele>333.0</ele></rtept><rtept lat="28.833962" lon="121.008715"><ele>333.0</ele></rtept><rtept lat="28.833992" lon="121.008697"><ele>333.0</ele></rtept><rtept lat="28.834025" lon="121.008677"><ele>332.4</ele></rtept><rtept lat="28.83406" lon="121.00866"><ele>332.4</ele></rtept><rtept lat="28.834092" lon="121.008647"><ele>332.4</ele></rtept><rtept lat="28.834127" lon="121.008637"><ele>332.4</ele></rtept><rtept lat="28.834162" lon="121.008627"><ele>332.2</ele></rtept><rtept lat="28.834202" lon="121.008615"><ele>332.2</ele></rtept><rtept lat="28.834232" lon="121.008597"><ele>332.0</ele></rtept><rtept lat="28.834265" lon="121.008577"><ele>332.2</ele></rtept><rtept lat="28.834297" lon="121.008562"><ele>332.2</ele></rtept><rtept lat="28.834327" lon="121.008545"><ele>332.2</ele></rtept><rtept lat="28.834353" lon="121.00853"><ele>331.6</ele></rtept><rtept lat="28.834392" lon="121.008522"><ele>331.4</ele></rtept><rtept lat="28.834427" lon="121.008522"><ele>331.4</ele></rtept><rtept lat="28.834457" lon="121.008527"><ele>331.2</ele></rtept><rtept lat="28.834492" lon="121.008547"><ele>330.8</ele></rtept><rtept lat="28.834525" lon="121.00857"><ele>330.4</ele></rtept><rtept lat="28.834562" lon="121.008602"><ele>330.0</ele></rtept><rtept lat="28.834597" lon="121.008627"><ele>329.8</ele></rtept><rtept lat="28.834637" lon="121.00864"><ele>329.6</ele></rtept><rtept lat="28.834677" lon="121.008642"><ele>329.0</ele></rtept><rtept lat="28.834712" lon="121.008642"><ele>328.4</ele></rtept><rtept lat="28.834745" lon="121.00863"><ele>328.2</ele></rtept><rtept lat="28.83478" lon="121.008615"><ele>328.0</ele></rtept><rtept lat="28.834812" lon="121.008597"><ele>327.8</ele></rtept><rtept lat="28.834842" lon="121.008575"><ele>327.4</ele></rtept><rtept lat="28.834872" lon="121.008555"><ele>326.8</ele></rtept><rtept lat="28.8349" lon="121.008535"><ele>326.4</ele></rtept><rtept lat="28.834927" lon="121.008515"><ele>326.0</ele></rtept><rtept lat="28.834955" lon="121.008493"><ele>325.4</ele></rtept><rtept lat="28.834985" lon="121.00848"><ele>325.4</ele></rtept><rtept lat="28.835017" lon="121.00847"><ele>325.2</ele></rtept><rtept lat="28.83505" lon="121.00846"><ele>325.2</ele></rtept><rtept lat="28.835085" lon="121.008452"><ele>324.8</ele></rtept><rtept lat="28.835117" lon="121.008447"><ele>324.8</ele></rtept><rtept lat="28.835152" lon="121.008452"><ele>324.6</ele></rtept><rtept lat="28.835187" lon="121.008467"><ele>324.4</ele></rtept><rtept lat="28.835217" lon="121.008487"><ele>324.2</ele></rtept><rtept lat="28.835252" lon="121.008502"><ele>323.8</ele></rtept><rtept lat="28.835282" lon="121.008512"><ele>323.4</ele></rtept><rtept lat="28.835312" lon="121.008527"><ele>323.4</ele></rtept><rtept lat="28.835345" lon="121.008542"><ele>323.0</ele></rtept><rtept lat="28.835372" lon="121.008552"><ele>322.8</ele></rtept><rtept lat="28.835402" lon="121.00856"><ele>322.8</ele></rtept><rtept lat="28.835435" lon="121.008562"><ele>322.8</ele></rtept><rtept lat="28.835467" lon="121.008555"><ele>322.8</ele></rtept><rtept lat="28.835502" lon="121.008545"><ele>322.8</ele></rtept><rtept lat="28.835537" lon="121.008537"><ele>321.8</ele></rtept><rtept lat="28.835572" lon="121.008525"><ele>321.6</ele></rtept><rtept lat="28.835602" lon="121.008512"><ele>321.6</ele></rtept><rtept lat="28.835637" lon="121.008505"><ele>321.4</ele></rtept><rtept lat="28.835672" lon="121.008505"><ele>320.2</ele></rtept><rtept lat="28.835705" lon="121.008507"><ele>320.0</ele></rtept><rtept lat="28.83574" lon="121.008505"><ele>319.4</ele></rtept><rtept lat="28.835775" lon="121.008502"><ele>318.8</ele></rtept><rtept lat="28.835812" lon="121.0085"><ele>318.0</ele></rtept><rtept lat="28.83585" lon="121.00851"><ele>317.4</ele></rtept><rtept lat="28.835882" lon="121.008532"><ele>316.6</ele></rtept><rtept lat="28.835912" lon="121.008562"><ele>315.4</ele></rtept><rtept lat="28.835935" lon="121.008592"><ele>314.8</ele></rtept><rtept lat="28.835955" lon="121.008622"><ele>314.0</ele></rtept><rtept lat="28.835972" lon="121.00865"><ele>314.0</ele></rtept><rtept lat="28.83599" lon="121.008677"><ele>313.6</ele></rtept><rtept lat="28.836002" lon="121.00871"><ele>312.8</ele></rtept><rtept lat="28.83601" lon="121.008737"><ele>311.8</ele></rtept><rtept lat="28.83602" lon="121.00876"><ele>310.2</ele></rtept><rtept lat="28.836037" lon="121.008772"><ele>308.6</ele></rtept><rtept lat="28.836062" lon="121.008765"><ele>307.4</ele></rtept><rtept lat="28.836092" lon="121.008757"><ele>306.6</ele></rtept><rtept lat="28.836125" lon="121.008747"><ele>305.0</ele></rtept><rtept lat="28.836157" lon="121.008742"><ele>305.0</ele></rtept><rtept lat="28.836192" lon="121.008742"><ele>304.8</ele></rtept><rtept lat="28.836227" lon="121.008737"><ele>304.2</ele></rtept><rtept lat="28.836262" lon="121.008737"><ele>304.2</ele></rtept><rtept lat="28.8363" lon="121.00874"><ele>303.6</ele></rtept><rtept lat="28.83633" lon="121.008737"><ele>303.2</ele></rtept><rtept lat="28.836362" lon="121.008735"><ele>302.6</ele></rtept><rtept lat="28.836387" lon="121.008747"><ele>301.2</ele></rtept><rtept lat="28.836407" lon="121.008772"><ele>300.8</ele></rtept><rtept lat="28.836417" lon="121.008802"><ele>300.8</ele></rtept><rtept lat="28.836432" lon="121.008837"><ele>299.6</ele></rtept><rtept lat="28.836457" lon="121.008862"><ele>298.8</ele></rtept><rtept lat="28.836482" lon="121.008867"><ele>297.8</ele></rtept><rtept lat="28.836507" lon="121.008865"><ele>296.2</ele></rtept><rtept lat="28.836537" lon="121.00885"><ele>295.6</ele></rtept><rtept lat="28.836562" lon="121.00883"><ele>295.6</ele></rtept><rtept lat="28.83659" lon="121.008812"><ele>295.4</ele></rtept><rtept lat="28.836615" lon="121.008797"><ele>295.2</ele></rtept><rtept lat="28.836642" lon="121.008787"><ele>295.2</ele></rtept><rtept lat="28.836672" lon="121.008782"><ele>295.2</ele></rtept><rtept lat="28.836697" lon="121.008782"><ele>295.6</ele></rtept><rtept lat="28.836727" lon="121.008782"><ele>295.8</ele></rtept><rtept lat="28.836755" lon="121.008785"><ele>295.8</ele></rtept><rtept lat="28.836782" lon="121.008785"><ele>295.8</ele></rtept><rtept lat="28.836815" lon="121.008785"><ele>296.0</ele></rtept><rtept lat="28.836847" lon="121.00878"><ele>296.0</ele></rtept><rtept lat="28.836885" lon="121.008782"><ele>296.0</ele></rtept><rtept lat="28.83692" lon="121.008787"><ele>296.0</ele></rtept><rtept lat="28.83695" lon="121.008787"><ele>295.8</ele></rtept><rtept lat="28.836985" lon="121.00879"><ele>295.4</ele></rtept><rtept lat="28.837022" lon="121.00879"><ele>295.4</ele></rtept><rtept lat="28.837062" lon="121.008795"><ele>295.2</ele></rtept><rtept lat="28.8371" lon="121.008795"><ele>295.0</ele></rtept><rtept lat="28.83714" lon="121.008787"><ele>294.4</ele></rtept><rtept lat="28.837172" lon="121.00878"><ele>293.8</ele></rtept><rtept lat="28.837202" lon="121.008762"><ele>293.2</ele></rtept><rtept lat="28.837227" lon="121.008752"><ele>292.2</ele></rtept><rtept lat="28.837252" lon="121.00874"><ele>291.2</ele></rtept><rtept lat="28.837272" lon="121.008727"><ele>290.4</ele></rtept><rtept lat="28.83729" lon="121.008712"><ele>289.6</ele></rtept><rtept lat="28.837305" lon="121.008692"><ele>289.0</ele></rtept><rtept lat="28.837322" lon="121.008672"><ele>288.2</ele></rtept><rtept lat="28.837332" lon="121.008642"><ele>287.0</ele></rtept><rtept lat="28.837342" lon="121.008607"><ele>286.2</ele></rtept><rtept lat="28.837352" lon="121.008567"><ele>285.2</ele></rtept><rtept lat="28.837367" lon="121.008522"><ele>284.6</ele></rtept><rtept lat="28.837382" lon="121.008477"><ele>283.6</ele></rtept><rtept lat="28.837392" lon="121.008432"><ele>282.6</ele></rtept><rtept lat="28.837397" lon="121.008382"><ele>281.8</ele></rtept><rtept lat="28.837397" lon="121.008337"><ele>281.2</ele></rtept><rtept lat="28.837397" lon="121.008297"><ele>280.8</ele></rtept><rtept lat="28.837397" lon="121.008257"><ele>280.6</ele></rtept><rtept lat="28.837392" lon="121.008215"><ele>279.8</ele></rtept><rtept lat="28.837392" lon="121.008175"><ele>279.4</ele></rtept><rtept lat="28.837387" lon="121.008137"><ele>278.4</ele></rtept><rtept lat="28.837372" lon="121.0081"><ele>277.6</ele></rtept><rtept lat="28.83736" lon="121.008065"><ele>277.0</ele></rtept><rtept lat="28.83735" lon="121.008027"><ele>276.6</ele></rtept><rtept lat="28.837347" lon="121.007992"><ele>275.0</ele></rtept><rtept lat="28.837355" lon="121.00796"><ele>273.6</ele></rtept><rtept lat="28.83737" lon="121.00793"><ele>273.6</ele></rtept><rtept lat="28.837387" lon="121.007907"><ele>272.4</ele></rtept><rtept lat="28.837405" lon="121.007882"><ele>271.6</ele></rtept><rtept lat="28.837427" lon="121.007857"><ele>271.4</ele></rtept><rtept lat="28.837455" lon="121.007837"><ele>271.0</ele></rtept><rtept lat="28.83748" lon="121.007807"><ele>270.2</ele></rtept><rtept lat="28.837505" lon="121.007777"><ele>269.0</ele></rtept><rtept lat="28.83753" lon="121.007742"><ele>268.4</ele></rtept><rtept lat="28.83755" lon="121.007707"><ele>267.8</ele></rtept><rtept lat="28.837567" lon="121.007672"><ele>267.4</ele></rtept><rtept lat="28.837587" lon="121.007632"><ele>266.6</ele></rtept><rtept lat="28.837597" lon="121.007593"><ele>266.2</ele></rtept><rtept lat="28.837612" lon="121.007562"><ele>265.4</ele></rtept><rtept lat="28.837635" lon="121.007535"><ele>264.4</ele></rtept><rtept lat="28.837655" lon="121.007512"><ele>264.4</ele></rtept><rtept lat="28.837675" lon="121.007495"><ele>264.6</ele></rtept><rtept lat="28.837697" lon="121.007467"><ele>264.6</ele></rtept><rtept lat="28.837722" lon="121.007437"><ele>264.4</ele></rtept><rtept lat="28.837742" lon="121.007405"><ele>264.4</ele></rtept><rtept lat="28.837762" lon="121.007368"><ele>263.8</ele></rtept><rtept lat="28.837777" lon="121.007337"><ele>263.4</ele></rtept><rtept lat="28.837787" lon="121.007302"><ele>263.6</ele></rtept><rtept lat="28.837797" lon="121.007265"><ele>263.6</ele></rtept><rtept lat="28.837807" lon="121.007227"><ele>263.6</ele></rtept><rtept lat="28.837817" lon="121.007197"><ele>263.2</ele></rtept><rtept lat="28.837827" lon="121.007172"><ele>263.2</ele></rtept><rtept lat="28.837835" lon="121.00715"><ele>263.0</ele></rtept><rtept lat="28.837847" lon="121.007127"><ele>263.0</ele></rtept><rtept lat="28.837857" lon="121.007102"><ele>262.4</ele></rtept><rtept lat="28.83787" lon="121.007077"><ele>260.2</ele></rtept><rtept lat="28.837882" lon="121.007052"><ele>260.2</ele></rtept><rtept lat="28.837892" lon="121.007022"><ele>259.8</ele></rtept><rtept lat="28.837905" lon="121.006987"><ele>258.6</ele></rtept><rtept lat="28.83792" lon="121.006957"><ele>257.6</ele></rtept><rtept lat="28.837937" lon="121.006922"><ele>256.4</ele></rtept><rtept lat="28.837962" lon="121.006887"><ele>255.2</ele></rtept><rtept lat="28.83799" lon="121.006862"><ele>254.6</ele></rtept><rtept lat="28.838012" lon="121.006842"><ele>254.2</ele></rtept><rtept lat="28.838037" lon="121.00682"><ele>254.0</ele></rtept><rtept lat="28.838062" lon="121.006797"><ele>253.6</ele></rtept><rtept lat="28.838087" lon="121.006775"><ele>253.2</ele></rtept><rtept lat="28.83812" lon="121.006752"><ele>253.0</ele></rtept><rtept lat="28.838152" lon="121.006737"><ele>253.0</ele></rtept><rtept lat="28.83819" lon="121.006717"><ele>252.8</ele></rtept><rtept lat="28.838222" lon="121.006697"><ele>252.4</ele></rtept><rtept lat="28.838252" lon="121.006682"><ele>252.2</ele></rtept><rtept lat="28.838282" lon="121.006662"><ele>252.2</ele></rtept><rtept lat="28.838312" lon="121.006632"><ele>252.2</ele></rtept><rtept lat="28.838337" lon="121.006602"><ele>252.2</ele></rtept><rtept lat="28.838357" lon="121.006567"><ele>252.0</ele></rtept><rtept lat="28.838372" lon="121.006527"><ele>251.4</ele></rtept><rtept lat="28.83838" lon="121.006487"><ele>251.0</ele></rtept><rtept lat="28.838387" lon="121.006452"><ele>251.0</ele></rtept><rtept lat="28.838395" lon="121.006417"><ele>250.8</ele></rtept><rtept lat="28.838402" lon="121.006372"><ele>250.6</ele></rtept><rtept lat="28.838417" lon="121.006327"><ele>250.2</ele></rtept><rtept lat="28.838432" lon="121.006292"><ele>249.2</ele></rtept><rtept lat="28.838455" lon="121.006257"><ele>248.4</ele></rtept><rtept lat="28.838482" lon="121.006232"><ele>247.8</ele></rtept><rtept lat="28.83851" lon="121.006212"><ele>246.0</ele></rtept><rtept lat="28.838537" lon="121.0062"><ele>246.0</ele></rtept><rtept lat="28.838567" lon="121.006192"><ele>245.6</ele></rtept><rtept lat="28.838595" lon="121.006177"><ele>244.8</ele></rtept><rtept lat="28.838622" lon="121.006167"><ele>244.0</ele></rtept><rtept lat="28.838647" lon="121.00615"><ele>243.8</ele></rtept><rtept lat="28.838672" lon="121.006127"><ele>243.2</ele></rtept><rtept lat="28.838692" lon="121.00611"><ele>242.4</ele></rtept><rtept lat="28.838707" lon="121.006082"><ele>241.6</ele></rtept><rtept lat="28.83872" lon="121.00605"><ele>240.8</ele></rtept><rtept lat="28.838732" lon="121.00602"><ele>240.0</ele></rtept><rtept lat="28.838752" lon="121.005995"><ele>239.4</ele></rtept><rtept lat="28.838772" lon="121.005967"><ele>238.4</ele></rtept><rtept lat="28.838807" lon="121.005947"><ele>238.0</ele></rtept><rtept lat="28.83884" lon="121.00593"><ele>237.6</ele></rtept><rtept lat="28.838872" lon="121.005912"><ele>237.0</ele></rtept><rtept lat="28.838897" lon="121.005892"><ele>235.6</ele></rtept><rtept lat="28.838927" lon="121.005872"><ele>235.0</ele></rtept><rtept lat="28.838952" lon="121.005855"><ele>234.8</ele></rtept><rtept lat="28.838982" lon="121.005842"><ele>234.6</ele></rtept><rtept lat="28.839007" lon="121.005815"><ele>234.2</ele></rtept><rtept lat="28.839032" lon="121.005792"><ele>233.4</ele></rtept><rtept lat="28.839057" lon="121.005772"><ele>232.8</ele></rtept><rtept lat="28.839082" lon="121.005747"><ele>232.6</ele></rtept><rtept lat="28.83911" lon="121.005717"><ele>232.2</ele></rtept><rtept lat="28.839132" lon="121.005685"><ele>231.6</ele></rtept><rtept lat="28.839155" lon="121.005655"><ele>230.6</ele></rtept><rtept lat="28.839175" lon="121.005627"><ele>230.6</ele></rtept><rtept lat="28.839187" lon="121.005592"><ele>230.0</ele></rtept><rtept lat="28.839195" lon="121.005557"><ele>229.6</ele></rtept><rtept lat="28.839205" lon="121.005517"><ele>229.4</ele></rtept><rtept lat="28.83921" lon="121.005477"><ele>229.4</ele></rtept><rtept lat="28.839217" lon="121.00544"><ele>228.8</ele></rtept><rtept lat="28.839225" lon="121.005402"><ele>228.6</ele></rtept><rtept lat="28.839232" lon="121.005367"><ele>228.6</ele></rtept><rtept lat="28.839243" lon="121.005332"><ele>228.6</ele></rtept><rtept lat="28.839257" lon="121.005297"><ele>228.6</ele></rtept><rtept lat="28.839272" lon="121.005265"><ele>228.6</ele></rtept><rtept lat="28.839287" lon="121.005237"><ele>228.6</ele></rtept><rtept lat="28.839307" lon="121.005212"><ele>228.4</ele></rtept><rtept lat="28.839322" lon="121.005185"><ele>228.2</ele></rtept><rtept lat="28.839337" lon="121.005162"><ele>228.0</ele></rtept><rtept lat="28.83936" lon="121.00514"><ele>227.8</ele></rtept><rtept lat="28.839387" lon="121.005117"><ele>227.8</ele></rtept><rtept lat="28.83942" lon="121.005107"><ele>227.4</ele></rtept><rtept lat="28.839452" lon="121.005102"><ele>227.2</ele></rtept><rtept lat="28.839487" lon="121.005105"><ele>226.8</ele></rtept><rtept lat="28.839522" lon="121.005112"><ele>226.6</ele></rtept><rtept lat="28.839557" lon="121.005115"><ele>226.6</ele></rtept><rtept lat="28.839587" lon="121.005127"><ele>226.6</ele></rtept><rtept lat="28.839622" lon="121.005142"><ele>226.4</ele></rtept><rtept lat="28.83965" lon="121.005165"><ele>226.4</ele></rtept><rtept lat="28.83968" lon="121.005182"><ele>226.4</ele></rtept><rtept lat="28.839712" lon="121.005205"><ele>226.2</ele></rtept><rtept lat="28.839742" lon="121.005225"><ele>226.2</ele></rtept><rtept lat="28.839772" lon="121.00524"><ele>226.2</ele></rtept><rtept lat="28.839802" lon="121.005262"><ele>226.2</ele></rtept><rtept lat="28.83983" lon="121.005287"><ele>226.2</ele></rtept><rtept lat="28.839862" lon="121.005307"><ele>226.2</ele></rtept><rtept lat="28.839897" lon="121.005325"><ele>226.0</ele></rtept><rtept lat="28.83993" lon="121.005337"><ele>225.4</ele></rtept><rtept lat="28.839965" lon="121.005342"><ele>225.4</ele></rtept><rtept lat="28.84" lon="121.005347"><ele>225.2</ele></rtept><rtept lat="28.840035" lon="121.005357"><ele>225.0</ele></rtept><rtept lat="28.840067" lon="121.005377"><ele>224.0</ele></rtept><rtept lat="28.840095" lon="121.00541"><ele>223.8</ele></rtept><rtept lat="28.840115" lon="121.005442"><ele>223.8</ele></rtept><rtept lat="28.84014" lon="121.00547"><ele>223.4</ele></rtept><rtept lat="28.840162" lon="121.0055"><ele>223.2</ele></rtept><rtept lat="28.840187" lon="121.005527"><ele>222.8</ele></rtept><rtept lat="28.840212" lon="121.005557"><ele>222.6</ele></rtept><rtept lat="28.840242" lon="121.005582"><ele>222.4</ele></rtept><rtept lat="28.840272" lon="121.005607"><ele>222.2</ele></rtept><rtept lat="28.840298" lon="121.00563"><ele>222.2</ele></rtept><rtept lat="28.840332" lon="121.005647"><ele>222.4</ele></rtept><rtept lat="28.840362" lon="121.005657"><ele>222.4</ele></rtept><rtept lat="28.840397" lon="121.00566"><ele>222.2</ele></rtept><rtept lat="28.840427" lon="121.00565"><ele>222.2</ele></rtept><rtept lat="28.840453" lon="121.005632"><ele>222.2</ele></rtept><rtept lat="28.840477" lon="121.00561"><ele>222.2</ele></rtept><rtept lat="28.840502" lon="121.005582"><ele>222.2</ele></rtept><rtept lat="28.84052" lon="121.005552"><ele>222.0</ele></rtept><rtept lat="28.840537" lon="121.00552"><ele>222.0</ele></rtept><rtept lat="28.840562" lon="121.00549"><ele>221.8</ele></rtept><rtept lat="28.840587" lon="121.00547"><ele>221.8</ele></rtept><rtept lat="28.840617" lon="121.005462"><ele>221.8</ele></rtept><rtept lat="28.840652" lon="121.005457"><ele>221.6</ele></rtept><rtept lat="28.840687" lon="121.00546"><ele>221.4</ele></rtept><rtept lat="28.840717" lon="121.005462"><ele>221.4</ele></rtept><rtept lat="28.840747" lon="121.005465"><ele>221.2</ele></rtept><rtept lat="28.840782" lon="121.005462"><ele>221.4</ele></rtept><rtept lat="28.840815" lon="121.005447"><ele>221.6</ele></rtept><rtept lat="28.840845" lon="121.005432"><ele>221.6</ele></rtept><rtept lat="28.840872" lon="121.005407"><ele>221.6</ele></rtept><rtept lat="28.840895" lon="121.005377"><ele>221.4</ele></rtept><rtept lat="28.840915" lon="121.005345"><ele>221.2</ele></rtept><rtept lat="28.84093" lon="121.005312"><ele>221.2</ele></rtept><rtept lat="28.840945" lon="121.005285"><ele>221.4</ele></rtept><rtept lat="28.840967" lon="121.00526"><ele>221.6</ele></rtept><rtept lat="28.840992" lon="121.00525"><ele>221.6</ele></rtept><rtept lat="28.841023" lon="121.005257"><ele>221.6</ele></rtept><rtept lat="28.841052" lon="121.005287"><ele>221.2</ele></rtept><rtept lat="28.841082" lon="121.005313"><ele>221.2</ele></rtept><rtept lat="28.84111" lon="121.005345"><ele>221.2</ele></rtept><rtept lat="28.84114" lon="121.005372"><ele>221.0</ele></rtept><rtept lat="28.841167" lon="121.005397"><ele>221.0</ele></rtept><rtept lat="28.841195" lon="121.005415"><ele>220.8</ele></rtept><rtept lat="28.841222" lon="121.005427"><ele>220.4</ele></rtept><rtept lat="28.841257" lon="121.00543"><ele>220.4</ele></rtept><rtept lat="28.84129" lon="121.005427"><ele>219.8</ele></rtept><rtept lat="28.841322" lon="121.005422"><ele>219.6</ele></rtept><rtept lat="28.841352" lon="121.005417"><ele>219.4</ele></rtept><rtept lat="28.84139" lon="121.005412"><ele>219.4</ele></rtept><rtept lat="28.841425" lon="121.005417"><ele>219.2</ele></rtept><rtept lat="28.841462" lon="121.005422"><ele>219.2</ele></rtept><rtept lat="28.841497" lon="121.005437"><ele>218.2</ele></rtept><rtept lat="28.84153" lon="121.005457"><ele>217.6</ele></rtept><rtept lat="28.841562" lon="121.005472"><ele>217.6</ele></rtept><rtept lat="28.841595" lon="121.005487"><ele>217.4</ele></rtept><rtept lat="28.841622" lon="121.005497"><ele>217.4</ele></rtept><rtept lat="28.84165" lon="121.0055"><ele>217.0</ele></rtept><rtept lat="28.84168" lon="121.005502"><ele>217.0</ele></rtept><rtept lat="28.841707" lon="121.005497"><ele>217.0</ele></rtept><rtept lat="28.841737" lon="121.00549"><ele>217.0</ele></rtept><rtept lat="28.841767" lon="121.005487"><ele>217.0</ele></rtept><rtept lat="28.8418" lon="121.005487"><ele>216.8</ele></rtept><rtept lat="28.841827" lon="121.005492"><ele>215.6</ele></rtept><rtept lat="28.841852" lon="121.005505"><ele>215.0</ele></rtept><rtept lat="28.841872" lon="121.005515"><ele>214.0</ele></rtept><rtept lat="28.841897" lon="121.005522"><ele>213.8</ele></rtept><rtept lat="28.841917" lon="121.005532"><ele>212.4</ele></rtept><rtept lat="28.841937" lon="121.005537"><ele>211.0</ele></rtept><rtept lat="28.84196" lon="121.005547"><ele>210.2</ele></rtept><rtept lat="28.841987" lon="121.005552"><ele>209.6</ele></rtept><rtept lat="28.842012" lon="121.005555"><ele>208.4</ele></rtept><rtept lat="28.842037" lon="121.005557"><ele>207.8</ele></rtept><rtept lat="28.842065" lon="121.005562"><ele>206.2</ele></rtept><rtept lat="28.842095" lon="121.00557"><ele>205.0</ele></rtept><rtept lat="28.84212" lon="121.005577"><ele>204.0</ele></rtept><rtept lat="28.842147" lon="121.005582"><ele>202.6</ele></rtept><rtept lat="28.842175" lon="121.005592"><ele>201.0</ele></rtept><rtept lat="28.842202" lon="121.005597"><ele>200.4</ele></rtept><rtept lat="28.842232" lon="121.005602"><ele>199.0</ele></rtept><rtept lat="28.84226" lon="121.00561"><ele>198.4</ele></rtept><rtept lat="28.84229" lon="121.005607"><ele>197.4</ele></rtept><rtept lat="28.842317" lon="121.005602"><ele>196.4</ele></rtept><rtept lat="28.842342" lon="121.005597"><ele>195.2</ele></rtept><rtept lat="28.842365" lon="121.005587"><ele>194.2</ele></rtept><rtept lat="28.842392" lon="121.00558"><ele>193.4</ele></rtept><rtept lat="28.842427" lon="121.005572"><ele>192.8</ele></rtept><rtept lat="28.842457" lon="121.005562"><ele>190.6</ele></rtept><rtept lat="28.842485" lon="121.005552"><ele>190.4</ele></rtept><rtept lat="28.842515" lon="121.005552"><ele>189.6</ele></rtept><rtept lat="28.842552" lon="121.005552"><ele>188.4</ele></rtept><rtept lat="28.842587" lon="121.005557"><ele>187.8</ele></rtept><rtept lat="28.84262" lon="121.005562"><ele>187.0</ele></rtept><rtept lat="28.842657" lon="121.005567"><ele>186.2</ele></rtept><rtept lat="28.842692" lon="121.005572"><ele>185.6</ele></rtept><rtept lat="28.84273" lon="121.005577"><ele>185.2</ele></rtept><rtept lat="28.842767" lon="121.005577"><ele>185.0</ele></rtept><rtept lat="28.842797" lon="121.005575"><ele>184.4</ele></rtept><rtept lat="28.842827" lon="121.005572"><ele>183.6</ele></rtept><rtept lat="28.842862" lon="121.005567"><ele>183.0</ele></rtept><rtept lat="28.842897" lon="121.005567"><ele>182.8</ele></rtept><rtept lat="28.842937" lon="121.005567"><ele>182.0</ele></rtept><rtept lat="28.842982" lon="121.005572"><ele>180.8</ele></rtept><rtept lat="28.843022" lon="121.005582"><ele>179.6</ele></rtept><rtept lat="28.843065" lon="121.005602"><ele>178.8</ele></rtept><rtept lat="28.843107" lon="121.005617"><ele>178.2</ele></rtept><rtept lat="28.843142" lon="121.005627"><ele>177.4</ele></rtept><rtept lat="28.843177" lon="121.005637"><ele>176.4</ele></rtept><rtept lat="28.843207" lon="121.005652"><ele>176.0</ele></rtept><rtept lat="28.843237" lon="121.005657"><ele>175.6</ele></rtept><rtept lat="28.843262" lon="121.005667"><ele>175.2</ele></rtept><rtept lat="28.843287" lon="121.005672"><ele>174.4</ele></rtept><rtept lat="28.843317" lon="121.005687"><ele>174.2</ele></rtept><rtept lat="28.843352" lon="121.005702"><ele>174.0</ele></rtept><rtept lat="28.843387" lon="121.005712"><ele>173.6</ele></rtept><rtept lat="28.843422" lon="121.00572"><ele>173.0</ele></rtept><rtept lat="28.843457" lon="121.005725"><ele>172.4</ele></rtept><rtept lat="28.843487" lon="121.005727"><ele>172.0</ele></rtept><rtept lat="28.843527" lon="121.005732"><ele>172.0</ele></rtept><rtept lat="28.84356" lon="121.005735"><ele>171.6</ele></rtept><rtept lat="28.843597" lon="121.005737"><ele>171.4</ele></rtept><rtept lat="28.84363" lon="121.005737"><ele>171.2</ele></rtept><rtept lat="28.843665" lon="121.005725"><ele>170.8</ele></rtept><rtept lat="28.843692" lon="121.005708"><ele>170.4</ele></rtept><rtept lat="28.84372" lon="121.005692"><ele>169.8</ele></rtept><rtept lat="28.843745" lon="121.005675"><ele>169.8</ele></rtept><rtept lat="28.843772" lon="121.00566"><ele>169.8</ele></rtept><rtept lat="28.843802" lon="121.005637"><ele>169.6</ele></rtept><rtept lat="28.843832" lon="121.00562"><ele>169.6</ele></rtept><rtept lat="28.843862" lon="121.005605"><ele>169.6</ele></rtept><rtept lat="28.843892" lon="121.005587"><ele>169.8</ele></rtept><rtept lat="28.843922" lon="121.005567"><ele>169.8</ele></rtept><rtept lat="28.843952" lon="121.005557"><ele>169.8</ele></rtept><rtept lat="28.843982" lon="121.005545"><ele>169.4</ele></rtept><rtept lat="28.844012" lon="121.005537"><ele>169.4</ele></rtept><rtept lat="28.844042" lon="121.00552"><ele>168.8</ele></rtept><rtept lat="28.844072" lon="121.005497"><ele>168.0</ele></rtept><rtept lat="28.844102" lon="121.00547"><ele>167.6</ele></rtept><rtept lat="28.844137" lon="121.005442"><ele>167.0</ele></rtept><rtept lat="28.844165" lon="121.00542"><ele>166.2</ele></rtept><rtept lat="28.844197" lon="121.005397"><ele>165.8</ele></rtept><rtept lat="28.844222" lon="121.005377"><ele>165.4</ele></rtept><rtept lat="28.844242" lon="121.005352"><ele>165.2</ele></rtept><rtept lat="28.844265" lon="121.00533"><ele>164.4</ele></rtept><rtept lat="28.844282" lon="121.005302"><ele>164.0</ele></rtept><rtept lat="28.844302" lon="121.005277"><ele>163.6</ele></rtept><rtept lat="28.844325" lon="121.005247"><ele>163.4</ele></rtept><rtept lat="28.844345" lon="121.00522"><ele>161.2</ele></rtept><rtept lat="28.844362" lon="121.005192"><ele>161.2</ele></rtept><rtept lat="28.844382" lon="121.005165"><ele>160.4</ele></rtept><rtept lat="28.844397" lon="121.005132"><ele>159.4</ele></rtept><rtept lat="28.844412" lon="121.005097"><ele>158.6</ele></rtept><rtept lat="28.844428" lon="121.005067"><ele>157.6</ele></rtept><rtept lat="28.844447" lon="121.005035"><ele>156.2</ele></rtept><rtept lat="28.844467" lon="121.005"><ele>155.0</ele></rtept><rtept lat="28.844485" lon="121.004965"><ele>154.2</ele></rtept><rtept lat="28.84451" lon="121.00494"><ele>153.4</ele></rtept><rtept lat="28.844532" lon="121.004917"><ele>153.2</ele></rtept><rtept lat="28.844557" lon="121.004897"><ele>152.4</ele></rtept><rtept lat="28.844587" lon="121.004882"><ele>151.4</ele></rtept><rtept lat="28.844622" lon="121.00487"><ele>150.4</ele></rtept><rtept lat="28.844652" lon="121.004862"><ele>150.2</ele></rtept><rtept lat="28.84468" lon="121.004867"><ele>149.2</ele></rtept><rtept lat="28.844705" lon="121.00488"><ele>148.4</ele></rtept><rtept lat="28.844732" lon="121.00489"><ele>148.2</ele></rtept><rtept lat="28.844755" lon="121.004897"><ele>147.8</ele></rtept><rtept lat="28.84478" lon="121.004905"><ele>147.0</ele></rtept><rtept lat="28.844808" lon="121.00491"><ele>146.0</ele></rtept><rtept lat="28.844832" lon="121.004915"><ele>146.0</ele></rtept><rtept lat="28.844862" lon="121.004915"><ele>145.2</ele></rtept><rtept lat="28.844897" lon="121.004912"><ele>144.6</ele></rtept><rtept lat="28.844922" lon="121.004907"><ele>143.6</ele></rtept><rtept lat="28.84495" lon="121.004902"><ele>142.6</ele></rtept><rtept lat="28.844977" lon="121.004897"><ele>142.4</ele></rtept><rtept lat="28.845007" lon="121.00489"><ele>141.8</ele></rtept><rtept lat="28.845035" lon="121.004885"><ele>140.8</ele></rtept><rtept lat="28.845062" lon="121.004877"><ele>140.4</ele></rtept><rtept lat="28.845097" lon="121.004872"><ele>138.6</ele></rtept><rtept lat="28.845127" lon="121.00487"><ele>138.8</ele></rtept><rtept lat="28.845152" lon="121.004867"><ele>137.8</ele></rtept><rtept lat="28.84518" lon="121.004862"><ele>136.6</ele></rtept><rtept lat="28.845207" lon="121.00485"><ele>135.8</ele></rtept><rtept lat="28.84523" lon="121.004835"><ele>135.0</ele></rtept><rtept lat="28.845247" lon="121.00482"><ele>134.0</ele></rtept><rtept lat="28.845257" lon="121.0048"><ele>133.4</ele></rtept><rtept lat="28.84527" lon="121.004772"><ele>132.8</ele></rtept><rtept lat="28.845287" lon="121.00474"><ele>132.4</ele></rtept><rtept lat="28.845305" lon="121.004707"><ele>132.0</ele></rtept><rtept lat="28.845315" lon="121.004682"><ele>130.8</ele></rtept><rtept lat="28.845322" lon="121.004657"><ele>129.8</ele></rtept><rtept lat="28.845325" lon="121.004627"><ele>129.2</ele></rtept><rtept lat="28.84533" lon="121.004592"><ele>128.8</ele></rtept><rtept lat="28.84533" lon="121.004562"><ele>128.4</ele></rtept><rtept lat="28.845327" lon="121.004522"><ele>128.0</ele></rtept><rtept lat="28.845322" lon="121.00449"><ele>126.8</ele></rtept><rtept lat="28.845322" lon="121.004455"><ele>126.2</ele></rtept><rtept lat="28.845322" lon="121.004422"><ele>125.6</ele></rtept><rtept lat="28.845322" lon="121.004395"><ele>125.4</ele></rtept><rtept lat="28.845322" lon="121.004357"><ele>124.6</ele></rtept><rtept lat="28.84532" lon="121.004322"><ele>123.4</ele></rtept><rtept lat="28.84532" lon="121.00428"><ele>123.2</ele></rtept><rtept lat="28.845327" lon="121.004242"><ele>122.0</ele></rtept><rtept lat="28.845347" lon="121.00421"><ele>121.4</ele></rtept><rtept lat="28.845372" lon="121.004182"><ele>120.4</ele></rtept><rtept lat="28.845405" lon="121.004157"><ele>119.6</ele></rtept><rtept lat="28.845432" lon="121.00414"><ele>119.0</ele></rtept><rtept lat="28.84546" lon="121.00413"><ele>118.8</ele></rtept><rtept lat="28.845487" lon="121.004117"><ele>117.8</ele></rtept><rtept lat="28.845517" lon="121.0041"><ele>117.8</ele></rtept><rtept lat="28.845545" lon="121.004075"><ele>117.4</ele></rtept><rtept lat="28.845577" lon="121.00405"><ele>117.2</ele></rtept><rtept lat="28.845602" lon="121.004025"><ele>116.4</ele></rtept><rtept lat="28.845625" lon="121.003997"><ele>115.2</ele></rtept><rtept lat="28.845652" lon="121.003975"><ele>114.8</ele></rtept><rtept lat="28.845685" lon="121.003957"><ele>114.8</ele></rtept><rtept lat="28.845717" lon="121.003947"><ele>114.2</ele></rtept><rtept lat="28.845752" lon="121.003937"><ele>113.4</ele></rtept><rtept lat="28.845777" lon="121.00393"><ele>112.2</ele></rtept><rtept lat="28.845802" lon="121.003917"><ele>111.8</ele></rtept><rtept lat="28.845827" lon="121.003905"><ele>111.6</ele></rtept><rtept lat="28.845847" lon="121.003897"><ele>110.8</ele></rtept><rtept lat="28.845872" lon="121.003882"><ele>110.2</ele></rtept><rtept lat="28.845902" lon="121.003877"><ele>109.6</ele></rtept><rtept lat="28.845927" lon="121.003867"><ele>109.2</ele></rtept><rtept lat="28.845955" lon="121.003857"><ele>108.4</ele></rtept><rtept lat="28.845982" lon="121.003852"><ele>107.4</ele></rtept><rtept lat="28.846012" lon="121.003842"><ele>107.0</ele></rtept><rtept lat="28.84604" lon="121.00383"><ele>106.6</ele></rtept><rtept lat="28.846072" lon="121.003817"><ele>105.8</ele></rtept><rtept lat="28.846105" lon="121.003805"><ele>105.2</ele></rtept><rtept lat="28.846132" lon="121.003785"><ele>104.6</ele></rtept><rtept lat="28.846157" lon="121.003772"><ele>104.2</ele></rtept><rtept lat="28.846182" lon="121.003762"><ele>103.0</ele></rtept><rtept lat="28.846207" lon="121.00375"><ele>102.0</ele></rtept><rtept lat="28.84623" lon="121.003745"><ele>101.4</ele></rtept><rtept lat="28.846255" lon="121.003738"><ele>101.0</ele></rtept><rtept lat="28.846277" lon="121.003735"><ele>100.6</ele></rtept><rtept lat="28.846302" lon="121.003727"><ele>99.2</ele></rtept><rtept lat="28.846327" lon="121.003727"><ele>99.2</ele></rtept><rtept lat="28.846352" lon="121.003727"><ele>98.0</ele></rtept><rtept lat="28.846377" lon="121.003732"><ele>97.0</ele></rtept><rtept lat="28.846397" lon="121.003752"><ele>96.0</ele></rtept><rtept lat="28.846415" lon="121.003775"><ele>95.2</ele></rtept><rtept lat="28.846422" lon="121.003797"><ele>93.8</ele></rtept><rtept lat="28.846427" lon="121.003817"><ele>92.8</ele></rtept><rtept lat="28.846437" lon="121.003837"><ele>92.2</ele></rtept><rtept lat="28.846447" lon="121.003857"><ele>90.8</ele></rtept><rtept lat="28.846457" lon="121.003875"><ele>90.2</ele></rtept><rtept lat="28.846467" lon="121.003892"><ele>89.4</ele></rtept><rtept lat="28.84648" lon="121.003907"><ele>88.4</ele></rtept><rtept lat="28.846495" lon="121.003915"><ele>87.4</ele></rtept><rtept lat="28.846517" lon="121.003922"><ele>86.6</ele></rtept><rtept lat="28.846537" lon="121.003932"><ele>85.8</ele></rtept><rtept lat="28.846553" lon="121.003947"><ele>84.6</ele></rtept><rtept lat="28.846567" lon="121.003967"><ele>84.0</ele></rtept><rtept lat="28.846577" lon="121.003987"><ele>82.6</ele></rtept><rtept lat="28.846587" lon="121.004007"><ele>82.0</ele></rtept><rtept lat="28.84661" lon="121.004022"><ele>81.0</ele></rtept><rtept lat="28.846632" lon="121.004042"><ele>80.0</ele></rtept><rtept lat="28.846652" lon="121.004057"><ele>78.6</ele></rtept><rtept lat="28.846685" lon="121.004072"><ele>77.6</ele></rtept><rtept lat="28.846717" lon="121.004082"><ele>76.6</ele></rtept><rtept lat="28.846755" lon="121.004085"><ele>76.4</ele></rtept><rtept lat="28.846792" lon="121.004077"><ele>75.2</ele></rtept><rtept lat="28.846835" lon="121.004072"><ele>73.6</ele></rtept><rtept lat="28.84687" lon="121.004065"><ele>73.2</ele></rtept><rtept lat="28.846912" lon="121.004057"><ele>72.6</ele></rtept><rtept lat="28.846952" lon="121.004057"><ele>72.4</ele></rtept><rtept lat="28.846992" lon="121.004055"><ele>72.6</ele></rtept><rtept lat="28.847027" lon="121.004062"><ele>72.0</ele></rtept><rtept lat="28.847062" lon="121.004077"><ele>72.0</ele></rtept><rtept lat="28.847097" lon="121.004097"><ele>71.8</ele></rtept><rtept lat="28.847137" lon="121.004117"><ele>71.6</ele></rtept><rtept lat="28.847172" lon="121.004137"><ele>71.4</ele></rtept><rtept lat="28.847207" lon="121.004157"><ele>70.8</ele></rtept><rtept lat="28.847237" lon="121.004175"><ele>70.8</ele></rtept><rtept lat="28.847272" lon="121.004188"><ele>70.6</ele></rtept><rtept lat="28.847305" lon="121.004205"><ele>70.4</ele></rtept><rtept lat="28.847342" lon="121.004217"><ele>69.8</ele></rtept><rtept lat="28.847372" lon="121.00423"><ele>69.6</ele></rtept><rtept lat="28.847407" lon="121.004247"><ele>69.6</ele></rtept><rtept lat="28.847442" lon="121.004262"><ele>69.2</ele></rtept><rtept lat="28.84748" lon="121.004272"><ele>69.2</ele></rtept><rtept lat="28.847517" lon="121.004282"><ele>68.8</ele></rtept><rtept lat="28.847557" lon="121.004292"><ele>68.4</ele></rtept><rtept lat="28.84759" lon="121.004302"><ele>68.2</ele></rtept><rtept lat="28.847617" lon="121.004317"><ele>68.2</ele></rtept><rtept lat="28.84764" lon="121.004342"><ele>67.8</ele></rtept><rtept lat="28.847657" lon="121.004377"><ele>67.6</ele></rtept><rtept lat="28.847672" lon="121.004412"><ele>67.6</ele></rtept><rtept lat="28.847685" lon="121.004452"><ele>67.6</ele></rtept><rtept lat="28.847692" lon="121.00449"><ele>67.6</ele></rtept><rtept lat="28.847695" lon="121.004535"><ele>67.6</ele></rtept><rtept lat="28.847692" lon="121.004572"><ele>67.6</ele></rtept><rtept lat="28.847687" lon="121.004615"><ele>67.6</ele></rtept><rtept lat="28.847682" lon="121.004655"><ele>67.4</ele></rtept><rtept lat="28.847675" lon="121.004697"><ele>67.6</ele></rtept><rtept lat="28.84767" lon="121.004737"><ele>67.4</ele></rtept><rtept lat="28.847662" lon="121.004777"><ele>67.4</ele></rtept><rtept lat="28.847657" lon="121.004817"><ele>67.4</ele></rtept><rtept lat="28.847655" lon="121.004857"><ele>67.2</ele></rtept><rtept lat="28.847652" lon="121.004895"><ele>67.0</ele></rtept><rtept lat="28.847647" lon="121.004937"><ele>66.4</ele></rtept><rtept lat="28.847642" lon="121.004975"><ele>66.4</ele></rtept><rtept lat="28.847637" lon="121.005012"><ele>66.4</ele></rtept><rtept lat="28.847637" lon="121.005052"><ele>66.2</ele></rtept><rtept lat="28.847632" lon="121.005097"><ele>65.8</ele></rtept><rtept lat="28.847635" lon="121.005137"><ele>65.8</ele></rtept><rtept lat="28.847632" lon="121.00518"><ele>65.4</ele></rtept><rtept lat="28.847627" lon="121.00522"><ele>65.4</ele></rtept><rtept lat="28.847617" lon="121.005262"><ele>65.0</ele></rtept><rtept lat="28.847612" lon="121.0053"><ele>64.8</ele></rtept><rtept lat="28.847607" lon="121.00534"><ele>64.4</ele></rtept><rtept lat="28.847602" lon="121.005377"><ele>64.0</ele></rtept><rtept lat="28.847592" lon="121.005417"><ele>63.6</ele></rtept><rtept lat="28.84759" lon="121.005457"><ele>63.4</ele></rtept><rtept lat="28.847582" lon="121.005497"><ele>63.4</ele></rtept><rtept lat="28.847582" lon="121.005537"><ele>63.4</ele></rtept><rtept lat="28.847577" lon="121.005577"><ele>63.0</ele></rtept><rtept lat="28.84757" lon="121.005612"><ele>62.6</ele></rtept><rtept lat="28.847565" lon="121.005652"><ele>62.4</ele></rtept><rtept lat="28.847562" lon="121.00569"><ele>62.2</ele></rtept><rtept lat="28.847562" lon="121.00573"><ele>62.0</ele></rtept><rtept lat="28.847562" lon="121.005767"><ele>61.6</ele></rtept><rtept lat="28.847565" lon="121.005805"><ele>61.6</ele></rtept><rtept lat="28.847567" lon="121.005842"><ele>61.6</ele></rtept><rtept lat="28.847567" lon="121.00588"><ele>61.8</ele></rtept><rtept lat="28.847572" lon="121.005917"><ele>62.0</ele></rtept><rtept lat="28.84758" lon="121.005957"><ele>62.0</ele></rtept><rtept lat="28.84759" lon="121.005992"><ele>62.0</ele></rtept><rtept lat="28.847597" lon="121.00603"><ele>61.8</ele></rtept><rtept lat="28.847607" lon="121.006067"><ele>61.8</ele></rtept><rtept lat="28.847617" lon="121.006105"><ele>61.6</ele></rtept><rtept lat="28.847625" lon="121.006137"><ele>61.2</ele></rtept><rtept lat="28.847632" lon="121.006175"><ele>61.2</ele></rtept><rtept lat="28.847637" lon="121.006207"><ele>61.4</ele></rtept><rtept lat="28.84764" lon="121.006245"><ele>61.4</ele></rtept><rtept lat="28.847645" lon="121.006277"><ele>61.6</ele></rtept><rtept lat="28.84765" lon="121.006317"><ele>61.6</ele></rtept><rtept lat="28.847657" lon="121.006355"><ele>61.6</ele></rtept><rtept lat="28.847667" lon="121.006392"><ele>61.4</ele></rtept><rtept lat="28.847677" lon="121.006425"><ele>61.2</ele></rtept><rtept lat="28.847687" lon="121.00646"><ele>61.2</ele></rtept><rtept lat="28.8477" lon="121.006495"><ele>61.4</ele></rtept><rtept lat="28.847712" lon="121.006532"><ele>61.4</ele></rtept><rtept lat="28.847722" lon="121.006562"><ele>60.8</ele></rtept><rtept lat="28.847732" lon="121.0066"><ele>60.6</ele></rtept><rtept lat="28.84774" lon="121.006632"><ele>60.4</ele></rtept><rtept lat="28.84775" lon="121.006667"><ele>60.4</ele></rtept><rtept lat="28.847757" lon="121.006702"><ele>60.4</ele></rtept><rtept lat="28.847767" lon="121.006737"><ele>60.4</ele></rtept><rtept lat="28.847782" lon="121.006767"><ele>60.4</ele></rtept><rtept lat="28.847797" lon="121.0068"><ele>60.4</ele></rtept><rtept lat="28.847817" lon="121.006825"><ele>60.4</ele></rtept><rtept lat="28.847837" lon="121.006857"><ele>60.2</ele></rtept><rtept lat="28.84786" lon="121.006885"><ele>60.0</ele></rtept><rtept lat="28.847882" lon="121.006917"><ele>59.8</ele></rtept><rtept lat="28.847902" lon="121.006952"><ele>59.6</ele></rtept><rtept lat="28.847922" lon="121.006985"><ele>59.6</ele></rtept><rtept lat="28.84794" lon="121.007022"><ele>59.0</ele></rtept><rtept lat="28.847962" lon="121.007057"><ele>58.8</ele></rtept><rtept lat="28.847982" lon="121.007095"><ele>58.2</ele></rtept><rtept lat="28.848002" lon="121.007132"><ele>58.0</ele></rtept><rtept lat="28.848017" lon="121.007172"><ele>57.8</ele></rtept><rtept lat="28.848027" lon="121.007212"><ele>57.8</ele></rtept><rtept lat="28.848037" lon="121.007252"><ele>57.8</ele></rtept><rtept lat="28.848047" lon="121.00729"><ele>58.0</ele></rtept><rtept lat="28.848052" lon="121.007332"><ele>58.0</ele></rtept><rtept lat="28.848055" lon="121.007372"><ele>57.8</ele></rtept><rtept lat="28.848052" lon="121.007412"><ele>57.2</ele></rtept><rtept lat="28.84805" lon="121.007452"><ele>57.2</ele></rtept><rtept lat="28.848042" lon="121.007492"><ele>57.0</ele></rtept><rtept lat="28.848032" lon="121.007532"><ele>56.6</ele></rtept><rtept lat="28.848022" lon="121.007567"><ele>56.6</ele></rtept><rtept lat="28.848002" lon="121.007605"><ele>56.8</ele></rtept><rtept lat="28.84798" lon="121.007637"><ele>56.6</ele></rtept><rtept lat="28.84796" lon="121.007662"><ele>56.2</ele></rtept><rtept lat="28.84794" lon="121.007687"><ele>55.4</ele></rtept><rtept lat="28.847925" lon="121.007707"><ele>55.2</ele></rtept><rtept lat="28.847917" lon="121.007732"><ele>55.0</ele></rtept><rtept lat="28.847922" lon="121.007765"><ele>54.8</ele></rtept><rtept lat="28.847927" lon="121.0078"><ele>54.8</ele></rtept><rtept lat="28.847935" lon="121.007837"><ele>55.2</ele></rtept><rtept lat="28.847947" lon="121.007872"><ele>55.2</ele></rtept><rtept lat="28.847957" lon="121.00791"><ele>54.6</ele></rtept><rtept lat="28.847953" lon="121.007947"><ele>54.4</ele></rtept><rtept lat="28.847937" lon="121.007977"><ele>54.4</ele></rtept><rtept lat="28.847915" lon="121.008007"><ele>54.6</ele></rtept><rtept lat="28.847885" lon="121.008032"><ele>54.6</ele></rtept><rtept lat="28.847852" lon="121.008055"><ele>54.4</ele></rtept><rtept lat="28.847822" lon="121.008075"><ele>54.4</ele></rtept><rtept lat="28.8478" lon="121.008097"><ele>54.4</ele></rtept><rtept lat="28.847782" lon="121.008122"><ele>54.4</ele></rtept><rtept lat="28.847775" lon="121.008147"><ele>55.0</ele></rtept><rtept lat="28.847775" lon="121.00818"><ele>55.2</ele></rtept><rtept lat="28.84778" lon="121.008217"><ele>55.4</ele></rtept><rtept lat="28.847787" lon="121.008252"><ele>55.6</ele></rtept><rtept lat="28.84779" lon="121.00829"><ele>55.8</ele></rtept><rtept lat="28.847797" lon="121.008325"><ele>55.8</ele></rtept><rtept lat="28.847805" lon="121.008362"><ele>55.8</ele></rtept><rtept lat="28.847812" lon="121.008397"><ele>55.8</ele></rtept><rtept lat="28.847815" lon="121.008437"><ele>55.8</ele></rtept><rtept lat="28.847822" lon="121.008472"><ele>56.2</ele></rtept><rtept lat="28.847825" lon="121.008512"><ele>56.2</ele></rtept><rtept lat="28.847832" lon="121.00855"><ele>56.2</ele></rtept><rtept lat="28.847835" lon="121.008587"><ele>55.4</ele></rtept><rtept lat="28.847837" lon="121.008625"><ele>55.4</ele></rtept><rtept lat="28.84784" lon="121.008662"><ele>55.6</ele></rtept><rtept lat="28.847842" lon="121.008697"><ele>56.0</ele></rtept><rtept lat="28.847842" lon="121.008735"><ele>56.0</ele></rtept><rtept lat="28.847837" lon="121.008772"><ele>55.2</ele></rtept><rtept lat="28.847837" lon="121.008812"><ele>55.2</ele></rtept><rtept lat="28.84784" lon="121.008847"><ele>55.4</ele></rtept><rtept lat="28.847845" lon="121.008888"><ele>56.0</ele></rtept><rtept lat="28.84785" lon="121.008922"><ele>56.0</ele></rtept><rtept lat="28.847852" lon="121.00896"><ele>55.2</ele></rtept><rtept lat="28.847857" lon="121.008997"><ele>55.2</ele></rtept><rtept lat="28.84786" lon="121.009037"><ele>55.2</ele></rtept><rtept lat="28.847857" lon="121.009072"><ele>55.2</ele></rtept><rtept lat="28.847855" lon="121.009113"><ele>55.2</ele></rtept><rtept lat="28.847852" lon="121.009152"><ele>55.6</ele></rtept><rtept lat="28.847855" lon="121.009195"><ele>55.6</ele></rtept><rtept lat="28.847857" lon="121.009232"><ele>55.2</ele></rtept><rtept lat="28.847865" lon="121.009272"><ele>54.8</ele></rtept><rtept lat="28.847872" lon="121.00931"><ele>54.6</ele></rtept><rtept lat="28.847882" lon="121.009347"><ele>54.6</ele></rtept><rtept lat="28.847892" lon="121.009387"><ele>54.8</ele></rtept><rtept lat="28.847905" lon="121.009427"><ele>54.8</ele></rtept><rtept lat="28.847915" lon="121.009467"><ele>54.8</ele></rtept><rtept lat="28.847927" lon="121.009502"><ele>54.6</ele></rtept><rtept lat="28.847937" lon="121.00954"><ele>54.6</ele></rtept><rtept lat="28.847952" lon="121.009577"><ele>54.4</ele></rtept><rtept lat="28.84796" lon="121.009617"><ele>54.4</ele></rtept><rtept lat="28.84797" lon="121.009655"><ele>54.2</ele></rtept><rtept lat="28.847977" lon="121.009697"><ele>54.2</ele></rtept><rtept lat="28.847987" lon="121.009732"><ele>54.0</ele></rtept><rtept lat="28.847997" lon="121.009775"><ele>54.0</ele></rtept><rtept lat="28.84801" lon="121.009812"><ele>53.8</ele></rtept><rtept lat="28.848017" lon="121.009857"><ele>53.8</ele></rtept><rtept lat="28.848027" lon="121.009895"><ele>53.2</ele></rtept><rtept lat="28.848035" lon="121.009935"><ele>53.0</ele></rtept><rtept lat="28.848045" lon="121.009972"><ele>53.0</ele></rtept><rtept lat="28.848052" lon="121.010012"><ele>52.8</ele></rtept><rtept lat="28.84806" lon="121.010052"><ele>53.2</ele></rtept><rtept lat="28.848062" lon="121.010092"><ele>53.2</ele></rtept><rtept lat="28.848067" lon="121.010127"><ele>52.0</ele></rtept><rtept lat="28.848072" lon="121.010165"><ele>52.0</ele></rtept><rtept lat="28.848082" lon="121.010202"><ele>52.6</ele></rtept><rtept lat="28.848092" lon="121.010242"><ele>52.6</ele></rtept><rtept lat="28.848102" lon="121.01028"><ele>52.6</ele></rtept><rtept lat="28.848112" lon="121.010317"><ele>51.8</ele></rtept><rtept lat="28.848125" lon="121.010352"><ele>51.6</ele></rtept><rtept lat="28.848137" lon="121.01039"><ele>51.2</ele></rtept><rtept lat="28.848152" lon="121.010422"><ele>51.0</ele></rtept><rtept lat="28.848167" lon="121.01046"><ele>51.0</ele></rtept><rtept lat="28.848185" lon="121.010492"><ele>51.2</ele></rtept><rtept lat="28.8482" lon="121.010527"><ele>51.2</ele></rtept><rtept lat="28.848215" lon="121.010562"><ele>50.8</ele></rtept><rtept lat="28.848227" lon="121.010597"><ele>50.6</ele></rtept><rtept lat="28.84824" lon="121.010633"><ele>50.6</ele></rtept><rtept lat="28.84825" lon="121.010677"><ele>50.4</ele></rtept><rtept lat="28.848262" lon="121.010712"><ele>50.2</ele></rtept><rtept lat="28.848267" lon="121.010752"><ele>50.2</ele></rtept><rtept lat="28.848277" lon="121.010787"><ele>50.4</ele></rtept><rtept lat="28.848282" lon="121.010827"><ele>50.4</ele></rtept><rtept lat="28.848292" lon="121.01087"><ele>50.4</ele></rtept><rtept lat="28.848297" lon="121.010912"><ele>50.2</ele></rtept><rtept lat="28.848307" lon="121.010952"><ele>50.4</ele></rtept><rtept lat="28.848317" lon="121.010992"><ele>50.4</ele></rtept><rtept lat="28.848332" lon="121.011027"><ele>50.4</ele></rtept><rtept lat="28.84835" lon="121.011067"><ele>50.2</ele></rtept><rtept lat="28.848367" lon="121.011102"><ele>50.0</ele></rtept><rtept lat="28.848382" lon="121.011137"><ele>50.0</ele></rtept><rtept lat="28.848402" lon="121.011172"><ele>50.0</ele></rtept><rtept lat="28.848422" lon="121.01121"><ele>50.0</ele></rtept><rtept lat="28.848442" lon="121.011245"><ele>49.6</ele></rtept><rtept lat="28.848462" lon="121.01128"><ele>49.2</ele></rtept><rtept lat="28.84848" lon="121.011312"><ele>48.8</ele></rtept><rtept lat="28.8485" lon="121.01135"><ele>48.6</ele></rtept><rtept lat="28.848517" lon="121.011387"><ele>48.4</ele></rtept><rtept lat="28.848535" lon="121.01142"><ele>48.2</ele></rtept><rtept lat="28.848552" lon="121.011452"><ele>48.0</ele></rtept><rtept lat="28.848572" lon="121.011485"><ele>47.8</ele></rtept><rtept lat="28.848587" lon="121.011522"><ele>47.6</ele></rtept><rtept lat="28.848605" lon="121.011557"><ele>47.6</ele></rtept><rtept lat="28.848617" lon="121.011597"><ele>47.6</ele></rtept><rtept lat="28.848627" lon="121.011632"><ele>47.4</ele></rtept><rtept lat="28.84864" lon="121.011672"><ele>47.4</ele></rtept><rtept lat="28.848652" lon="121.011707"><ele>47.4</ele></rtept><rtept lat="28.84866" lon="121.011742"><ele>47.4</ele></rtept><rtept lat="28.848672" lon="121.011777"><ele>47.4</ele></rtept><rtept lat="28.848685" lon="121.011812"><ele>47.2</ele></rtept><rtept lat="28.848697" lon="121.011842"><ele>47.0</ele></rtept><rtept lat="28.84871" lon="121.011882"><ele>47.2</ele></rtept><rtept lat="28.848722" lon="121.011917"><ele>47.2</ele></rtept><rtept lat="28.848735" lon="121.011952"><ele>47.2</ele></rtept><rtept lat="28.848748" lon="121.011987"><ele>47.0</ele></rtept><rtept lat="28.848762" lon="121.012022"><ele>46.8</ele></rtept><rtept lat="28.848777" lon="121.012057"><ele>46.6</ele></rtept><rtept lat="28.848785" lon="121.01209"><ele>46.6</ele></rtept><rtept lat="28.8488" lon="121.012122"><ele>46.6</ele></rtept><rtept lat="28.848815" lon="121.012162"><ele>46.8</ele></rtept><rtept lat="28.84883" lon="121.012197"><ele>46.6</ele></rtept><rtept lat="28.848842" lon="121.012232"><ele>46.2</ele></rtept><rtept lat="28.848857" lon="121.012267"><ele>46.0</ele></rtept><rtept lat="28.84887" lon="121.012302"><ele>46.2</ele></rtept><rtept lat="28.848887" lon="121.012337"><ele>46.2</ele></rtept><rtept lat="28.848902" lon="121.012372"><ele>46.0</ele></rtept><rtept lat="28.84892" lon="121.012402"><ele>46.0</ele></rtept><rtept lat="28.848938" lon="121.012433"><ele>46.0</ele></rtept><rtept lat="28.848957" lon="121.012465"><ele>46.0</ele></rtept><rtept lat="28.848975" lon="121.012497"><ele>45.8</ele></rtept><rtept lat="28.848992" lon="121.01253"><ele>45.8</ele></rtept><rtept lat="28.849012" lon="121.012565"><ele>45.8</ele></rtept><rtept lat="28.849032" lon="121.012597"><ele>45.8</ele></rtept><rtept lat="28.849045" lon="121.012635"><ele>45.6</ele></rtept><rtept lat="28.849047" lon="121.012667"><ele>45.4</ele></rtept><rtept lat="28.849037" lon="121.012695"><ele>45.4</ele></rtept><rtept lat="28.849017" lon="121.012717"><ele>45.4</ele></rtept><rtept lat="28.848987" lon="121.012727"><ele>45.6</ele></rtept><rtept lat="28.848957" lon="121.012737"><ele>45.4</ele></rtept><rtept lat="28.848927" lon="121.012742"><ele>45.4</ele></rtept><rtept lat="28.848902" lon="121.012752"><ele>45.4</ele></rtept><rtept lat="28.848872" lon="121.012757"><ele>45.6</ele></rtept><rtept lat="28.848845" lon="121.012767"><ele>46.0</ele></rtept><rtept lat="28.848817" lon="121.01277"><ele>46.2</ele></rtept><rtept lat="28.848795" lon="121.012775"><ele>46.4</ele></rtept><rtept lat="28.84877" lon="121.012782"><ele>46.8</ele></rtept><rtept lat="28.848747" lon="121.012787"><ele>46.8</ele></rtept><rtept lat="28.848722" lon="121.012792"><ele>46.6</ele></rtept><rtept lat="28.848697" lon="121.0128"><ele>46.6</ele></rtept><rtept lat="28.848675" lon="121.012815"><ele>46.8</ele></rtept><rtept lat="28.848652" lon="121.012835"><ele>47.0</ele></rtept><rtept lat="28.84864" lon="121.012857"><ele>47.2</ele></rtept><rtept lat="28.848632" lon="121.012885"><ele>47.4</ele></rtept><rtept lat="28.848627" lon="121.012915"><ele>47.8</ele></rtept><rtept lat="28.84863" lon="121.012945"><ele>48.0</ele></rtept><rtept lat="28.848632" lon="121.012977"><ele>48.2</ele></rtept><rtept lat="28.848642" lon="121.013007"><ele>48.2</ele></rtept><rtept lat="28.84865" lon="121.01304"><ele>48.0</ele></rtept><rtept lat="28.848662" lon="121.013072"><ele>48.0</ele></rtept><rtept lat="28.848667" lon="121.013105"><ele>48.2</ele></rtept><rtept lat="28.848675" lon="121.013132"><ele>48.2</ele></rtept><rtept lat="28.84868" lon="121.013162"><ele>48.0</ele></rtept><rtept lat="28.848687" lon="121.013192"><ele>48.0</ele></rtept><rtept lat="28.848692" lon="121.013227"><ele>48.0</ele></rtept><rtept lat="28.848702" lon="121.013257"><ele>48.0</ele></rtept><rtept lat="28.848707" lon="121.01329"><ele>48.0</ele></rtept><rtept lat="28.848713" lon="121.01332"><ele>48.0</ele></rtept><rtept lat="28.84872" lon="121.013352"><ele>48.0</ele></rtept><rtept lat="28.848722" lon="121.013382"><ele>48.0</ele></rtept><rtept lat="28.848725" lon="121.013415"><ele>48.0</ele></rtept><rtept lat="28.848727" lon="121.013447"><ele>47.8</ele></rtept><rtept lat="28.848732" lon="121.013477"><ele>47.6</ele></rtept><rtept lat="28.848732" lon="121.013507"><ele>47.8</ele></rtept><rtept lat="28.848732" lon="121.013542"><ele>48.0</ele></rtept><rtept lat="28.84873" lon="121.013575"><ele>48.0</ele></rtept><rtept lat="28.848727" lon="121.01361"><ele>48.0</ele></rtept><rtept lat="28.848722" lon="121.013643"><ele>47.8</ele></rtept><rtept lat="28.848717" lon="121.01368"><ele>47.8</ele></rtept><rtept lat="28.848712" lon="121.013715"><ele>47.8</ele></rtept><rtept lat="28.848707" lon="121.01375"><ele>48.0</ele></rtept><rtept lat="28.848705" lon="121.013782"><ele>48.0</ele></rtept><rtept lat="28.848697" lon="121.013817"><ele>47.8</ele></rtept><rtept lat="28.848697" lon="121.013852"><ele>47.8</ele></rtept><rtept lat="28.848692" lon="121.013895"><ele>47.6</ele></rtept><rtept lat="28.848692" lon="121.01393"><ele>47.6</ele></rtept><rtept lat="28.848687" lon="121.01397"><ele>47.6</ele></rtept><rtept lat="28.848685" lon="121.014007"><ele>47.6</ele></rtept><rtept lat="28.848677" lon="121.014047"><ele>47.6</ele></rtept><rtept lat="28.848675" lon="121.014082"><ele>47.6</ele></rtept><rtept lat="28.84867" lon="121.01412"><ele>47.6</ele></rtept><rtept lat="28.848665" lon="121.014155"><ele>47.6</ele></rtept><rtept lat="28.848657" lon="121.014192"><ele>47.6</ele></rtept><rtept lat="28.84865" lon="121.014227"><ele>47.2</ele></rtept><rtept lat="28.848645" lon="121.014263"><ele>47.2</ele></rtept><rtept lat="28.848645" lon="121.014305"><ele>47.4</ele></rtept><rtept lat="28.848645" lon="121.014345"><ele>47.6</ele></rtept><rtept lat="28.848647" lon="121.014385"><ele>47.6</ele></rtept><rtept lat="28.848652" lon="121.014422"><ele>47.2</ele></rtept><rtept lat="28.848657" lon="121.014457"><ele>46.6</ele></rtept><rtept lat="28.848665" lon="121.014492"><ele>46.0</ele></rtept><rtept lat="28.848675" lon="121.014527"><ele>45.8</ele></rtept><rtept lat="28.848682" lon="121.014557"><ele>45.8</ele></rtept><rtept lat="28.848687" lon="121.014592"><ele>45.8</ele></rtept><rtept lat="28.848697" lon="121.014627"><ele>45.8</ele></rtept><rtept lat="28.848702" lon="121.014657"><ele>45.6</ele></rtept><rtept lat="28.848707" lon="121.01469"><ele>45.6</ele></rtept><rtept lat="28.848707" lon="121.014722"><ele>45.4</ele></rtept><rtept lat="28.848712" lon="121.014752"><ele>45.4</ele></rtept><rtept lat="28.848712" lon="121.014782"><ele>45.4</ele></rtept><rtept lat="28.848713" lon="121.014812"><ele>45.4</ele></rtept><rtept lat="28.848717" lon="121.014845"><ele>45.8</ele></rtept><rtept lat="28.848717" lon="121.014877"><ele>45.8</ele></rtept><rtept lat="28.848717" lon="121.014907"><ele>45.6</ele></rtept><rtept lat="28.848717" lon="121.014938"><ele>45.6</ele></rtept><rtept lat="28.848722" lon="121.014975"><ele>45.6</ele></rtept><rtept lat="28.848727" lon="121.015012"><ele>45.6</ele></rtept><rtept lat="28.84873" lon="121.01505"><ele>45.6</ele></rtept><rtept lat="28.848725" lon="121.015087"><ele>45.4</ele></rtept><rtept lat="28.848717" lon="121.01512"><ele>45.4</ele></rtept><rtept lat="28.848707" lon="121.015147"><ele>45.6</ele></rtept><rtept lat="28.848695" lon="121.015177"><ele>45.6</ele></rtept><rtept lat="28.848687" lon="121.01521"><ele>45.6</ele></rtept><rtept lat="28.848685" lon="121.015248"><ele>45.6</ele></rtept><rtept lat="28.848682" lon="121.015287"><ele>46.0</ele></rtept><rtept lat="28.84868" lon="121.015315"><ele>46.0</ele></rtept><rtept lat="28.848672" lon="121.015337"><ele>45.6</ele></rtept><rtept lat="28.848655" lon="121.01533"><ele>46.2</ele></rtept><rtept lat="28.84866" lon="121.015347"><ele>44.6</ele></rtept><rtept lat="28.848662" lon="121.015372"><ele>44.6</ele></rtept><rtept lat="28.84867" lon="121.015397"><ele>44.4</ele></rtept><rtept lat="28.84868" lon="121.01542"><ele>44.4</ele></rtept><rtept lat="28.848695" lon="121.015455"><ele>44.2</ele></rtept><rtept lat="28.848712" lon="121.015502"><ele>44.4</ele></rtept><rtept lat="28.84873" lon="121.015552"><ele>44.2</ele></rtept><rtept lat="28.848742" lon="121.015602"><ele>44.4</ele></rtept><rtept lat="28.848752" lon="121.01565"><ele>44.4</ele></rtept><rtept lat="28.848757" lon="121.015695"><ele>44.4</ele></rtept><rtept lat="28.84876" lon="121.015737"><ele>44.6</ele></rtept><rtept lat="28.848757" lon="121.015777"><ele>44.4</ele></rtept><rtept lat="28.848747" lon="121.015807"><ele>44.4</ele></rtept><rtept lat="28.848732" lon="121.015837"><ele>44.2</ele></rtept><rtept lat="28.848722" lon="121.015867"><ele>44.2</ele></rtept><rtept lat="28.84871" lon="121.015895"><ele>44.6</ele></rtept><rtept lat="28.848697" lon="121.015922"><ele>44.8</ele></rtept><rtept lat="28.848682" lon="121.015942"><ele>44.8</ele></rtept><rtept lat="28.84867" lon="121.015967"><ele>44.8</ele></rtept><rtept lat="28.848657" lon="121.015987"><ele>45.2</ele></rtept><rtept lat="28.848642" lon="121.016007"><ele>45.6</ele></rtept><rtept lat="28.848627" lon="121.016025"><ele>46.0</ele></rtept><rtept lat="28.848607" lon="121.016042"><ele>46.0</ele></rtept><rtept lat="28.84859" lon="121.01606"><ele>46.2</ele></rtept><rtept lat="28.848575" lon="121.01608"><ele>46.2</ele></rtept><rtept lat="28.848558" lon="121.016097"><ele>46.2</ele></rtept><rtept lat="28.84855" lon="121.016122"><ele>46.4</ele></rtept><rtept lat="28.848542" lon="121.016152"><ele>47.2</ele></rtept><rtept lat="28.848542" lon="121.016177"><ele>47.6</ele></rtept><rtept lat="28.848542" lon="121.016202"><ele>48.4</ele></rtept><rtept lat="28.848542" lon="121.016225"><ele>49.0</ele></rtept><rtept lat="28.848547" lon="121.016247"><ele>49.4</ele></rtept><rtept lat="28.848565" lon="121.016275"><ele>49.4</ele></rtept><rtept lat="28.84858" lon="121.016302"><ele>50.2</ele></rtept><rtept lat="28.8486" lon="121.016315"><ele>50.4</ele></rtept><rtept lat="28.848617" lon="121.016332"><ele>51.0</ele></rtept><rtept lat="28.84864" lon="121.016345"><ele>52.4</ele></rtept><rtept lat="28.848652" lon="121.016352"><ele>53.6</ele></rtept><rtept lat="28.848672" lon="121.016362"><ele>54.2</ele></rtept><rtept lat="28.84869" lon="121.016382"><ele>54.6</ele></rtept><rtept lat="28.848707" lon="121.016397"><ele>55.6</ele></rtept><rtept lat="28.848722" lon="121.016417"><ele>56.6</ele></rtept><rtept lat="28.848747" lon="121.01643"><ele>56.8</ele></rtept><rtept lat="28.848762" lon="121.016445"><ele>58.0</ele></rtept><rtept lat="28.848782" lon="121.016467"><ele>58.6</ele></rtept><rtept lat="28.848805" lon="121.016495"><ele>59.0</ele></rtept><rtept lat="28.848815" lon="121.016517"><ele>59.4</ele></rtept><rtept lat="28.848825" lon="121.016537"><ele>59.6</ele></rtept><rtept lat="28.84884" lon="121.016572"><ele>59.8</ele></rtept><rtept lat="28.848857" lon="121.016605"><ele>60.8</ele></rtept><rtept lat="28.848867" lon="121.016627"><ele>61.4</ele></rtept><rtept lat="28.848882" lon="121.016662"><ele>61.4</ele></rtept><rtept lat="28.848892" lon="121.01668"><ele>61.6</ele></rtept><rtept lat="28.848912" lon="121.016712"><ele>62.2</ele></rtept><rtept lat="28.848927" lon="121.016747"><ele>62.4</ele></rtept><rtept lat="28.848938" lon="121.016775"><ele>63.2</ele></rtept><rtept lat="28.848952" lon="121.016807"><ele>63.6</ele></rtept><rtept lat="28.848967" lon="121.016842"><ele>64.2</ele></rtept><rtept lat="28.848985" lon="121.016865"><ele>64.6</ele></rtept><rtept lat="28.848992" lon="121.016885"><ele>65.4</ele></rtept><rtept lat="28.849002" lon="121.016902"><ele>65.6</ele></rtept><rtept lat="28.84902" lon="121.016922"><ele>66.6</ele></rtept><rtept lat="28.849035" lon="121.016937"><ele>66.6</ele></rtept><rtept lat="28.849052" lon="121.016955"><ele>67.4</ele></rtept><rtept lat="28.849075" lon="121.016972"><ele>67.6</ele></rtept><rtept lat="28.84909" lon="121.016987"><ele>68.4</ele></rtept><rtept lat="28.849105" lon="121.017007"><ele>69.2</ele></rtept><rtept lat="28.849117" lon="121.017022"><ele>69.8</ele></rtept><rtept lat="28.849132" lon="121.01704"><ele>70.4</ele></rtept><rtept lat="28.849142" lon="121.017057"><ele>70.8</ele></rtept><rtept lat="28.849155" lon="121.017077"><ele>71.6</ele></rtept><rtept lat="28.849162" lon="121.017105"><ele>72.0</ele></rtept><rtept lat="28.84918" lon="121.017117"><ele>72.6</ele></rtept><rtept lat="28.849197" lon="121.01713"><ele>72.6</ele></rtept><rtept lat="28.849215" lon="121.017142"><ele>73.0</ele></rtept><rtept lat="28.849235" lon="121.017147"><ele>73.4</ele></rtept><rtept lat="28.849255" lon="121.017157"><ele>74.2</ele></rtept><rtept lat="28.849282" lon="121.017157"><ele>74.2</ele></rtept><rtept lat="28.849302" lon="121.017162"><ele>74.8</ele></rtept><rtept lat="28.849318" lon="121.017167"><ele>75.6</ele></rtept><rtept lat="28.849342" lon="121.017175"><ele>76.4</ele></rtept><rtept lat="28.849362" lon="121.01718"><ele>77.0</ele></rtept><rtept lat="28.849382" lon="121.01718"><ele>78.0</ele></rtept><rtept lat="28.849405" lon="121.017175"><ele>78.6</ele></rtept><rtept lat="28.849427" lon="121.017172"><ele>79.2</ele></rtept><rtept lat="28.849445" lon="121.017175"><ele>79.4</ele></rtept><rtept lat="28.849462" lon="121.017175"><ele>81.0</ele></rtept><rtept lat="28.849482" lon="121.017175"><ele>81.2</ele></rtept><rtept lat="28.849507" lon="121.017165"><ele>81.8</ele></rtept><rtept lat="28.849525" lon="121.017145"><ele>82.4</ele></rtept><rtept lat="28.849547" lon="121.017133"><ele>82.6</ele></rtept><rtept lat="28.849565" lon="121.017133"><ele>83.2</ele></rtept><rtept lat="28.849582" lon="121.017132"><ele>84.4</ele></rtept><rtept lat="28.849605" lon="121.01713"><ele>84.8</ele></rtept><rtept lat="28.849627" lon="121.017115"><ele>85.8</ele></rtept><rtept lat="28.84966" lon="121.017107"><ele>86.2</ele></rtept><rtept lat="28.849682" lon="121.017097"><ele>87.0</ele></rtept><rtept lat="28.849712" lon="121.017095"><ele>87.4</ele></rtept><rtept lat="28.849737" lon="121.0171"><ele>88.2</ele></rtept><rtept lat="28.849767" lon="121.017105"><ele>89.0</ele></rtept><rtept lat="28.8498" lon="121.017107"><ele>89.2</ele></rtept><rtept lat="28.849817" lon="121.017117"><ele>89.4</ele></rtept><rtept lat="28.849832" lon="121.01713"><ele>89.8</ele></rtept><rtept lat="28.84984" lon="121.01715"><ele>90.2</ele></rtept><rtept lat="28.849837" lon="121.01719"><ele>90.2</ele></rtept><rtept lat="28.849827" lon="121.017207"><ele>90.4</ele></rtept><rtept lat="28.849817" lon="121.017227"><ele>90.6</ele></rtept><rtept lat="28.849805" lon="121.017245"><ele>91.0</ele></rtept><rtept lat="28.849792" lon="121.017267"><ele>91.2</ele></rtept><rtept lat="28.849777" lon="121.017285"><ele>91.6</ele></rtept><rtept lat="28.849757" lon="121.017317"><ele>92.0</ele></rtept><rtept lat="28.849737" lon="121.017347"><ele>92.6</ele></rtept><rtept lat="28.849727" lon="121.017367"><ele>92.8</ele></rtept><rtept lat="28.84972" lon="121.017385"><ele>92.8</ele></rtept><rtept lat="28.849707" lon="121.017402"><ele>93.0</ele></rtept><rtept lat="28.849695" lon="121.01742"><ele>93.2</ele></rtept><rtept lat="28.849677" lon="121.017437"><ele>93.2</ele></rtept><rtept lat="28.849662" lon="121.017457"><ele>93.2</ele></rtept><rtept lat="28.849647" lon="121.017477"><ele>93.2</ele></rtept><rtept lat="28.849635" lon="121.017497"><ele>93.2</ele></rtept><rtept lat="28.849622" lon="121.017517"><ele>93.4</ele></rtept><rtept lat="28.849612" lon="121.017535"><ele>93.4</ele></rtept><rtept lat="28.849602" lon="121.017555"><ele>94.0</ele></rtept><rtept lat="28.849582" lon="121.017592"><ele>94.2</ele></rtept><rtept lat="28.849567" lon="121.01761"><ele>94.2</ele></rtept><rtept lat="28.849555" lon="121.01763"><ele>95.0</ele></rtept><rtept lat="28.849537" lon="121.01765"><ele>95.0</ele></rtept><rtept lat="28.849522" lon="121.017667"><ele>95.0</ele></rtept><rtept lat="28.849507" lon="121.01769"><ele>95.0</ele></rtept><rtept lat="28.84949" lon="121.017712"><ele>95.2</ele></rtept><rtept lat="28.849472" lon="121.017727"><ele>95.2</ele></rtept><rtept lat="28.849455" lon="121.017742"><ele>95.6</ele></rtept><rtept lat="28.84944" lon="121.01776"><ele>95.8</ele></rtept><rtept lat="28.849425" lon="121.017775"><ele>95.8</ele></rtept><rtept lat="28.849397" lon="121.017802"><ele>96.4</ele></rtept><rtept lat="28.849387" lon="121.01782"><ele>97.0</ele></rtept><rtept lat="28.849372" lon="121.017835"><ele>97.0</ele></rtept><rtept lat="28.84936" lon="121.017865"><ele>97.0</ele></rtept><rtept lat="28.849347" lon="121.0179"><ele>97.0</ele></rtept><rtept lat="28.849337" lon="121.01793"><ele>97.0</ele></rtept><rtept lat="28.849322" lon="121.017962"><ele>97.0</ele></rtept><rtept lat="28.849312" lon="121.017992"><ele>96.8</ele></rtept><rtept lat="28.8493" lon="121.018017"><ele>96.8</ele></rtept><rtept lat="28.849287" lon="121.018042"><ele>96.8</ele></rtept><rtept lat="28.84927" lon="121.018067"><ele>96.6</ele></rtept><rtept lat="28.849252" lon="121.01809"><ele>96.8</ele></rtept><rtept lat="28.849237" lon="121.01811"><ele>96.8</ele></rtept><rtept lat="28.849222" lon="121.018135"><ele>96.8</ele></rtept><rtept lat="28.849205" lon="121.018155"><ele>96.6</ele></rtept><rtept lat="28.849187" lon="121.018175"><ele>96.6</ele></rtept><rtept lat="28.849172" lon="121.018195"><ele>96.8</ele></rtept><rtept lat="28.849155" lon="121.018212"><ele>96.8</ele></rtept><rtept lat="28.849137" lon="121.018227"><ele>96.8</ele></rtept><rtept lat="28.84912" lon="121.018237"><ele>97.0</ele></rtept><rtept lat="28.849102" lon="121.018262"><ele>97.6</ele></rtept><rtept lat="28.849087" lon="121.018287"><ele>98.2</ele></rtept><rtept lat="28.84907" lon="121.018315"><ele>98.8</ele></rtept><rtept lat="28.849062" lon="121.018332"><ele>99.8</ele></rtept><rtept lat="28.849042" lon="121.018355"><ele>100.6</ele></rtept><rtept lat="28.84902" lon="121.018375"><ele>101.0</ele></rtept><rtept lat="28.848995" lon="121.018387"><ele>102.0</ele></rtept><rtept lat="28.848977" lon="121.018392"><ele>102.6</ele></rtept><rtept lat="28.848962" lon="121.018407"><ele>103.6</ele></rtept><rtept lat="28.848938" lon="121.018407"><ele>104.2</ele></rtept><rtept lat="28.848922" lon="121.018417"><ele>105.0</ele></rtept><rtept lat="28.848897" lon="121.018412"><ele>105.4</ele></rtept><rtept lat="28.84888" lon="121.018422"><ele>106.0</ele></rtept><rtept lat="28.848855" lon="121.018427"><ele>107.0</ele></rtept><rtept lat="28.848832" lon="121.01844"><ele>107.0</ele></rtept><rtept lat="28.848815" lon="121.01845"><ele>107.6</ele></rtept><rtept lat="28.848795" lon="121.018455"><ele>108.8</ele></rtept><rtept lat="28.848777" lon="121.018467"><ele>109.6</ele></rtept><rtept lat="28.848762" lon="121.018482"><ele>110.6</ele></rtept><rtept lat="28.848742" lon="121.018492"><ele>111.2</ele></rtept><rtept lat="28.848722" lon="121.01851"><ele>112.4</ele></rtept><rtept lat="28.84871" lon="121.01853"><ele>112.4</ele></rtept><rtept lat="28.848695" lon="121.018542"><ele>113.6</ele></rtept><rtept lat="28.848682" lon="121.018555"><ele>114.2</ele></rtept><rtept lat="28.84866" lon="121.018567"><ele>114.8</ele></rtept><rtept lat="28.84864" lon="121.018572"><ele>115.2</ele></rtept><rtept lat="28.84862" lon="121.018572"><ele>116.0</ele></rtept><rtept lat="28.848602" lon="121.018572"><ele>116.2</ele></rtept><rtept lat="28.848577" lon="121.018572"><ele>118.4</ele></rtept><rtept lat="28.848552" lon="121.018577"><ele>118.4</ele></rtept><rtept lat="28.848532" lon="121.018567"><ele>119.4</ele></rtept><rtept lat="28.848507" lon="121.018552"><ele>119.8</ele></rtept><rtept lat="28.848487" lon="121.018537"><ele>120.4</ele></rtept><rtept lat="28.848467" lon="121.018517"><ele>121.0</ele></rtept><rtept lat="28.848447" lon="121.018502"><ele>121.6</ele></rtept><rtept lat="28.848435" lon="121.018482"><ele>121.6</ele></rtept><rtept lat="28.848412" lon="121.01846"><ele>122.0</ele></rtept><rtept lat="28.848392" lon="121.018435"><ele>122.8</ele></rtept><rtept lat="28.848367" lon="121.01841"><ele>122.8</ele></rtept><rtept lat="28.848342" lon="121.018382"><ele>123.6</ele></rtept><rtept lat="28.848327" lon="121.018362"><ele>123.8</ele></rtept><rtept lat="28.848297" lon="121.018337"><ele>124.4</ele></rtept><rtept lat="28.84828" lon="121.01833"><ele>124.4</ele></rtept><rtept lat="28.848262" lon="121.018327"><ele>124.4</ele></rtept><rtept lat="28.848242" lon="121.018322"><ele>124.6</ele></rtept><rtept lat="28.848212" lon="121.018307"><ele>125.6</ele></rtept><rtept lat="28.848187" lon="121.018287"><ele>125.8</ele></rtept><rtept lat="28.848165" lon="121.018265"><ele>125.8</ele></rtept><rtept lat="28.848137" lon="121.01824"><ele>126.4</ele></rtept><rtept lat="28.848122" lon="121.018225"><ele>126.8</ele></rtept><rtept lat="28.848102" lon="121.018207"><ele>127.2</ele></rtept><rtept lat="28.848082" lon="121.0182"><ele>127.4</ele></rtept><rtept lat="28.848072" lon="121.01818"><ele>128.4</ele></rtept><rtept lat="28.848057" lon="121.018162"><ele>129.2</ele></rtept><rtept lat="28.848042" lon="121.018152"><ele>129.6</ele></rtept><rtept lat="28.848022" lon="121.018135"><ele>130.8</ele></rtept><rtept lat="28.848007" lon="121.018117"><ele>131.2</ele></rtept><rtept lat="28.847987" lon="121.018095"><ele>131.8</ele></rtept><rtept lat="28.84797" lon="121.01809"><ele>132.8</ele></rtept><rtept lat="28.847947" lon="121.018077"><ele>133.6</ele></rtept><rtept lat="28.847932" lon="121.018065"><ele>133.8</ele></rtept><rtept lat="28.847915" lon="121.018057"><ele>134.8</ele></rtept><rtept lat="28.8479" lon="121.018047"><ele>135.6</ele></rtept><rtept lat="28.847882" lon="121.018042"><ele>136.4</ele></rtept><rtept lat="28.847857" lon="121.018037"><ele>137.4</ele></rtept><rtept lat="28.84784" lon="121.018032"><ele>138.0</ele></rtept><rtept lat="28.847812" lon="121.018032"><ele>138.8</ele></rtept><rtept lat="28.847797" lon="121.018022"><ele>139.6</ele></rtept><rtept lat="28.847777" lon="121.018015"><ele>140.4</ele></rtept><rtept lat="28.847755" lon="121.018012"><ele>141.4</ele></rtept><rtept lat="28.847732" lon="121.018007"><ele>141.8</ele></rtept><rtept lat="28.847715" lon="121.017997"><ele>143.0</ele></rtept><rtept lat="28.8477" lon="121.017987"><ele>144.0</ele></rtept><rtept lat="28.847682" lon="121.01797"><ele>144.6</ele></rtept><rtept lat="28.84767" lon="121.017947"><ele>145.0</ele></rtept><rtept lat="28.84765" lon="121.017932"><ele>145.6</ele></rtept><rtept lat="28.847632" lon="121.017932"><ele>146.6</ele></rtept><rtept lat="28.847612" lon="121.017927"><ele>147.6</ele></rtept><rtept lat="28.847602" lon="121.017912"><ele>148.2</ele></rtept><rtept lat="28.847582" lon="121.0179"><ele>149.0</ele></rtept><rtept lat="28.847565" lon="121.0179"><ele>150.2</ele></rtept><rtept lat="28.84755" lon="121.01791"><ele>151.0</ele></rtept><rtept lat="28.847532" lon="121.017917"><ele>151.8</ele></rtept><rtept lat="28.847512" lon="121.017912"><ele>153.2</ele></rtept><rtept lat="28.847492" lon="121.0179"><ele>154.0</ele></rtept><rtept lat="28.847475" lon="121.017892"><ele>154.4</ele></rtept><rtept lat="28.847452" lon="121.017892"><ele>154.6</ele></rtept><rtept lat="28.847427" lon="121.017897"><ele>155.2</ele></rtept><rtept lat="28.847412" lon="121.017882"><ele>156.2</ele></rtept><rtept lat="28.8474" lon="121.017877"><ele>158.2</ele></rtept><rtept lat="28.847377" lon="121.017865"><ele>159.0</ele></rtept><rtept lat="28.847375" lon="121.017842"><ele>159.6</ele></rtept><rtept lat="28.847377" lon="121.017817"><ele>160.2</ele></rtept><rtept lat="28.84736" lon="121.01779"><ele>160.8</ele></rtept><rtept lat="28.847332" lon="121.017762"><ele>161.0</ele></rtept><rtept lat="28.84731" lon="121.017747"><ele>161.6</ele></rtept><rtept lat="28.847295" lon="121.017732"><ele>162.8</ele></rtept><rtept lat="28.847272" lon="121.01772"><ele>163.6</ele></rtept><rtept lat="28.847257" lon="121.017707"><ele>164.0</ele></rtept><rtept lat="28.84724" lon="121.017692"><ele>165.0</ele></rtept><rtept lat="28.84722" lon="121.017682"><ele>165.8</ele></rtept><rtept lat="28.847202" lon="121.017672"><ele>166.4</ele></rtept><rtept lat="28.847177" lon="121.017662"><ele>167.8</ele></rtept><rtept lat="28.847152" lon="121.017662"><ele>168.4</ele></rtept><rtept lat="28.847135" lon="121.017672"><ele>169.2</ele></rtept><rtept lat="28.84713" lon="121.017697"><ele>170.2</ele></rtept><rtept lat="28.847107" lon="121.017707"><ele>171.0</ele></rtept><rtept lat="28.847082" lon="121.017717"><ele>172.6</ele></rtept><rtept lat="28.847062" lon="121.017727"><ele>173.0</ele></rtept><rtept lat="28.847045" lon="121.017737"><ele>173.4</ele></rtept><rtept lat="28.847027" lon="121.017753"><ele>174.2</ele></rtept><rtept lat="28.847012" lon="121.017765"><ele>175.4</ele></rtept><rtept lat="28.846992" lon="121.01777"><ele>176.4</ele></rtept><rtept lat="28.846962" lon="121.017772"><ele>177.2</ele></rtept><rtept lat="28.84694" lon="121.017777"><ele>178.2</ele></rtept><rtept lat="28.846917" lon="121.017785"><ele>178.2</ele></rtept><rtept lat="28.846887" lon="121.017792"><ele>179.2</ele></rtept><rtept lat="28.846865" lon="121.01779"><ele>179.2</ele></rtept><rtept lat="28.846847" lon="121.017787"><ele>180.2</ele></rtept><rtept lat="28.846827" lon="121.017787"><ele>180.8</ele></rtept><rtept lat="28.846802" lon="121.017787"><ele>182.0</ele></rtept><rtept lat="28.846782" lon="121.01779"><ele>182.0</ele></rtept><rtept lat="28.846762" lon="121.017792"><ele>182.8</ele></rtept><rtept lat="28.846737" lon="121.017797"><ele>183.4</ele></rtept><rtept lat="28.846722" lon="121.017797"><ele>184.2</ele></rtept><rtept lat="28.846702" lon="121.017802"><ele>184.6</ele></rtept><rtept lat="28.846682" lon="121.017817"><ele>185.2</ele></rtept><rtept lat="28.846662" lon="121.017827"><ele>186.2</ele></rtept><rtept lat="28.846642" lon="121.017842"><ele>186.8</ele></rtept><rtept lat="28.846625" lon="121.017852"><ele>187.6</ele></rtept><rtept lat="28.846602" lon="121.017857"><ele>188.2</ele></rtept><rtept lat="28.846582" lon="121.017867"><ele>189.2</ele></rtept><rtept lat="28.846565" lon="121.017877"><ele>190.2</ele></rtept><rtept lat="28.846545" lon="121.017877"><ele>190.2</ele></rtept><rtept lat="28.84653" lon="121.01788"><ele>191.4</ele></rtept><rtept lat="28.846512" lon="121.01789"><ele>191.8</ele></rtept><rtept lat="28.846495" lon="121.017893"><ele>192.8</ele></rtept><rtept lat="28.846475" lon="121.017892"><ele>193.2</ele></rtept><rtept lat="28.846457" lon="121.017893"><ele>194.0</ele></rtept><rtept lat="28.846437" lon="121.017905"><ele>194.8</ele></rtept><rtept lat="28.84642" lon="121.017917"><ele>195.2</ele></rtept><rtept lat="28.846402" lon="121.017915"><ele>196.0</ele></rtept><rtept lat="28.846372" lon="121.017922"><ele>196.6</ele></rtept><rtept lat="28.84635" lon="121.017922"><ele>197.2</ele></rtept><rtept lat="28.846322" lon="121.017925"><ele>198.0</ele></rtept><rtept lat="28.846302" lon="121.017927"><ele>198.6</ele></rtept><rtept lat="28.846282" lon="121.017937"><ele>199.4</ele></rtept><rtept lat="28.846267" lon="121.017917"><ele>200.8</ele></rtept><rtept lat="28.846247" lon="121.017917"><ele>201.2</ele></rtept><rtept lat="28.846232" lon="121.017922"><ele>202.4</ele></rtept><rtept lat="28.846207" lon="121.017927"><ele>203.6</ele></rtept><rtept lat="28.846192" lon="121.017937"><ele>204.6</ele></rtept><rtept lat="28.846177" lon="121.017942"><ele>205.8</ele></rtept><rtept lat="28.846157" lon="121.017947"><ele>206.0</ele></rtept><rtept lat="28.846145" lon="121.017947"><ele>207.6</ele></rtept><rtept lat="28.846125" lon="121.017947"><ele>208.0</ele></rtept><rtept lat="28.846105" lon="121.017942"><ele>208.6</ele></rtept><rtept lat="28.846087" lon="121.017935"><ele>210.4</ele></rtept><rtept lat="28.846075" lon="121.017937"><ele>212.0</ele></rtept><rtept lat="28.846055" lon="121.017952"><ele>213.2</ele></rtept><rtept lat="28.846035" lon="121.017962"><ele>214.2</ele></rtept><rtept lat="28.846012" lon="121.017967"><ele>214.6</ele></rtept><rtept lat="28.845992" lon="121.017978"><ele>215.6</ele></rtept><rtept lat="28.845975" lon="121.017977"><ele>217.0</ele></rtept><rtept lat="28.845952" lon="121.01797"><ele>218.4</ele></rtept><rtept lat="28.84593" lon="121.017978"><ele>219.0</ele></rtept><rtept lat="28.845912" lon="121.017995"><ele>220.4</ele></rtept><rtept lat="28.845885" lon="121.018002"><ele>221.2</ele></rtept><rtept lat="28.845862" lon="121.018005"><ele>222.0</ele></rtept><rtept lat="28.845842" lon="121.018012"><ele>223.2</ele></rtept><rtept lat="28.845827" lon="121.018015"><ele>224.2</ele></rtept><rtept lat="28.845802" lon="121.018012"><ele>225.8</ele></rtept><rtept lat="28.84578" lon="121.018017"><ele>226.2</ele></rtept><rtept lat="28.845757" lon="121.018025"><ele>226.6</ele></rtept><rtept lat="28.845735" lon="121.01803"><ele>227.6</ele></rtept><rtept lat="28.845715" lon="121.018027"><ele>228.6</ele></rtept><rtept lat="28.84569" lon="121.018045"><ele>229.4</ele></rtept><rtept lat="28.84567" lon="121.018052"><ele>230.6</ele></rtept><rtept lat="28.845647" lon="121.018057"><ele>231.6</ele></rtept><rtept lat="28.845632" lon="121.018072"><ele>231.8</ele></rtept><rtept lat="28.845622" lon="121.018097"><ele>232.8</ele></rtept><rtept lat="28.845617" lon="121.018118"><ele>233.4</ele></rtept><rtept lat="28.845615" lon="121.018147"><ele>234.2</ele></rtept><rtept lat="28.845603" lon="121.018165"><ele>234.6</ele></rtept><rtept lat="28.845597" lon="121.01818"><ele>235.8</ele></rtept><rtept lat="28.845587" lon="121.018202"><ele>236.6</ele></rtept><rtept lat="28.845582" lon="121.018227"><ele>236.8</ele></rtept><rtept lat="28.845582" lon="121.01825"><ele>237.6</ele></rtept><rtept lat="28.845582" lon="121.018282"><ele>238.2</ele></rtept><rtept lat="28.84558" lon="121.018307"><ele>239.0</ele></rtept><rtept lat="28.845575" lon="121.018327"><ele>239.4</ele></rtept><rtept lat="28.845577" lon="121.018357"><ele>240.2</ele></rtept><rtept lat="28.845565" lon="121.018387"><ele>240.6</ele></rtept><rtept lat="28.845562" lon="121.01841"><ele>241.8</ele></rtept><rtept lat="28.845552" lon="121.018432"><ele>242.6</ele></rtept><rtept lat="28.84555" lon="121.018452"><ele>243.8</ele></rtept><rtept lat="28.845542" lon="121.01847"><ele>244.6</ele></rtept><rtept lat="28.845542" lon="121.018492"><ele>244.8</ele></rtept><rtept lat="28.84554" lon="121.018517"><ele>245.4</ele></rtept><rtept lat="28.845535" lon="121.018535"><ele>246.4</ele></rtept><rtept lat="28.845532" lon="121.018557"><ele>247.0</ele></rtept><rtept lat="28.845532" lon="121.018572"><ele>249.2</ele></rtept><rtept lat="28.845527" lon="121.018595"><ele>249.2</ele></rtept><rtept lat="28.845517" lon="121.01862"><ele>249.4</ele></rtept><rtept lat="28.845505" lon="121.018642"><ele>250.6</ele></rtept><rtept lat="28.845497" lon="121.018662"><ele>251.4</ele></rtept><rtept lat="28.845487" lon="121.01868"><ele>252.8</ele></rtept><rtept lat="28.845475" lon="121.018697"><ele>253.6</ele></rtept><rtept lat="28.845457" lon="121.01872"><ele>254.8</ele></rtept><rtept lat="28.845442" lon="121.018735"><ele>255.0</ele></rtept><rtept lat="28.845427" lon="121.018757"><ele>255.8</ele></rtept><rtept lat="28.845412" lon="121.018777"><ele>256.8</ele></rtept><rtept lat="28.845395" lon="121.01879"><ele>257.4</ele></rtept><rtept lat="28.845382" lon="121.018807"><ele>257.6</ele></rtept><rtept lat="28.845372" lon="121.018827"><ele>257.8</ele></rtept><rtept lat="28.845362" lon="121.018845"><ele>258.8</ele></rtept><rtept lat="28.84536" lon="121.018867"><ele>260.0</ele></rtept><rtept lat="28.84536" lon="121.018892"><ele>261.0</ele></rtept><rtept lat="28.84536" lon="121.018912"><ele>262.4</ele></rtept><rtept lat="28.845362" lon="121.018925"><ele>264.2</ele></rtept><rtept lat="28.845372" lon="121.018945"><ele>264.8</ele></rtept><rtept lat="28.845382" lon="121.01896"><ele>265.4</ele></rtept><rtept lat="28.845387" lon="121.018987"><ele>266.2</ele></rtept><rtept lat="28.845392" lon="121.019015"><ele>267.2</ele></rtept><rtept lat="28.8454" lon="121.019032"><ele>268.2</ele></rtept><rtept lat="28.845407" lon="121.019057"><ele>269.2</ele></rtept><rtept lat="28.845422" lon="121.019077"><ele>270.4</ele></rtept><rtept lat="28.845427" lon="121.019097"><ele>270.8</ele></rtept><rtept lat="28.845432" lon="121.019117"><ele>271.8</ele></rtept><rtept lat="28.845442" lon="121.019137"><ele>272.8</ele></rtept><rtept lat="28.84545" lon="121.01916"><ele>273.6</ele></rtept><rtept lat="28.845452" lon="121.01918"><ele>274.0</ele></rtept><rtept lat="28.845447" lon="121.019197"><ele>275.2</ele></rtept><rtept lat="28.845445" lon="121.019217"><ele>275.4</ele></rtept><rtept lat="28.845445" lon="121.01924"><ele>277.2</ele></rtept><rtept lat="28.84546" lon="121.019252"><ele>278.6</ele></rtept><rtept lat="28.845462" lon="121.019273"><ele>279.6</ele></rtept><rtept lat="28.845467" lon="121.019305"><ele>280.4</ele></rtept><rtept lat="28.845472" lon="121.019332"><ele>281.2</ele></rtept><rtept lat="28.845482" lon="121.019352"><ele>281.8</ele></rtept><rtept lat="28.845487" lon="121.019377"><ele>282.2</ele></rtept><rtept lat="28.84549" lon="121.019402"><ele>282.6</ele></rtept><rtept lat="28.8455" lon="121.019427"><ele>283.4</ele></rtept><rtept lat="28.845502" lon="121.01945"><ele>284.2</ele></rtept><rtept lat="28.8455" lon="121.019477"><ele>285.4</ele></rtept><rtept lat="28.845497" lon="121.019497"><ele>286.4</ele></rtept><rtept lat="28.845492" lon="121.019532"><ele>287.4</ele></rtept><rtept lat="28.845495" lon="121.019552"><ele>287.4</ele></rtept><rtept lat="28.8455" lon="121.019577"><ele>288.6</ele></rtept><rtept lat="28.845502" lon="121.019597"><ele>289.2</ele></rtept><rtept lat="28.845502" lon="121.019617"><ele>290.0</ele></rtept><rtept lat="28.845502" lon="121.019655"><ele>290.8</ele></rtept><rtept lat="28.845502" lon="121.019677"><ele>291.0</ele></rtept><rtept lat="28.845512" lon="121.019697"><ele>291.8</ele></rtept><rtept lat="28.84551" lon="121.019732"><ele>292.2</ele></rtept><rtept lat="28.845497" lon="121.019762"><ele>292.8</ele></rtept><rtept lat="28.84549" lon="121.019785"><ele>292.8</ele></rtept><rtept lat="28.845482" lon="121.01982"><ele>293.2</ele></rtept><rtept lat="28.845465" lon="121.019852"><ele>293.8</ele></rtept><rtept lat="28.845457" lon="121.019882"><ele>294.8</ele></rtept><rtept lat="28.845457" lon="121.019922"><ele>295.8</ele></rtept><rtept lat="28.845457" lon="121.019942"><ele>295.8</ele></rtept><rtept lat="28.845452" lon="121.019965"><ele>295.8</ele></rtept><rtept lat="28.84544" lon="121.019982"><ele>296.0</ele></rtept><rtept lat="28.84542" lon="121.02001"><ele>296.4</ele></rtept><rtept lat="28.845407" lon="121.02004"><ele>296.6</ele></rtept><rtept lat="28.845392" lon="121.020062"><ele>297.0</ele></rtept><rtept lat="28.845377" lon="121.020085"><ele>297.6</ele></rtept><rtept lat="28.845365" lon="121.020107"><ele>298.0</ele></rtept><rtept lat="28.84535" lon="121.020132"><ele>298.4</ele></rtept><rtept lat="28.84533" lon="121.020147"><ele>298.8</ele></rtept><rtept lat="28.845317" lon="121.020162"><ele>299.8</ele></rtept><rtept lat="28.845297" lon="121.020187"><ele>300.0</ele></rtept><rtept lat="28.845285" lon="121.02021"><ele>300.4</ele></rtept><rtept lat="28.845267" lon="121.020237"><ele>300.8</ele></rtept><rtept lat="28.845252" lon="121.020267"><ele>301.6</ele></rtept><rtept lat="28.845232" lon="121.020285"><ele>302.0</ele></rtept><rtept lat="28.84522" lon="121.020312"><ele>302.4</ele></rtept><rtept lat="28.845205" lon="121.020327"><ele>302.6</ele></rtept><rtept lat="28.845192" lon="121.020345"><ele>303.0</ele></rtept><rtept lat="28.845182" lon="121.020362"><ele>303.0</ele></rtept><rtept lat="28.845167" lon="121.020397"><ele>303.6</ele></rtept><rtept lat="28.84516" lon="121.020417"><ele>303.8</ele></rtept><rtept lat="28.84514" lon="121.020455"><ele>304.6</ele></rtept><rtept lat="28.845127" lon="121.020472"><ele>304.8</ele></rtept><rtept lat="28.845117" lon="121.02049"><ele>304.8</ele></rtept><rtept lat="28.845097" lon="121.020517"><ele>305.6</ele></rtept><rtept lat="28.845075" lon="121.020542"><ele>306.4</ele></rtept><rtept lat="28.845062" lon="121.020562"><ele>307.0</ele></rtept><rtept lat="28.84505" lon="121.020585"><ele>307.6</ele></rtept><rtept lat="28.845047" lon="121.02061"><ele>308.4</ele></rtept><rtept lat="28.845037" lon="121.020637"><ele>309.0</ele></rtept><rtept lat="28.845032" lon="121.020657"><ele>309.4</ele></rtept><rtept lat="28.845032" lon="121.020685"><ele>310.2</ele></rtept><rtept lat="28.845027" lon="121.020707"><ele>310.2</ele></rtept><rtept lat="28.84502" lon="121.020737"><ele>310.6</ele></rtept><rtept lat="28.845017" lon="121.020767"><ele>311.2</ele></rtept><rtept lat="28.84502" lon="121.020802"><ele>311.8</ele></rtept><rtept lat="28.845025" lon="121.020832"><ele>312.4</ele></rtept><rtept lat="28.845025" lon="121.020865"><ele>312.8</ele></rtept><rtept lat="28.84503" lon="121.020887"><ele>313.2</ele></rtept><rtept lat="28.845027" lon="121.020912"><ele>313.2</ele></rtept><rtept lat="28.845027" lon="121.020932"><ele>313.4</ele></rtept><rtept lat="28.845022" lon="121.020952"><ele>313.6</ele></rtept><rtept lat="28.845015" lon="121.020992"><ele>313.8</ele></rtept><rtept lat="28.84501" lon="121.021032"><ele>314.0</ele></rtept><rtept lat="28.845007" lon="121.02107"><ele>314.0</ele></rtept><rtept lat="28.844998" lon="121.021105"><ele>314.2</ele></rtept><rtept lat="28.844987" lon="121.021137"><ele>314.4</ele></rtept><rtept lat="28.844972" lon="121.021167"><ele>315.2</ele></rtept><rtept lat="28.84496" lon="121.0212"><ele>315.4</ele></rtept><rtept lat="28.844957" lon="121.02123"><ele>316.0</ele></rtept><rtept lat="28.844957" lon="121.021257"><ele>317.0</ele></rtept><rtept lat="28.844955" lon="121.021282"><ele>317.2</ele></rtept><rtept lat="28.844952" lon="121.021302"><ele>318.4</ele></rtept><rtept lat="28.844947" lon="121.021335"><ele>319.0</ele></rtept><rtept lat="28.844937" lon="121.021367"><ele>320.0</ele></rtept><rtept lat="28.844927" lon="121.021402"><ele>320.4</ele></rtept><rtept lat="28.844922" lon="121.021422"><ele>321.0</ele></rtept><rtept lat="28.844917" lon="121.02146"><ele>321.6</ele></rtept><rtept lat="28.844917" lon="121.021482"><ele>322.2</ele></rtept><rtept lat="28.844907" lon="121.021517"><ele>322.4</ele></rtept><rtept lat="28.844897" lon="121.021545"><ele>322.8</ele></rtept><rtept lat="28.84488" lon="121.021575"><ele>323.4</ele></rtept><rtept lat="28.844872" lon="121.021592"><ele>323.8</ele></rtept><rtept lat="28.844857" lon="121.021625"><ele>324.2</ele></rtept><rtept lat="28.844852" lon="121.021647"><ele>325.4</ele></rtept><rtept lat="28.844847" lon="121.021682"><ele>325.8</ele></rtept><rtept lat="28.844847" lon="121.021705"><ele>325.8</ele></rtept><rtept lat="28.844845" lon="121.021747"><ele>326.4</ele></rtept><rtept lat="28.844837" lon="121.021785"><ele>326.8</ele></rtept><rtept lat="28.844842" lon="121.02182"><ele>327.2</ele></rtept><rtept lat="28.844842" lon="121.021852"><ele>327.8</ele></rtept><rtept lat="28.844847" lon="121.021895"><ele>328.2</ele></rtept><rtept lat="28.84485" lon="121.021917"><ele>328.2</ele></rtept><rtept lat="28.84485" lon="121.021952"><ele>328.6</ele></rtept><rtept lat="28.84485" lon="121.021977"><ele>328.8</ele></rtept><rtept lat="28.844847" lon="121.022"><ele>329.2</ele></rtept><rtept lat="28.844845" lon="121.022022"><ele>329.4</ele></rtept><rtept lat="28.84484" lon="121.022042"><ele>329.6</ele></rtept><rtept lat="28.844832" lon="121.022065"><ele>330.0</ele></rtept><rtept lat="28.84482" lon="121.022097"><ele>330.4</ele></rtept><rtept lat="28.844802" lon="121.022132"><ele>330.6</ele></rtept><rtept lat="28.844787" lon="121.022157"><ele>331.2</ele></rtept><rtept lat="28.844782" lon="121.022182"><ele>331.8</ele></rtept><rtept lat="28.844787" lon="121.022212"><ele>332.4</ele></rtept><rtept lat="28.844787" lon="121.022242"><ele>332.6</ele></rtept><rtept lat="28.844787" lon="121.022272"><ele>333.2</ele></rtept><rtept lat="28.844787" lon="121.022295"><ele>333.4</ele></rtept><rtept lat="28.844787" lon="121.022327"><ele>334.4</ele></rtept><rtept lat="28.844782" lon="121.022347"><ele>334.8</ele></rtept><rtept lat="28.844777" lon="121.022368"><ele>335.2</ele></rtept><rtept lat="28.844773" lon="121.0224"><ele>336.4</ele></rtept><rtept lat="28.84477" lon="121.022435"><ele>336.4</ele></rtept><rtept lat="28.844762" lon="121.022467"><ele>337.0</ele></rtept><rtept lat="28.844757" lon="121.0225"><ele>337.6</ele></rtept><rtept lat="28.84475" lon="121.02253"><ele>338.0</ele></rtept><rtept lat="28.84474" lon="121.022562"><ele>338.6</ele></rtept><rtept lat="28.844735" lon="121.022592"><ele>339.0</ele></rtept><rtept lat="28.844732" lon="121.022625"><ele>339.6</ele></rtept><rtept lat="28.844727" lon="121.02266"><ele>340.2</ele></rtept><rtept lat="28.844722" lon="121.022692"><ele>341.2</ele></rtept><rtept lat="28.844717" lon="121.022717"><ele>341.4</ele></rtept><rtept lat="28.844705" lon="121.022752"><ele>342.4</ele></rtept><rtept lat="28.844697" lon="121.022782"><ele>342.6</ele></rtept><rtept lat="28.84469" lon="121.022817"><ele>343.0</ele></rtept><rtept lat="28.84469" lon="121.022857"><ele>343.4</ele></rtept><rtept lat="28.844682" lon="121.0229"><ele>343.8</ele></rtept><rtept lat="28.844677" lon="121.022932"><ele>344.6</ele></rtept><rtept lat="28.844682" lon="121.022962"><ele>345.0</ele></rtept><rtept lat="28.844682" lon="121.022997"><ele>345.8</ele></rtept><rtept lat="28.844692" lon="121.023027"><ele>346.2</ele></rtept><rtept lat="28.844702" lon="121.023057"><ele>346.4</ele></rtept><rtept lat="28.844707" lon="121.023097"><ele>347.0</ele></rtept><rtept lat="28.84471" lon="121.02312"><ele>347.4</ele></rtept><rtept lat="28.844707" lon="121.02316"><ele>348.0</ele></rtept><rtept lat="28.844705" lon="121.023192"><ele>348.8</ele></rtept><rtept lat="28.844702" lon="121.023227"><ele>349.0</ele></rtept><rtept lat="28.844697" lon="121.023257"><ele>349.6</ele></rtept><rtept lat="28.84468" lon="121.023287"><ele>350.2</ele></rtept><rtept lat="28.844662" lon="121.023302"><ele>350.6</ele></rtept><rtept lat="28.844645" lon="121.023327"><ele>351.8</ele></rtept><rtept lat="28.844632" lon="121.023347"><ele>352.0</ele></rtept><rtept lat="28.844615" lon="121.023372"><ele>352.0</ele></rtept><rtept lat="28.8446" lon="121.023402"><ele>352.6</ele></rtept><rtept lat="28.844595" lon="121.023422"><ele>352.8</ele></rtept><rtept lat="28.844587" lon="121.023457"><ele>353.4</ele></rtept><rtept lat="28.844575" lon="121.023487"><ele>353.8</ele></rtept><rtept lat="28.844572" lon="121.02352"><ele>354.2</ele></rtept><rtept lat="28.844562" lon="121.023552"><ele>354.8</ele></rtept><rtept lat="28.844557" lon="121.023578"><ele>355.4</ele></rtept><rtept lat="28.844542" lon="121.023607"><ele>356.0</ele></rtept><rtept lat="28.844527" lon="121.023632"><ele>356.8</ele></rtept><rtept lat="28.844522" lon="121.023667"><ele>357.2</ele></rtept><rtept lat="28.84451" lon="121.023695"><ele>357.4</ele></rtept><rtept lat="28.844497" lon="121.023725"><ele>358.4</ele></rtept><rtept lat="28.844492" lon="121.02375"><ele>359.4</ele></rtept><rtept lat="28.844482" lon="121.023777"><ele>360.2</ele></rtept><rtept lat="28.84447" lon="121.023812"><ele>360.4</ele></rtept><rtept lat="28.844462" lon="121.023835"><ele>360.6</ele></rtept><rtept lat="28.844452" lon="121.023855"><ele>360.6</ele></rtept><rtept lat="28.844435" lon="121.023888"><ele>361.2</ele></rtept><rtept lat="28.844415" lon="121.023917"><ele>361.6</ele></rtept><rtept lat="28.844392" lon="121.023947"><ele>362.2</ele></rtept><rtept lat="28.844367" lon="121.023967"><ele>362.8</ele></rtept><rtept lat="28.844342" lon="121.023987"><ele>363.4</ele></rtept><rtept lat="28.84432" lon="121.024007"><ele>363.4</ele></rtept><rtept lat="28.844292" lon="121.024027"><ele>364.2</ele></rtept><rtept lat="28.844272" lon="121.024047"><ele>364.8</ele></rtept><rtept lat="28.844247" lon="121.024077"><ele>365.4</ele></rtept><rtept lat="28.844222" lon="121.024105"><ele>365.4</ele></rtept><rtept lat="28.844212" lon="121.024122"><ele>365.4</ele></rtept><rtept lat="28.844202" lon="121.024162"><ele>366.0</ele></rtept><rtept lat="28.844197" lon="121.02419"><ele>366.6</ele></rtept><rtept lat="28.844195" lon="121.024222"><ele>366.6</ele></rtept><rtept lat="28.844195" lon="121.024257"><ele>366.6</ele></rtept><rtept lat="28.844187" lon="121.02429"><ele>366.4</ele></rtept><rtept lat="28.844187" lon="121.024322"><ele>366.2</ele></rtept><rtept lat="28.84418" lon="121.024357"><ele>366.2</ele></rtept><rtept lat="28.844177" lon="121.024387"><ele>366.2</ele></rtept><rtept lat="28.844177" lon="121.024417"><ele>365.8</ele></rtept><rtept lat="28.844177" lon="121.024445"><ele>365.6</ele></rtept><rtept lat="28.844177" lon="121.024475"><ele>365.4</ele></rtept><rtept lat="28.844182" lon="121.024502"><ele>365.2</ele></rtept><rtept lat="28.844182" lon="121.024532"><ele>365.2</ele></rtept><rtept lat="28.84418" lon="121.024557"><ele>365.6</ele></rtept><rtept lat="28.844177" lon="121.02459"><ele>365.8</ele></rtept><rtept lat="28.844177" lon="121.024617"><ele>365.8</ele></rtept><rtept lat="28.844167" lon="121.02464"><ele>366.0</ele></rtept><rtept lat="28.844157" lon="121.024667"><ele>366.0</ele></rtept><rtept lat="28.844152" lon="121.024692"><ele>366.0</ele></rtept><rtept lat="28.844145" lon="121.02472"><ele>366.2</ele></rtept><rtept lat="28.844137" lon="121.024747"><ele>366.2</ele></rtept><rtept lat="28.84413" lon="121.024775"><ele>366.0</ele></rtept><rtept lat="28.844122" lon="121.024807"><ele>366.0</ele></rtept><rtept lat="28.844115" lon="121.024837"><ele>366.0</ele></rtept><rtept lat="28.844107" lon="121.024857"><ele>366.2</ele></rtept><rtept lat="28.844097" lon="121.024877"><ele>366.4</ele></rtept><rtept lat="28.844085" lon="121.024897"><ele>366.6</ele></rtept><rtept lat="28.844067" lon="121.02492"><ele>366.6</ele></rtept><rtept lat="28.844047" lon="121.02494"><ele>366.6</ele></rtept><rtept lat="28.84403" lon="121.024957"><ele>366.6</ele></rtept><rtept lat="28.844013" lon="121.024977"><ele>367.2</ele></rtept><rtept lat="28.844002" lon="121.024997"><ele>367.2</ele></rtept><rtept lat="28.843995" lon="121.02502"><ele>367.2</ele></rtept><rtept lat="28.843992" lon="121.025042"><ele>367.6</ele></rtept><rtept lat="28.843982" lon="121.025067"><ele>367.6</ele></rtept><rtept lat="28.843972" lon="121.025087"><ele>368.0</ele></rtept><rtept lat="28.843962" lon="121.025107"><ele>368.2</ele></rtept><rtept lat="28.843947" lon="121.025127"><ele>368.2</ele></rtept><rtept lat="28.843927" lon="121.025145"><ele>368.8</ele></rtept><rtept lat="28.843907" lon="121.02516"><ele>369.2</ele></rtept><rtept lat="28.843885" lon="121.025172"><ele>369.8</ele></rtept><rtept lat="28.843865" lon="121.025183"><ele>370.0</ele></rtept><rtept lat="28.843842" lon="121.025197"><ele>370.0</ele></rtept><rtept lat="28.843817" lon="121.025215"><ele>370.2</ele></rtept><rtept lat="28.843792" lon="121.025227"><ele>370.6</ele></rtept><rtept lat="28.843765" lon="121.025237"><ele>370.6</ele></rtept><rtept lat="28.843737" lon="121.025247"><ele>370.4</ele></rtept><rtept lat="28.843707" lon="121.025252"><ele>370.4</ele></rtept><rtept lat="28.843677" lon="121.02525"><ele>371.0</ele></rtept><rtept lat="28.84365" lon="121.025245"><ele>371.2</ele></rtept><rtept lat="28.843622" lon="121.025238"><ele>371.2</ele></rtept><rtept lat="28.843597" lon="121.025235"><ele>371.0</ele></rtept><rtept lat="28.843575" lon="121.025227"><ele>371.0</ele></rtept><rtept lat="28.843552" lon="121.02522"><ele>371.0</ele></rtept><rtept lat="28.843535" lon="121.02521"><ele>371.0</ele></rtept><rtept lat="28.843517" lon="121.025197"><ele>371.4</ele></rtept><rtept lat="28.843502" lon="121.025182"><ele>371.4</ele></rtept><rtept lat="28.843487" lon="121.02517"><ele>371.4</ele></rtept><rtept lat="28.843465" lon="121.025157"><ele>371.6</ele></rtept><rtept lat="28.843432" lon="121.025142"><ele>371.6</ele></rtept><rtept lat="28.843407" lon="121.025132"><ele>372.2</ele></rtept><rtept lat="28.843382" lon="121.025132"><ele>372.8</ele></rtept><rtept lat="28.843357" lon="121.025142"><ele>374.0</ele></rtept><rtept lat="28.843337" lon="121.025157"><ele>374.8</ele></rtept><rtept lat="28.843317" lon="121.025172"><ele>375.4</ele></rtept><rtept lat="28.843322" lon="121.025192"><ele>376.2</ele></rtept><rtept lat="28.843322" lon="121.02522"><ele>376.8</ele></rtept><rtept lat="28.843317" lon="121.025245"><ele>377.4</ele></rtept><rtept lat="28.843312" lon="121.025267"><ele>378.4</ele></rtept><rtept lat="28.84331" lon="121.02529"><ele>380.4</ele></rtept><rtept lat="28.843302" lon="121.02531"><ele>380.8</ele></rtept><rtept lat="28.843277" lon="121.025332"><ele>381.4</ele></rtept><rtept lat="28.843265" lon="121.025355"><ele>381.8</ele></rtept><rtept lat="28.843252" lon="121.025372"><ele>382.2</ele></rtept><rtept lat="28.843232" lon="121.0254"><ele>382.6</ele></rtept><rtept lat="28.843217" lon="121.025412"><ele>383.6</ele></rtept><rtept lat="28.843202" lon="121.025435"><ele>384.2</ele></rtept><rtept lat="28.843192" lon="121.025447"><ele>385.0</ele></rtept><rtept lat="28.843183" lon="121.02547"><ele>385.8</ele></rtept><rtept lat="28.843172" lon="121.025495"><ele>386.8</ele></rtept><rtept lat="28.843162" lon="121.025515"><ele>387.0</ele></rtept><rtept lat="28.843147" lon="121.025527"><ele>388.0</ele></rtept><rtept lat="28.84313" lon="121.02554"><ele>389.0</ele></rtept><rtept lat="28.843112" lon="121.025548"><ele>389.0</ele></rtept><rtept lat="28.843095" lon="121.025567"><ele>389.8</ele></rtept><rtept lat="28.843077" lon="121.025572"><ele>390.2</ele></rtept><rtept lat="28.843055" lon="121.02558"><ele>390.4</ele></rtept><rtept lat="28.843025" lon="121.025592"><ele>391.6</ele></rtept><rtept lat="28.843" lon="121.025612"><ele>391.6</ele></rtept><rtept lat="28.842972" lon="121.025617"><ele>392.4</ele></rtept><rtept lat="28.842947" lon="121.025612"><ele>393.4</ele></rtept><rtept lat="28.842922" lon="121.025605"><ele>393.8</ele></rtept><rtept lat="28.84289" lon="121.025602"><ele>394.2</ele></rtept><rtept lat="28.84287" lon="121.025597"><ele>394.6</ele></rtept><rtept lat="28.842837" lon="121.025587"><ele>395.4</ele></rtept><rtept lat="28.842817" lon="121.025585"><ele>395.4</ele></rtept><rtept lat="28.842797" lon="121.02559"><ele>395.8</ele></rtept><rtept lat="28.84278" lon="121.025592"><ele>396.4</ele></rtept><rtept lat="28.842757" lon="121.025597"><ele>396.6</ele></rtept><rtept lat="28.842737" lon="121.025602"><ele>396.6</ele></rtept><rtept lat="28.84272" lon="121.025612"><ele>396.6</ele></rtept><rtept lat="28.842702" lon="121.025617"><ele>397.0</ele></rtept><rtept lat="28.842677" lon="121.025622"><ele>397.6</ele></rtept><rtept lat="28.842652" lon="121.025632"><ele>397.6</ele></rtept><rtept lat="28.84263" lon="121.025642"><ele>397.4</ele></rtept><rtept lat="28.842612" lon="121.025652"><ele>397.4</ele></rtept><rtept lat="28.842597" lon="121.025667"><ele>397.4</ele></rtept><rtept lat="28.842582" lon="121.025687"><ele>397.4</ele></rtept><rtept lat="28.84257" lon="121.02571"><ele>397.2</ele></rtept><rtept lat="28.842562" lon="121.025732"><ele>397.4</ele></rtept><rtept lat="28.84255" lon="121.025755"><ele>397.6</ele></rtept><rtept lat="28.84254" lon="121.025777"><ele>397.6</ele></rtept><rtept lat="28.842527" lon="121.025792"><ele>397.8</ele></rtept><rtept lat="28.842512" lon="121.02581"><ele>398.0</ele></rtept><rtept lat="28.842497" lon="121.025822"><ele>398.2</ele></rtept><rtept lat="28.842482" lon="121.025842"><ele>398.4</ele></rtept><rtept lat="28.842467" lon="121.025855"><ele>399.0</ele></rtept><rtept lat="28.842437" lon="121.025882"><ele>399.2</ele></rtept><rtept lat="28.842422" lon="121.025902"><ele>399.6</ele></rtept><rtept lat="28.84241" lon="121.02592"><ele>400.0</ele></rtept><rtept lat="28.84238" lon="121.02595"><ele>400.6</ele></rtept><rtept lat="28.842365" lon="121.025967"><ele>400.8</ele></rtept><rtept lat="28.84235" lon="121.025982"><ele>400.8</ele></rtept><rtept lat="28.842335" lon="121.025997"><ele>401.0</ele></rtept><rtept lat="28.842317" lon="121.026012"><ele>401.2</ele></rtept><rtept lat="28.842297" lon="121.026027"><ele>401.2</ele></rtept><rtept lat="28.842277" lon="121.026037"><ele>401.4</ele></rtept><rtept lat="28.842255" lon="121.026047"><ele>401.4</ele></rtept><rtept lat="28.84223" lon="121.026052"><ele>401.8</ele></rtept><rtept lat="28.842207" lon="121.026057"><ele>402.2</ele></rtept><rtept lat="28.842185" lon="121.02606"><ele>402.6</ele></rtept><rtept lat="28.84216" lon="121.026062"><ele>402.6</ele></rtept><rtept lat="28.842137" lon="121.02606"><ele>403.0</ele></rtept><rtept lat="28.842112" lon="121.02606"><ele>403.0</ele></rtept><rtept lat="28.842092" lon="121.026057"><ele>403.4</ele></rtept><rtept lat="28.842067" lon="121.026045"><ele>403.4</ele></rtept><rtept lat="28.842043" lon="121.026037"><ele>403.4</ele></rtept><rtept lat="28.842025" lon="121.02603"><ele>403.6</ele></rtept><rtept lat="28.842005" lon="121.026027"><ele>404.2</ele></rtept><rtept lat="28.841987" lon="121.026025"><ele>404.6</ele></rtept><rtept lat="28.841947" lon="121.026032"><ele>405.2</ele></rtept><rtept lat="28.841925" lon="121.026032"><ele>405.8</ele></rtept><rtept lat="28.841907" lon="121.026035"><ele>406.2</ele></rtept><rtept lat="28.841887" lon="121.026032"><ele>406.2</ele></rtept><rtept lat="28.841867" lon="121.02603"><ele>406.2</ele></rtept><rtept lat="28.841845" lon="121.026025"><ele>406.8</ele></rtept><rtept lat="28.841822" lon="121.026017"><ele>407.2</ele></rtept><rtept lat="28.841802" lon="121.026012"><ele>407.6</ele></rtept><rtept lat="28.84178" lon="121.026002"><ele>407.8</ele></rtept><rtept lat="28.84176" lon="121.025997"><ele>407.8</ele></rtept><rtept lat="28.841737" lon="121.025992"><ele>407.8</ele></rtept><rtept lat="28.841717" lon="121.025992"><ele>408.2</ele></rtept><rtept lat="28.841695" lon="121.025987"><ele>408.2</ele></rtept><rtept lat="28.841675" lon="121.025985"><ele>408.2</ele></rtept><rtept lat="28.841655" lon="121.025985"><ele>408.4</ele></rtept><rtept lat="28.841637" lon="121.025985"><ele>408.4</ele></rtept><rtept lat="28.841617" lon="121.025987"><ele>408.4</ele></rtept><rtept lat="28.841597" lon="121.025987"><ele>408.4</ele></rtept><rtept lat="28.841572" lon="121.02599"><ele>408.4</ele></rtept><rtept lat="28.841547" lon="121.025992"><ele>408.8</ele></rtept><rtept lat="28.841527" lon="121.025992"><ele>408.8</ele></rtept><rtept lat="28.841505" lon="121.025992"><ele>408.8</ele></rtept><rtept lat="28.841482" lon="121.02599"><ele>408.8</ele></rtept><rtept lat="28.841457" lon="121.025987"><ele>408.8</ele></rtept><rtept lat="28.841432" lon="121.025992"><ele>409.0</ele></rtept><rtept lat="28.84141" lon="121.025992"><ele>409.0</ele></rtept><rtept lat="28.841387" lon="121.025995"><ele>409.2</ele></rtept><rtept lat="28.841367" lon="121.025998"><ele>409.2</ele></rtept><rtept lat="28.841345" lon="121.02601"><ele>409.4</ele></rtept><rtept lat="28.841325" lon="121.026022"><ele>409.6</ele></rtept><rtept lat="28.841307" lon="121.026035"><ele>409.8</ele></rtept><rtept lat="28.841283" lon="121.026052"><ele>410.0</ele></rtept><rtept lat="28.841265" lon="121.026067"><ele>410.0</ele></rtept><rtept lat="28.841247" lon="121.026077"><ele>410.2</ele></rtept><rtept lat="28.84123" lon="121.026083"><ele>410.6</ele></rtept><rtept lat="28.841212" lon="121.026092"><ele>410.8</ele></rtept><rtept lat="28.841195" lon="121.026102"><ele>410.8</ele></rtept><rtept lat="28.841177" lon="121.026107"><ele>411.0</ele></rtept><rtept lat="28.84116" lon="121.026117"><ele>411.2</ele></rtept><rtept lat="28.841142" lon="121.02613"><ele>411.6</ele></rtept><rtept lat="28.841127" lon="121.026145"><ele>411.6</ele></rtept><rtept lat="28.841112" lon="121.02616"><ele>412.0</ele></rtept><rtept lat="28.841077" lon="121.026182"><ele>412.2</ele></rtept><rtept lat="28.841057" lon="121.026192"><ele>412.6</ele></rtept><rtept lat="28.841035" lon="121.026197"><ele>412.6</ele></rtept><rtept lat="28.84101" lon="121.026207"><ele>412.8</ele></rtept><rtept lat="28.840987" lon="121.026212"><ele>413.0</ele></rtept><rtept lat="28.840962" lon="121.026217"><ele>413.2</ele></rtept><rtept lat="28.840937" lon="121.026222"><ele>413.2</ele></rtept><rtept lat="28.840917" lon="121.026227"><ele>413.2</ele></rtept><rtept lat="28.840897" lon="121.02623"><ele>413.2</ele></rtept><rtept lat="28.840875" lon="121.026232"><ele>413.4</ele></rtept><rtept lat="28.84085" lon="121.02624"><ele>413.4</ele></rtept><rtept lat="28.840822" lon="121.026252"><ele>413.6</ele></rtept><rtept lat="28.840805" lon="121.026262"><ele>413.8</ele></rtept><rtept lat="28.84079" lon="121.026287"><ele>413.6</ele></rtept><rtept lat="28.84078" lon="121.026308"><ele>413.2</ele></rtept><rtept lat="28.840772" lon="121.026335"><ele>413.2</ele></rtept><rtept lat="28.840762" lon="121.026362"><ele>413.2</ele></rtept><rtept lat="28.84076" lon="121.026392"><ele>413.4</ele></rtept><rtept lat="28.840757" lon="121.026417"><ele>413.6</ele></rtept><rtept lat="28.840752" lon="121.02644"><ele>413.6</ele></rtept><rtept lat="28.840757" lon="121.026482"><ele>414.2</ele></rtept><rtept lat="28.840762" lon="121.026517"><ele>415.0</ele></rtept><rtept lat="28.84076" lon="121.02654"><ele>415.6</ele></rtept><rtept lat="28.840762" lon="121.026562"><ele>416.0</ele></rtept><rtept lat="28.840757" lon="121.0266"><ele>416.8</ele></rtept><rtept lat="28.840762" lon="121.026625"><ele>417.0</ele></rtept><rtept lat="28.840757" lon="121.02665"><ele>417.0</ele></rtept><rtept lat="28.840757" lon="121.026677"><ele>417.6</ele></rtept><rtept lat="28.84075" lon="121.026702"><ele>417.8</ele></rtept><rtept lat="28.840745" lon="121.026727"><ele>418.4</ele></rtept><rtept lat="28.84074" lon="121.026755"><ele>418.2</ele></rtept><rtept lat="28.840727" lon="121.02678"><ele>418.2</ele></rtept><rtept lat="28.840715" lon="121.026802"><ele>418.2</ele></rtept><rtept lat="28.840702" lon="121.026822"><ele>418.8</ele></rtept><rtept lat="28.84069" lon="121.026842"><ele>418.8</ele></rtept><rtept lat="28.840677" lon="121.026857"><ele>419.0</ele></rtept><rtept lat="28.840657" lon="121.026872"><ele>419.0</ele></rtept><rtept lat="28.840642" lon="121.026882"><ele>419.2</ele></rtept><rtept lat="28.840607" lon="121.0269"><ele>419.6</ele></rtept><rtept lat="28.84058" lon="121.026917"><ele>420.2</ele></rtept><rtept lat="28.84055" lon="121.026932"><ele>420.8</ele></rtept><rtept lat="28.840527" lon="121.026942"><ele>421.4</ele></rtept><rtept lat="28.84051" lon="121.026962"><ele>421.8</ele></rtept><rtept lat="28.840497" lon="121.026977"><ele>422.4</ele></rtept><rtept lat="28.840477" lon="121.026983"><ele>423.4</ele></rtept><rtept lat="28.840452" lon="121.027002"><ele>424.0</ele></rtept><rtept lat="28.84044" lon="121.027022"><ele>424.8</ele></rtept><rtept lat="28.84043" lon="121.027042"><ele>425.6</ele></rtept><rtept lat="28.840407" lon="121.027052"><ele>426.4</ele></rtept><rtept lat="28.840392" lon="121.027062"><ele>427.4</ele></rtept><rtept lat="28.840372" lon="121.027077"><ele>428.2</ele></rtept><rtept lat="28.840357" lon="121.02709"><ele>428.8</ele></rtept><rtept lat="28.840337" lon="121.0271"><ele>429.2</ele></rtept><rtept lat="28.840315" lon="121.027115"><ele>429.8</ele></rtept><rtept lat="28.840298" lon="121.02713"><ele>430.2</ele></rtept><rtept lat="28.840282" lon="121.02715"><ele>430.2</ele></rtept><rtept lat="28.840263" lon="121.027167"><ele>430.2</ele></rtept><rtept lat="28.840247" lon="121.027195"><ele>430.4</ele></rtept><rtept lat="28.840235" lon="121.027217"><ele>430.2</ele></rtept><rtept lat="28.84022" lon="121.027247"><ele>430.2</ele></rtept><rtept lat="28.840205" lon="121.027267"><ele>430.0</ele></rtept><rtept lat="28.840187" lon="121.027287"><ele>430.2</ele></rtept><rtept lat="28.840172" lon="121.027307"><ele>430.2</ele></rtept><rtept lat="28.84016" lon="121.027327"><ele>430.6</ele></rtept><rtept lat="28.840147" lon="121.027342"><ele>430.8</ele></rtept><rtept lat="28.840132" lon="121.02736"><ele>431.0</ele></rtept><rtept lat="28.840117" lon="121.027377"><ele>431.2</ele></rtept><rtept lat="28.840102" lon="121.027392"><ele>431.6</ele></rtept><rtept lat="28.840087" lon="121.027405"><ele>431.8</ele></rtept><rtept lat="28.84007" lon="121.02742"><ele>432.0</ele></rtept><rtept lat="28.840052" lon="121.027437"><ele>432.4</ele></rtept><rtept lat="28.84003" lon="121.027452"><ele>432.6</ele></rtept><rtept lat="28.840012" lon="121.027467"><ele>432.8</ele></rtept><rtept lat="28.839992" lon="121.027482"><ele>432.8</ele></rtept><rtept lat="28.839977" lon="121.027497"><ele>432.8</ele></rtept><rtept lat="28.839962" lon="121.027517"><ele>433.2</ele></rtept><rtept lat="28.839947" lon="121.027542"><ele>433.2</ele></rtept><rtept lat="28.839937" lon="121.027565"><ele>433.2</ele></rtept><rtept lat="28.839927" lon="121.027592"><ele>433.4</ele></rtept><rtept lat="28.839917" lon="121.027617"><ele>433.4</ele></rtept><rtept lat="28.839907" lon="121.027642"><ele>433.8</ele></rtept><rtept lat="28.839897" lon="121.027665"><ele>433.8</ele></rtept><rtept lat="28.839882" lon="121.027682"><ele>433.8</ele></rtept><rtept lat="28.83986" lon="121.027697"><ele>434.2</ele></rtept><rtept lat="28.839837" lon="121.02771"><ele>434.6</ele></rtept><rtept lat="28.839817" lon="121.027707"><ele>434.6</ele></rtept><rtept lat="28.8398" lon="121.027717"><ele>434.6</ele></rtept><rtept lat="28.839785" lon="121.027732"><ele>434.6</ele></rtept><rtept lat="28.839767" lon="121.027742"><ele>434.8</ele></rtept><rtept lat="28.839747" lon="121.027757"><ele>434.8</ele></rtept><rtept lat="28.839717" lon="121.027777"><ele>434.8</ele></rtept><rtept lat="28.839692" lon="121.027787"><ele>434.8</ele></rtept><rtept lat="28.83967" lon="121.0278"><ele>434.8</ele></rtept><rtept lat="28.839642" lon="121.027812"><ele>434.8</ele></rtept><rtept lat="28.83962" lon="121.027827"><ele>434.8</ele></rtept><rtept lat="28.839592" lon="121.027842"><ele>434.8</ele></rtept><rtept lat="28.839565" lon="121.027857"><ele>434.8</ele></rtept><rtept lat="28.839535" lon="121.027867"><ele>434.8</ele></rtept><rtept lat="28.839507" lon="121.027877"><ele>435.0</ele></rtept><rtept lat="28.839477" lon="121.027882"><ele>435.0</ele></rtept><rtept lat="28.839452" lon="121.027885"><ele>435.2</ele></rtept><rtept lat="28.839422" lon="121.027895"><ele>435.4</ele></rtept><rtept lat="28.839397" lon="121.027905"><ele>435.8</ele></rtept><rtept lat="28.839375" lon="121.027912"><ele>435.8</ele></rtept><rtept lat="28.839347" lon="121.027922"><ele>435.8</ele></rtept><rtept lat="28.839327" lon="121.027927"><ele>436.0</ele></rtept><rtept lat="28.839302" lon="121.027932"><ele>436.6</ele></rtept><rtept lat="28.839277" lon="121.02794"><ele>437.0</ele></rtept><rtept lat="28.839255" lon="121.027947"><ele>437.2</ele></rtept><rtept lat="28.83923" lon="121.02796"><ele>437.2</ele></rtept><rtept lat="28.839207" lon="121.027972"><ele>437.4</ele></rtept><rtept lat="28.839185" lon="121.027987"><ele>438.2</ele></rtept><rtept lat="28.839165" lon="121.028002"><ele>438.4</ele></rtept><rtept lat="28.839145" lon="121.028017"><ele>438.4</ele></rtept><rtept lat="28.839122" lon="121.028027"><ele>438.6</ele></rtept><rtept lat="28.839107" lon="121.028047"><ele>438.8</ele></rtept><rtept lat="28.839097" lon="121.028072"><ele>439.2</ele></rtept><rtept lat="28.839097" lon="121.028097"><ele>439.4</ele></rtept><rtept lat="28.839092" lon="121.028127"><ele>440.0</ele></rtept><rtept lat="28.839085" lon="121.028157"><ele>440.0</ele></rtept><rtept lat="28.839077" lon="121.028182"><ele>440.4</ele></rtept><rtept lat="28.839075" lon="121.02821"><ele>440.6</ele></rtept><rtept lat="28.839065" lon="121.028235"><ele>440.8</ele></rtept><rtept lat="28.839057" lon="121.028262"><ele>441.2</ele></rtept><rtept lat="28.839047" lon="121.028287"><ele>441.4</ele></rtept><rtept lat="28.839042" lon="121.028317"><ele>441.4</ele></rtept><rtept lat="28.839037" lon="121.028345"><ele>441.6</ele></rtept><rtept lat="28.83903" lon="121.028375"><ele>441.8</ele></rtept><rtept lat="28.839022" lon="121.0284"><ele>441.8</ele></rtept><rtept lat="28.839015" lon="121.028427"><ele>441.8</ele></rtept><rtept lat="28.83901" lon="121.028452"><ele>441.8</ele></rtept><rtept lat="28.839002" lon="121.028482"><ele>442.4</ele></rtept><rtept lat="28.838992" lon="121.02851"><ele>442.6</ele></rtept><rtept lat="28.838982" lon="121.028542"><ele>442.8</ele></rtept><rtept lat="28.83897" lon="121.02857"><ele>442.8</ele></rtept><rtept lat="28.838957" lon="121.028595"><ele>443.0</ele></rtept><rtept lat="28.838942" lon="121.028622"><ele>443.0</ele></rtept><rtept lat="28.83893" lon="121.028655"><ele>443.0</ele></rtept><rtept lat="28.838917" lon="121.028687"><ele>443.0</ele></rtept><rtept lat="28.838907" lon="121.028717"><ele>443.0</ele></rtept><rtept lat="28.83889" lon="121.028747"><ele>443.0</ele></rtept><rtept lat="28.838877" lon="121.028775"><ele>442.8</ele></rtept><rtept lat="28.838862" lon="121.028802"><ele>442.8</ele></rtept><rtept lat="28.83885" lon="121.028825"><ele>442.8</ele></rtept><rtept lat="28.838832" lon="121.02885"><ele>442.8</ele></rtept><rtept lat="28.838815" lon="121.02887"><ele>443.0</ele></rtept><rtept lat="28.838792" lon="121.028885"><ele>443.0</ele></rtept><rtept lat="28.83877" lon="121.028897"><ele>443.2</ele></rtept><rtept lat="28.83874" lon="121.028902"><ele>442.8</ele></rtept><rtept lat="28.838712" lon="121.028905"><ele>442.8</ele></rtept><rtept lat="28.838685" lon="121.028907"><ele>442.8</ele></rtept><rtept lat="28.838657" lon="121.028907"><ele>443.0</ele></rtept><rtept lat="28.838632" lon="121.028907"><ele>443.2</ele></rtept><rtept lat="28.838605" lon="121.028902"><ele>443.2</ele></rtept><rtept lat="28.838577" lon="121.028898"><ele>443.2</ele></rtept><rtept lat="28.83855" lon="121.028892"><ele>443.4</ele></rtept><rtept lat="28.838525" lon="121.02889"><ele>443.4</ele></rtept><rtept lat="28.838502" lon="121.02889"><ele>443.6</ele></rtept><rtept lat="28.838482" lon="121.02889"><ele>444.0</ele></rtept><rtept lat="28.838462" lon="121.028897"><ele>444.0</ele></rtept><rtept lat="28.838442" lon="121.028907"><ele>444.0</ele></rtept><rtept lat="28.838427" lon="121.028922"><ele>444.0</ele></rtept><rtept lat="28.838417" lon="121.02894"><ele>444.4</ele></rtept><rtept lat="28.838397" lon="121.02898"><ele>445.6</ele></rtept><rtept lat="28.838387" lon="121.028997"><ele>445.6</ele></rtept><rtept lat="28.838377" lon="121.029015"><ele>446.2</ele></rtept><rtept lat="28.838367" lon="121.029037"><ele>446.6</ele></rtept><rtept lat="28.838347" lon="121.029075"><ele>447.0</ele></rtept><rtept lat="28.838337" lon="121.029095"><ele>447.4</ele></rtept><rtept lat="28.838332" lon="121.02913"><ele>448.2</ele></rtept><rtept lat="28.838327" lon="121.02917"><ele>449.4</ele></rtept><rtept lat="28.838327" lon="121.029207"><ele>450.0</ele></rtept><rtept lat="28.838325" lon="121.029232"><ele>450.0</ele></rtept><rtept lat="28.838317" lon="121.029275"><ele>450.4</ele></rtept><rtept lat="28.838312" lon="121.029297"><ele>450.6</ele></rtept><rtept lat="28.838307" lon="121.029322"><ele>451.0</ele></rtept><rtept lat="28.838302" lon="121.029345"><ele>451.2</ele></rtept><rtept lat="28.838297" lon="121.029372"><ele>451.4</ele></rtept><rtept lat="28.83829" lon="121.029395"><ele>451.6</ele></rtept><rtept lat="28.838282" lon="121.02942"><ele>451.6</ele></rtept><rtept lat="28.838277" lon="121.029447"><ele>451.6</ele></rtept><rtept lat="28.838275" lon="121.029472"><ele>451.6</ele></rtept><rtept lat="28.83827" lon="121.029497"><ele>451.8</ele></rtept><rtept lat="28.838267" lon="121.029517"><ele>452.2</ele></rtept><rtept lat="28.838258" lon="121.02954"><ele>452.4</ele></rtept><rtept lat="28.838252" lon="121.029562"><ele>452.4</ele></rtept><rtept lat="28.838242" lon="121.029582"><ele>452.6</ele></rtept><rtept lat="28.83823" lon="121.029622"><ele>452.8</ele></rtept><rtept lat="28.83822" lon="121.029647"><ele>453.2</ele></rtept><rtept lat="28.838207" lon="121.029667"><ele>453.2</ele></rtept><rtept lat="28.838197" lon="121.029685"><ele>453.6</ele></rtept><rtept lat="28.838182" lon="121.029725"><ele>454.0</ele></rtept><rtept lat="28.838175" lon="121.029742"><ele>454.0</ele></rtept><rtept lat="28.838167" lon="121.029762"><ele>454.2</ele></rtept><rtept lat="28.838155" lon="121.029797"><ele>455.4</ele></rtept><rtept lat="28.838152" lon="121.029837"><ele>455.6</ele></rtept><rtept lat="28.838155" lon="121.029862"><ele>455.6</ele></rtept><rtept lat="28.838162" lon="121.029882"><ele>456.0</ele></rtept><rtept lat="28.838167" lon="121.029902"><ele>456.6</ele></rtept><rtept lat="28.838172" lon="121.029925"><ele>456.6</ele></rtept><rtept lat="28.838177" lon="121.029947"><ele>457.0</ele></rtept><rtept lat="28.838182" lon="121.029967"><ele>457.2</ele></rtept><rtept lat="28.838185" lon="121.030012"><ele>457.8</ele></rtept><rtept lat="28.838187" lon="121.030035"><ele>457.8</ele></rtept><rtept lat="28.838187" lon="121.030057"><ele>458.0</ele></rtept><rtept lat="28.838185" lon="121.030082"><ele>458.0</ele></rtept><rtept lat="28.838182" lon="121.030105"><ele>458.6</ele></rtept><rtept lat="28.838182" lon="121.03013"><ele>458.8</ele></rtept><rtept lat="28.838182" lon="121.030155"><ele>459.0</ele></rtept><rtept lat="28.838182" lon="121.030182"><ele>459.2</ele></rtept><rtept lat="28.838177" lon="121.030202"><ele>459.2</ele></rtept><rtept lat="28.838172" lon="121.030227"><ele>459.2</ele></rtept><rtept lat="28.83817" lon="121.030248"><ele>459.2</ele></rtept><rtept lat="28.838167" lon="121.030275"><ele>459.6</ele></rtept><rtept lat="28.838165" lon="121.030297"><ele>459.8</ele></rtept><rtept lat="28.838162" lon="121.03032"><ele>460.2</ele></rtept><rtept lat="28.83816" lon="121.030347"><ele>460.2</ele></rtept><rtept lat="28.838147" lon="121.030385"><ele>460.6</ele></rtept><rtept lat="28.838142" lon="121.03041"><ele>460.8</ele></rtept><rtept lat="28.838137" lon="121.030432"><ele>461.0</ele></rtept><rtept lat="28.838132" lon="121.030455"><ele>461.2</ele></rtept><rtept lat="28.83813" lon="121.030477"><ele>461.4</ele></rtept><rtept lat="28.838127" lon="121.030507"><ele>461.6</ele></rtept><rtept lat="28.838125" lon="121.030532"><ele>461.6</ele></rtept><rtept lat="28.838117" lon="121.030555"><ele>461.8</ele></rtept><rtept lat="28.838112" lon="121.030575"><ele>462.0</ele></rtept><rtept lat="28.838103" lon="121.030595"><ele>462.2</ele></rtept><rtept lat="28.838097" lon="121.030615"><ele>462.2</ele></rtept><rtept lat="28.838085" lon="121.030637"><ele>462.4</ele></rtept><rtept lat="28.838068" lon="121.030657"><ele>462.4</ele></rtept><rtept lat="28.838052" lon="121.030672"><ele>462.4</ele></rtept><rtept lat="28.838035" lon="121.03069"><ele>462.4</ele></rtept><rtept lat="28.83802" lon="121.030707"><ele>462.4</ele></rtept><rtept lat="28.838" lon="121.030722"><ele>462.6</ele></rtept><rtept lat="28.837985" lon="121.030737"><ele>462.8</ele></rtept><rtept lat="28.837972" lon="121.030752"><ele>462.8</ele></rtept><rtept lat="28.837965" lon="121.030772"><ele>462.8</ele></rtept><rtept lat="28.837957" lon="121.030797"><ele>462.8</ele></rtept><rtept lat="28.83796" lon="121.030822"><ele>463.0</ele></rtept><rtept lat="28.83797" lon="121.030847"><ele>462.8</ele></rtept><rtept lat="28.837985" lon="121.030862"><ele>462.8</ele></rtept><rtept lat="28.838002" lon="121.030877"><ele>462.8</ele></rtept><rtept lat="28.838017" lon="121.030897"><ele>462.6</ele></rtept><rtept lat="28.838042" lon="121.030932"><ele>463.0</ele></rtept><rtept lat="28.838052" lon="121.030952"><ele>463.4</ele></rtept><rtept lat="28.838072" lon="121.030982"><ele>464.0</ele></rtept><rtept lat="28.83809" lon="121.031012"><ele>464.4</ele></rtept><rtept lat="28.8381" lon="121.031027"><ele>465.0</ele></rtept><rtept lat="28.838107" lon="121.031047"><ele>465.6</ele></rtept><rtept lat="28.83812" lon="121.031077"><ele>465.8</ele></rtept><rtept lat="28.83813" lon="121.031097"><ele>466.4</ele></rtept><rtept lat="28.838147" lon="121.031122"><ele>467.2</ele></rtept><rtept lat="28.83816" lon="121.03114"><ele>467.2</ele></rtept><rtept lat="28.838182" lon="121.031167"><ele>467.8</ele></rtept><rtept lat="28.838195" lon="121.031185"><ele>468.2</ele></rtept><rtept lat="28.838207" lon="121.031202"><ele>468.4</ele></rtept><rtept lat="28.83822" lon="121.031222"><ele>468.4</ele></rtept><rtept lat="28.838232" lon="121.031242"><ele>468.8</ele></rtept><rtept lat="28.838242" lon="121.031267"><ele>468.8</ele></rtept><rtept lat="28.838252" lon="121.031287"><ele>469.0</ele></rtept><rtept lat="28.838262" lon="121.031312"><ele>469.0</ele></rtept><rtept lat="28.838272" lon="121.031332"><ele>469.0</ele></rtept><rtept lat="28.838285" lon="121.031352"><ele>469.0</ele></rtept><rtept lat="28.838307" lon="121.031387"><ele>469.6</ele></rtept><rtept lat="28.838322" lon="121.031405"><ele>469.6</ele></rtept><rtept lat="28.838347" lon="121.031435"><ele>469.8</ele></rtept><rtept lat="28.83837" lon="121.031462"><ele>470.6</ele></rtept><rtept lat="28.838387" lon="121.031487"><ele>471.2</ele></rtept><rtept lat="28.838397" lon="121.031512"><ele>471.8</ele></rtept><rtept lat="28.8384" lon="121.03153"><ele>472.8</ele></rtept><rtept lat="28.838402" lon="121.031547"><ele>473.8</ele></rtept><rtept lat="28.838412" lon="121.031572"><ele>475.0</ele></rtept><rtept lat="28.838432" lon="121.031602"><ele>475.2</ele></rtept><rtept lat="28.838447" lon="121.031632"><ele>475.4</ele></rtept><rtept lat="28.838462" lon="121.03165"><ele>476.4</ele></rtept><rtept lat="28.838472" lon="121.031667"><ele>477.4</ele></rtept><rtept lat="28.838475" lon="121.03169"><ele>477.8</ele></rtept><rtept lat="28.83848" lon="121.03171"><ele>478.6</ele></rtept><rtept lat="28.838487" lon="121.031742"><ele>479.2</ele></rtept><rtept lat="28.838475" lon="121.031777"><ele>479.4</ele></rtept><rtept lat="28.83846" lon="121.031795"><ele>479.4</ele></rtept><rtept lat="28.838442" lon="121.031817"><ele>479.4</ele></rtept><rtept lat="28.838422" lon="121.031842"><ele>479.4</ele></rtept><rtept lat="28.838402" lon="121.03187"><ele>478.8</ele></rtept><rtept lat="28.83839" lon="121.0319"><ele>477.6</ele></rtept><rtept lat="28.83838" lon="121.031937"><ele>477.4</ele></rtept><rtept lat="28.838377" lon="121.031972"><ele>477.0</ele></rtept><rtept lat="28.83838" lon="121.032012"><ele>476.8</ele></rtept><rtept lat="28.838382" lon="121.032052"><ele>476.4</ele></rtept><rtept lat="28.838392" lon="121.032092"><ele>475.8</ele></rtept><rtept lat="28.838397" lon="121.032122"><ele>475.4</ele></rtept><rtept lat="28.838402" lon="121.032162"><ele>475.2</ele></rtept><rtept lat="28.838402" lon="121.032197"><ele>475.2</ele></rtept><rtept lat="28.838395" lon="121.032227"><ele>475.2</ele></rtept><rtept lat="28.83839" lon="121.032252"><ele>475.2</ele></rtept><rtept lat="28.838392" lon="121.032277"><ele>475.2</ele></rtept><rtept lat="28.838397" lon="121.032302"><ele>475.2</ele></rtept><rtept lat="28.8384" lon="121.032322"><ele>475.2</ele></rtept><rtept lat="28.838402" lon="121.032345"><ele>475.8</ele></rtept><rtept lat="28.838402" lon="121.03237"><ele>476.0</ele></rtept><rtept lat="28.83841" lon="121.032395"><ele>476.0</ele></rtept><rtept lat="28.838412" lon="121.03242"><ele>476.0</ele></rtept><rtept lat="28.838417" lon="121.032447"><ele>476.2</ele></rtept><rtept lat="28.838422" lon="121.032472"><ele>476.2</ele></rtept><rtept lat="28.838427" lon="121.032497"><ele>476.6</ele></rtept><rtept lat="28.838425" lon="121.03252"><ele>476.8</ele></rtept><rtept lat="28.838425" lon="121.032547"><ele>477.0</ele></rtept><rtept lat="28.83842" lon="121.03257"><ele>477.2</ele></rtept><rtept lat="28.838417" lon="121.032597"><ele>477.4</ele></rtept><rtept lat="28.83841" lon="121.03262"><ele>477.4</ele></rtept><rtept lat="28.838407" lon="121.032642"><ele>477.4</ele></rtept><rtept lat="28.838405" lon="121.032662"><ele>477.8</ele></rtept><rtept lat="28.838402" lon="121.032682"><ele>478.2</ele></rtept><rtept lat="28.838397" lon="121.032707"><ele>478.6</ele></rtept><rtept lat="28.838397" lon="121.032727"><ele>478.6</ele></rtept><rtept lat="28.838395" lon="121.032752"><ele>478.6</ele></rtept><rtept lat="28.838392" lon="121.032777"><ele>479.0</ele></rtept><rtept lat="28.838395" lon="121.032807"><ele>479.0</ele></rtept><rtept lat="28.8384" lon="121.032837"><ele>479.0</ele></rtept><rtept lat="28.838407" lon="121.032865"><ele>479.4</ele></rtept><rtept lat="28.838412" lon="121.032893"><ele>479.4</ele></rtept><rtept lat="28.83842" lon="121.032925"><ele>479.0</ele></rtept><rtept lat="28.838427" lon="121.032955"><ele>478.8</ele></rtept><rtept lat="28.838435" lon="121.032987"><ele>478.8</ele></rtept><rtept lat="28.83844" lon="121.03302"><ele>478.8</ele></rtept><rtept lat="28.838437" lon="121.03305"><ele>478.8</ele></rtept><rtept lat="28.838435" lon="121.033077"><ele>479.4</ele></rtept><rtept lat="28.838432" lon="121.033112"><ele>479.4</ele></rtept><rtept lat="28.838432" lon="121.03315"><ele>479.2</ele></rtept><rtept lat="28.838422" lon="121.033182"><ele>479.2</ele></rtept><rtept lat="28.838412" lon="121.03322"><ele>479.2</ele></rtept><rtept lat="28.838405" lon="121.033252"><ele>479.2</ele></rtept><rtept lat="28.838395" lon="121.033285"><ele>478.6</ele></rtept><rtept lat="28.838382" lon="121.033312"><ele>478.6</ele></rtept><rtept lat="28.838377" lon="121.033342"><ele>478.6</ele></rtept><rtept lat="28.838375" lon="121.03337"><ele>478.8</ele></rtept><rtept lat="28.838375" lon="121.0334"><ele>478.8</ele></rtept><rtept lat="28.838375" lon="121.033425"><ele>478.8</ele></rtept><rtept lat="28.838377" lon="121.033452"><ele>479.0</ele></rtept><rtept lat="28.838377" lon="121.033485"><ele>479.0</ele></rtept><rtept lat="28.83837" lon="121.03352"><ele>479.0</ele></rtept><rtept lat="28.838362" lon="121.033557"><ele>479.0</ele></rtept><rtept lat="28.838355" lon="121.03359"><ele>479.4</ele></rtept><rtept lat="28.83834" lon="121.033632"><ele>479.4</ele></rtept><rtept lat="28.838327" lon="121.033667"><ele>478.8</ele></rtept><rtept lat="28.838312" lon="121.033702"><ele>478.8</ele></rtept><rtept lat="28.838297" lon="121.033732"><ele>478.8</ele></rtept><rtept lat="28.838277" lon="121.033767"><ele>478.8</ele></rtept><rtept lat="28.838255" lon="121.033797"><ele>478.8</ele></rtept><rtept lat="28.83823" lon="121.033822"><ele>478.8</ele></rtept><rtept lat="28.8382" lon="121.033845"><ele>479.0</ele></rtept><rtept lat="28.83817" lon="121.033857"><ele>479.0</ele></rtept><rtept lat="28.838145" lon="121.033877"><ele>478.8</ele></rtept><rtept lat="28.838117" lon="121.033902"><ele>478.8</ele></rtept><rtept lat="28.838092" lon="121.03393"><ele>478.8</ele></rtept><rtept lat="28.838068" lon="121.033957"><ele>479.0</ele></rtept><rtept lat="28.83805" lon="121.033982"><ele>479.0</ele></rtept><rtept lat="28.838032" lon="121.034012"><ele>479.2</ele></rtept><rtept lat="28.83802" lon="121.034047"><ele>479.2</ele></rtept><rtept lat="28.838012" lon="121.034077"><ele>479.2</ele></rtept><rtept lat="28.838005" lon="121.03411"><ele>479.0</ele></rtept><rtept lat="28.837995" lon="121.034137"><ele>478.8</ele></rtept><rtept lat="28.83798" lon="121.03417"><ele>478.8</ele></rtept><rtept lat="28.837962" lon="121.034192"><ele>478.8</ele></rtept><rtept lat="28.83794" lon="121.034212"><ele>479.0</ele></rtept><rtept lat="28.83792" lon="121.034237"><ele>479.0</ele></rtept><rtept lat="28.837902" lon="121.03426"><ele>479.0</ele></rtept><rtept lat="28.837887" lon="121.034285"><ele>479.0</ele></rtept><rtept lat="28.837877" lon="121.034312"><ele>479.0</ele></rtept><rtept lat="28.837862" lon="121.034337"><ele>479.0</ele></rtept><rtept lat="28.837847" lon="121.034362"><ele>479.2</ele></rtept><rtept lat="28.837837" lon="121.034387"><ele>479.6</ele></rtept><rtept lat="28.837822" lon="121.034417"><ele>479.6</ele></rtept><rtept lat="28.837812" lon="121.034445"><ele>479.6</ele></rtept><rtept lat="28.837805" lon="121.034472"><ele>479.6</ele></rtept><rtept lat="28.8378" lon="121.034502"><ele>479.6</ele></rtept><rtept lat="28.837792" lon="121.034527"><ele>479.6</ele></rtept><rtept lat="28.83779" lon="121.034552"><ele>479.6</ele></rtept><rtept lat="28.837792" lon="121.03458"><ele>479.4</ele></rtept><rtept lat="28.837787" lon="121.034607"><ele>479.2</ele></rtept><rtept lat="28.837777" lon="121.034637"><ele>478.8</ele></rtept><rtept lat="28.837762" lon="121.034672"><ele>478.8</ele></rtept><rtept lat="28.83775" lon="121.034705"><ele>479.6</ele></rtept><rtept lat="28.837737" lon="121.034732"><ele>479.6</ele></rtept><rtept lat="28.837717" lon="121.034765"><ele>479.6</ele></rtept><rtept lat="28.8377" lon="121.034795"><ele>479.4</ele></rtept><rtept lat="28.837685" lon="121.034825"><ele>479.0</ele></rtept><rtept lat="28.837667" lon="121.034852"><ele>479.0</ele></rtept><rtept lat="28.837647" lon="121.034885"><ele>479.0</ele></rtept><rtept lat="28.837627" lon="121.03492"><ele>479.2</ele></rtept><rtept lat="28.837602" lon="121.034945"><ele>479.0</ele></rtept><rtept lat="28.837582" lon="121.034967"><ele>479.0</ele></rtept><rtept lat="28.837562" lon="121.034985"><ele>479.0</ele></rtept><rtept lat="28.837542" lon="121.03501"><ele>479.6</ele></rtept><rtept lat="28.837525" lon="121.035027"><ele>479.6</ele></rtept><rtept lat="28.837505" lon="121.035047"><ele>479.4</ele></rtept><rtept lat="28.837477" lon="121.035077"><ele>479.0</ele></rtept><rtept lat="28.837452" lon="121.035105"><ele>479.0</ele></rtept><rtept lat="28.83743" lon="121.03513"><ele>479.0</ele></rtept><rtept lat="28.837405" lon="121.035157"><ele>479.0</ele></rtept><rtept lat="28.837387" lon="121.035185"><ele>479.0</ele></rtept><rtept lat="28.837375" lon="121.035212"><ele>479.2</ele></rtept><rtept lat="28.83736" lon="121.035242"><ele>479.4</ele></rtept><rtept lat="28.837347" lon="121.035267"><ele>479.6</ele></rtept><rtept lat="28.837332" lon="121.035297"><ele>479.8</ele></rtept><rtept lat="28.837317" lon="121.035322"><ele>480.0</ele></rtept><rtept lat="28.837297" lon="121.035345"><ele>480.0</ele></rtept><rtept lat="28.837282" lon="121.035367"><ele>480.0</ele></rtept><rtept lat="28.837265" lon="121.035392"><ele>480.2</ele></rtept><rtept lat="28.837247" lon="121.035417"><ele>480.4</ele></rtept><rtept lat="28.837232" lon="121.035437"><ele>480.2</ele></rtept><rtept lat="28.837217" lon="121.035455"><ele>480.4</ele></rtept><rtept lat="28.837205" lon="121.035475"><ele>480.4</ele></rtept><rtept lat="28.837195" lon="121.0355"><ele>480.4</ele></rtept><rtept lat="28.837182" lon="121.035525"><ele>480.4</ele></rtept><rtept lat="28.837172" lon="121.035547"><ele>480.6</ele></rtept><rtept lat="28.837157" lon="121.03557"><ele>480.8</ele></rtept><rtept lat="28.83715" lon="121.035587"><ele>481.0</ele></rtept><rtept lat="28.83714" lon="121.035612"><ele>481.4</ele></rtept><rtept lat="28.837137" lon="121.035632"><ele>481.6</ele></rtept><rtept lat="28.837135" lon="121.035657"><ele>482.2</ele></rtept><rtept lat="28.837135" lon="121.035682"><ele>482.6</ele></rtept><rtept lat="28.83713" lon="121.035722"><ele>483.2</ele></rtept><rtept lat="28.837127" lon="121.035747"><ele>483.4</ele></rtept><rtept lat="28.837127" lon="121.035777"><ele>483.6</ele></rtept><rtept lat="28.837127" lon="121.035807"><ele>483.6</ele></rtept><rtept lat="28.837127" lon="121.035832"><ele>483.4</ele></rtept><rtept lat="28.837122" lon="121.035857"><ele>483.4</ele></rtept><rtept lat="28.837125" lon="121.035882"><ele>483.8</ele></rtept><rtept lat="28.837127" lon="121.035912"><ele>483.8</ele></rtept><rtept lat="28.837127" lon="121.035942"><ele>483.8</ele></rtept><rtept lat="28.837125" lon="121.035965"><ele>484.0</ele></rtept><rtept lat="28.837117" lon="121.035992"><ele>484.0</ele></rtept><rtept lat="28.837115" lon="121.036027"><ele>484.2</ele></rtept><rtept lat="28.837112" lon="121.036057"><ele>484.4</ele></rtept><rtept lat="28.837117" lon="121.036087"><ele>484.6</ele></rtept><rtept lat="28.837117" lon="121.036117"><ele>484.8</ele></rtept><rtept lat="28.837115" lon="121.036142"><ele>485.0</ele></rtept><rtept lat="28.837115" lon="121.036167"><ele>485.2</ele></rtept><rtept lat="28.837107" lon="121.036195"><ele>485.6</ele></rtept><rtept lat="28.837102" lon="121.036222"><ele>485.8</ele></rtept><rtept lat="28.837092" lon="121.036252"><ele>486.2</ele></rtept><rtept lat="28.837083" lon="121.036282"><ele>486.2</ele></rtept><rtept lat="28.837077" lon="121.036312"><ele>486.2</ele></rtept><rtept lat="28.837072" lon="121.036335"><ele>486.4</ele></rtept><rtept lat="28.837062" lon="121.036362"><ele>486.4</ele></rtept><rtept lat="28.837052" lon="121.036383"><ele>486.4</ele></rtept><rtept lat="28.837045" lon="121.03641"><ele>486.8</ele></rtept><rtept lat="28.83704" lon="121.03644"><ele>487.0</ele></rtept><rtept lat="28.837037" lon="121.036468"><ele>487.0</ele></rtept><rtept lat="28.83703" lon="121.036502"><ele>487.0</ele></rtept><rtept lat="28.837022" lon="121.036527"><ele>487.0</ele></rtept><rtept lat="28.83701" lon="121.036552"><ele>487.0</ele></rtept><rtept lat="28.836997" lon="121.036575"><ele>487.0</ele></rtept><rtept lat="28.836982" lon="121.036597"><ele>487.2</ele></rtept><rtept lat="28.836962" lon="121.036615"><ele>487.2</ele></rtept><rtept lat="28.836947" lon="121.036632"><ele>487.2</ele></rtept><rtept lat="28.836928" lon="121.03665"><ele>487.4</ele></rtept><rtept lat="28.83691" lon="121.036662"><ele>487.6</ele></rtept><rtept lat="28.836893" lon="121.036682"><ele>487.8</ele></rtept><rtept lat="28.836882" lon="121.036705"><ele>488.2</ele></rtept><rtept lat="28.83687" lon="121.03672"><ele>488.2</ele></rtept><rtept lat="28.836852" lon="121.036737"><ele>488.4</ele></rtept><rtept lat="28.836837" lon="121.036752"><ele>488.8</ele></rtept><rtept lat="28.836822" lon="121.036772"><ele>489.0</ele></rtept><rtept lat="28.836807" lon="121.036792"><ele>489.0</ele></rtept><rtept lat="28.836792" lon="121.036807"><ele>489.6</ele></rtept><rtept lat="28.836782" lon="121.036827"><ele>489.8</ele></rtept><rtept lat="28.836777" lon="121.036855"><ele>490.0</ele></rtept><rtept lat="28.836772" lon="121.036875"><ele>490.6</ele></rtept><rtept lat="28.836755" lon="121.036895"><ele>490.6</ele></rtept><rtept lat="28.836738" lon="121.036912"><ele>490.8</ele></rtept><rtept lat="28.836722" lon="121.036937"><ele>490.8</ele></rtept><rtept lat="28.836715" lon="121.036967"><ele>490.8</ele></rtept><rtept lat="28.836707" lon="121.036995"><ele>490.8</ele></rtept><rtept lat="28.836702" lon="121.037025"><ele>490.8</ele></rtept><rtept lat="28.836697" lon="121.037047"><ele>490.2</ele></rtept><rtept lat="28.836677" lon="121.037065"><ele>489.8</ele></rtept><rtept lat="28.836657" lon="121.037067"><ele>489.4</ele></rtept><rtept lat="28.836632" lon="121.037058"><ele>488.4</ele></rtept><rtept lat="28.83661" lon="121.037052"><ele>487.6</ele></rtept><rtept lat="28.83658" lon="121.037042"><ele>487.0</ele></rtept><rtept lat="28.836542" lon="121.037032"><ele>486.0</ele></rtept><rtept lat="28.836507" lon="121.037022"><ele>485.4</ele></rtept><rtept lat="28.83647" lon="121.03701"><ele>484.2</ele></rtept><rtept lat="28.836442" lon="121.037007"><ele>483.6</ele></rtept><rtept lat="28.836415" lon="121.037007"><ele>483.2</ele></rtept><rtept lat="28.836387" lon="121.037007"><ele>483.0</ele></rtept><rtept lat="28.836362" lon="121.036992"><ele>483.0</ele></rtept><rtept lat="28.836337" lon="121.036975"><ele>482.8</ele></rtept><rtept lat="28.836312" lon="121.036957"><ele>482.6</ele></rtept><rtept lat="28.83629" lon="121.036937"><ele>482.4</ele></rtept><rtept lat="28.836267" lon="121.036907"><ele>482.0</ele></rtept><rtept lat="28.836247" lon="121.03688"><ele>481.6</ele></rtept><rtept lat="28.836227" lon="121.036857"><ele>481.4</ele></rtept><rtept lat="28.836205" lon="121.036837"><ele>481.2</ele></rtept><rtept lat="28.836182" lon="121.03682"><ele>481.0</ele></rtept><rtept lat="28.836162" lon="121.036805"><ele>480.8</ele></rtept><rtept lat="28.836137" lon="121.036792"><ele>480.8</ele></rtept><rtept lat="28.836107" lon="121.036782"><ele>480.8</ele></rtept><rtept lat="28.836077" lon="121.036777"><ele>480.8</ele></rtept><rtept lat="28.836047" lon="121.036762"><ele>480.2</ele></rtept><rtept lat="28.836017" lon="121.036742"><ele>480.2</ele></rtept><rtept lat="28.835987" lon="121.036727"><ele>480.2</ele></rtept><rtept lat="28.835962" lon="121.036705"><ele>480.0</ele></rtept><rtept lat="28.835937" lon="121.036687"><ele>480.0</ele></rtept><rtept lat="28.835917" lon="121.036672"><ele>480.0</ele></rtept><rtept lat="28.835902" lon="121.036657"><ele>480.0</ele></rtept><rtept lat="28.835892" lon="121.03664"><ele>480.0</ele></rtept><rtept lat="28.835882" lon="121.036617"><ele>480.0</ele></rtept><rtept lat="28.83587" lon="121.036595"><ele>480.0</ele></rtept><rtept lat="28.835857" lon="121.036577"><ele>480.0</ele></rtept><rtept lat="28.835842" lon="121.036557"><ele>480.2</ele></rtept><rtept lat="28.835825" lon="121.036532"><ele>480.6</ele></rtept><rtept lat="28.835807" lon="121.036512"><ele>481.0</ele></rtept><rtept lat="28.835787" lon="121.036487"><ele>481.2</ele></rtept><rtept lat="28.835762" lon="121.036467"><ele>481.2</ele></rtept><rtept lat="28.835732" lon="121.036447"><ele>481.2</ele></rtept><rtept lat="28.835702" lon="121.036427"><ele>481.2</ele></rtept><rtept lat="28.835672" lon="121.036407"><ele>480.8</ele></rtept><rtept lat="28.835637" lon="121.036395"><ele>480.4</ele></rtept><rtept lat="28.835602" lon="121.036382"><ele>480.0</ele></rtept><rtept lat="28.835563" lon="121.036375"><ele>479.6</ele></rtept><rtept lat="28.835528" lon="121.036372"><ele>479.0</ele></rtept><rtept lat="28.8355" lon="121.03637"><ele>478.6</ele></rtept><rtept lat="28.835475" lon="121.036372"><ele>478.0</ele></rtept><rtept lat="28.83545" lon="121.036382"><ele>478.0</ele></rtept><rtept lat="28.83542" lon="121.036397"><ele>478.2</ele></rtept><rtept lat="28.835392" lon="121.03641"><ele>478.2</ele></rtept><rtept lat="28.835357" lon="121.03641"><ele>478.2</ele></rtept><rtept lat="28.83533" lon="121.03642"><ele>477.8</ele></rtept><rtept lat="28.835307" lon="121.036437"><ele>477.6</ele></rtept><rtept lat="28.835292" lon="121.036465"><ele>477.6</ele></rtept><rtept lat="28.83528" lon="121.036492"><ele>477.2</ele></rtept><rtept lat="28.83527" lon="121.036517"><ele>477.0</ele></rtept><rtept lat="28.835262" lon="121.03655"><ele>476.8</ele></rtept><rtept lat="28.835255" lon="121.036582"><ele>476.8</ele></rtept><rtept lat="28.835252" lon="121.03662"><ele>476.4</ele></rtept><rtept lat="28.835252" lon="121.036657"><ele>476.4</ele></rtept><rtept lat="28.835257" lon="121.036697"><ele>476.4</ele></rtept><rtept lat="28.835262" lon="121.036732"><ele>476.4</ele></rtept><rtept lat="28.835267" lon="121.036772"><ele>476.4</ele></rtept><rtept lat="28.835272" lon="121.036807"><ele>476.4</ele></rtept><rtept lat="28.835277" lon="121.036837"><ele>477.0</ele></rtept><rtept lat="28.835282" lon="121.036862"><ele>477.0</ele></rtept><rtept lat="28.83529" lon="121.03689"><ele>477.0</ele></rtept><rtept lat="28.835297" lon="121.036912"><ele>477.2</ele></rtept><rtept lat="28.835317" lon="121.036947"><ele>477.6</ele></rtept><rtept lat="28.835332" lon="121.036967"><ele>478.0</ele></rtept><rtept lat="28.835345" lon="121.03699"><ele>478.6</ele></rtept><rtept lat="28.835362" lon="121.037017"><ele>478.8</ele></rtept><rtept lat="28.835377" lon="121.037042"><ele>478.8</ele></rtept><rtept lat="28.835392" lon="121.037067"><ele>479.0</ele></rtept><rtept lat="28.835402" lon="121.03709"><ele>479.0</ele></rtept><rtept lat="28.835417" lon="121.03711"><ele>479.0</ele></rtept><rtept lat="28.835432" lon="121.037127"><ele>479.2</ele></rtept><rtept lat="28.835452" lon="121.03714"><ele>479.8</ele></rtept><rtept lat="28.835475" lon="121.037157"><ele>480.0</ele></rtept><rtept lat="28.835495" lon="121.037177"><ele>480.6</ele></rtept><rtept lat="28.835512" lon="121.037202"><ele>480.6</ele></rtept><rtept lat="28.835532" lon="121.037222"><ele>480.6</ele></rtept><rtept lat="28.835547" lon="121.037242"><ele>480.6</ele></rtept><rtept lat="28.835562" lon="121.037262"><ele>480.8</ele></rtept><rtept lat="28.835577" lon="121.03728"><ele>481.0</ele></rtept><rtept lat="28.835592" lon="121.0373"><ele>481.2</ele></rtept><rtept lat="28.835607" lon="121.03732"><ele>481.6</ele></rtept><rtept lat="28.835617" lon="121.037342"><ele>481.6</ele></rtept><rtept lat="28.835635" lon="121.037365"><ele>481.6</ele></rtept><rtept lat="28.835652" lon="121.037382"><ele>481.6</ele></rtept><rtept lat="28.835667" lon="121.037402"><ele>481.6</ele></rtept><rtept lat="28.835682" lon="121.037422"><ele>481.8</ele></rtept><rtept lat="28.8357" lon="121.037445"><ele>482.2</ele></rtept><rtept lat="28.835712" lon="121.037465"><ele>482.8</ele></rtept><rtept lat="28.83573" lon="121.037482"><ele>483.0</ele></rtept><rtept lat="28.835745" lon="121.0375"><ele>483.0</ele></rtept><rtept lat="28.835757" lon="121.037522"><ele>483.2</ele></rtept><rtept lat="28.835765" lon="121.037547"><ele>483.4</ele></rtept><rtept lat="28.835777" lon="121.037572"><ele>484.0</ele></rtept><rtept lat="28.835785" lon="121.037597"><ele>484.4</ele></rtept><rtept lat="28.835795" lon="121.03763"><ele>484.4</ele></rtept><rtept lat="28.835802" lon="121.03766"><ele>484.8</ele></rtept><rtept lat="28.835812" lon="121.03769"><ele>485.0</ele></rtept><rtept lat="28.83583" lon="121.037722"><ele>484.8</ele></rtept><rtept lat="28.835847" lon="121.03775"><ele>485.0</ele></rtept><rtept lat="28.835862" lon="121.037782"><ele>484.8</ele></rtept><rtept lat="28.835872" lon="121.037812"><ele>484.8</ele></rtept><rtept lat="28.835882" lon="121.037845"><ele>484.8</ele></rtept><rtept lat="28.83589" lon="121.037875"><ele>484.8</ele></rtept><rtept lat="28.835902" lon="121.037903"><ele>484.8</ele></rtept><rtept lat="28.835915" lon="121.037935"><ele>485.2</ele></rtept><rtept lat="28.835927" lon="121.037962"><ele>485.0</ele></rtept><rtept lat="28.835942" lon="121.037992"><ele>485.0</ele></rtept><rtept lat="28.835952" lon="121.038022"><ele>485.0</ele></rtept><rtept lat="28.835962" lon="121.038052"><ele>485.0</ele></rtept><rtept lat="28.83597" lon="121.038082"><ele>485.0</ele></rtept><rtept lat="28.835977" lon="121.038122"><ele>485.0</ele></rtept><rtept lat="28.83598" lon="121.038157"><ele>485.0</ele></rtept><rtept lat="28.835982" lon="121.038195"><ele>485.0</ele></rtept><rtept lat="28.83599" lon="121.03823"><ele>484.8</ele></rtept><rtept lat="28.836" lon="121.038267"><ele>484.8</ele></rtept><rtept lat="28.836007" lon="121.038302"><ele>485.0</ele></rtept><rtept lat="28.836012" lon="121.038337"><ele>485.0</ele></rtept><rtept lat="28.836017" lon="121.038372"><ele>485.0</ele></rtept><rtept lat="28.836022" lon="121.038407"><ele>484.8</ele></rtept><rtept lat="28.83603" lon="121.038438"><ele>484.8</ele></rtept><rtept lat="28.83604" lon="121.038477"><ele>484.8</ele></rtept><rtept lat="28.836045" lon="121.03851"><ele>485.0</ele></rtept><rtept lat="28.836047" lon="121.038545"><ele>485.0</ele></rtept><rtept lat="28.836042" lon="121.038577"><ele>484.6</ele></rtept><rtept lat="28.83604" lon="121.038607"><ele>484.6</ele></rtept><rtept lat="28.836037" lon="121.038642"><ele>484.6</ele></rtept><rtept lat="28.836042" lon="121.03868"><ele>484.8</ele></rtept><rtept lat="28.836045" lon="121.038717"><ele>484.8</ele></rtept><rtept lat="28.836047" lon="121.038752"><ele>484.8</ele></rtept><rtept lat="28.83605" lon="121.03878"><ele>485.2</ele></rtept><rtept lat="28.836052" lon="121.038807"><ele>485.2</ele></rtept><rtept lat="28.83606" lon="121.03883"><ele>485.2</ele></rtept><rtept lat="28.836072" lon="121.038857"><ele>485.0</ele></rtept><rtept lat="28.836085" lon="121.038882"><ele>485.2</ele></rtept><rtept lat="28.836097" lon="121.038902"><ele>485.2</ele></rtept><rtept lat="28.836107" lon="121.038922"><ele>485.8</ele></rtept><rtept lat="28.836122" lon="121.038945"><ele>485.8</ele></rtept><rtept lat="28.83613" lon="121.038962"><ele>485.8</ele></rtept><rtept lat="28.836142" lon="121.038982"><ele>486.0</ele></rtept><rtept lat="28.836157" lon="121.039002"><ele>486.4</ele></rtept><rtept lat="28.836172" lon="121.039022"><ele>486.4</ele></rtept><rtept lat="28.836187" lon="121.039037"><ele>486.8</ele></rtept><rtept lat="28.836197" lon="121.039057"><ele>486.8</ele></rtept><rtept lat="28.836207" lon="121.039075"><ele>487.2</ele></rtept><rtept lat="28.83622" lon="121.039092"><ele>487.2</ele></rtept><rtept lat="28.836237" lon="121.039122"><ele>488.2</ele></rtept><rtept lat="28.836257" lon="121.039147"><ele>489.0</ele></rtept><rtept lat="28.836265" lon="121.039172"><ele>489.0</ele></rtept><rtept lat="28.836277" lon="121.039192"><ele>489.4</ele></rtept><rtept lat="28.836287" lon="121.039212"><ele>489.8</ele></rtept><rtept lat="28.836297" lon="121.03923"><ele>490.0</ele></rtept><rtept lat="28.836307" lon="121.039252"><ele>490.4</ele></rtept><rtept lat="28.836317" lon="121.039272"><ele>491.0</ele></rtept><rtept lat="28.836337" lon="121.039305"><ele>491.8</ele></rtept><rtept lat="28.83635" lon="121.039325"><ele>491.8</ele></rtept><rtept lat="28.836365" lon="121.03935"><ele>492.2</ele></rtept><rtept lat="28.836372" lon="121.039377"><ele>492.8</ele></rtept><rtept lat="28.836377" lon="121.0394"><ele>492.8</ele></rtept><rtept lat="28.836382" lon="121.039422"><ele>492.6</ele></rtept><rtept lat="28.836387" lon="121.039445"><ele>492.4</ele></rtept><rtept lat="28.836405" lon="121.039477"><ele>493.2</ele></rtept><rtept lat="28.836417" lon="121.039497"><ele>493.8</ele></rtept><rtept lat="28.836432" lon="121.039527"><ele>494.0</ele></rtept><rtept lat="28.83645" lon="121.039557"><ele>495.0</ele></rtept><rtept lat="28.836462" lon="121.039587"><ele>495.8</ele></rtept><rtept lat="28.83647" lon="121.039607"><ele>496.6</ele></rtept><rtept lat="28.836477" lon="121.03963"><ele>496.8</ele></rtept><rtept lat="28.836487" lon="121.039652"><ele>496.8</ele></rtept><rtept lat="28.836502" lon="121.039667"><ele>496.8</ele></rtept><rtept lat="28.836517" lon="121.039687"><ele>496.8</ele></rtept><rtept lat="28.836532" lon="121.039705"><ele>497.0</ele></rtept><rtept lat="28.836545" lon="121.039727"><ele>496.8</ele></rtept><rtept lat="28.836557" lon="121.039745"><ele>496.8</ele></rtept><rtept lat="28.836575" lon="121.039762"><ele>496.6</ele></rtept><rtept lat="28.836595" lon="121.039782"><ele>496.6</ele></rtept><rtept lat="28.836612" lon="121.039807"><ele>495.8</ele></rtept><rtept lat="28.836632" lon="121.03983"><ele>495.2</ele></rtept><rtept lat="28.836647" lon="121.039857"><ele>494.4</ele></rtept><rtept lat="28.83666" lon="121.03988"><ele>493.4</ele></rtept><rtept lat="28.836672" lon="121.0399"><ele>492.6</ele></rtept><rtept lat="28.836692" lon="121.039917"><ele>492.0</ele></rtept><rtept lat="28.836717" lon="121.039935"><ele>491.4</ele></rtept><rtept lat="28.836742" lon="121.039957"><ele>490.4</ele></rtept><rtept lat="28.836772" lon="121.03998"><ele>490.0</ele></rtept><rtept lat="28.836805" lon="121.039995"><ele>488.6</ele></rtept><rtept lat="28.836832" lon="121.040007"><ele>487.6</ele></rtept><rtept lat="28.83686" lon="121.04002"><ele>487.2</ele></rtept><rtept lat="28.836885" lon="121.040042"><ele>486.8</ele></rtept><rtept lat="28.836902" lon="121.04007"><ele>485.6</ele></rtept><rtept lat="28.836915" lon="121.040102"><ele>485.6</ele></rtept><rtept lat="28.836932" lon="121.04014"><ele>484.6</ele></rtept><rtept lat="28.836947" lon="121.040172"><ele>484.2</ele></rtept><rtept lat="28.836972" lon="121.040207"><ele>483.4</ele></rtept><rtept lat="28.836995" lon="121.040247"><ele>482.6</ele></rtept><rtept lat="28.83701" lon="121.040282"><ele>482.2</ele></rtept><rtept lat="28.837022" lon="121.040317"><ele>481.0</ele></rtept><rtept lat="28.83704" lon="121.040352"><ele>480.0</ele></rtept><rtept lat="28.83706" lon="121.040397"><ele>479.8</ele></rtept><rtept lat="28.837072" lon="121.040432"><ele>479.6</ele></rtept><rtept lat="28.837087" lon="121.040467"><ele>478.8</ele></rtept><rtept lat="28.837102" lon="121.040512"><ele>478.0</ele></rtept><rtept lat="28.837107" lon="121.040562"><ele>477.6</ele></rtept><rtept lat="28.837118" lon="121.040607"><ele>477.0</ele></rtept><rtept lat="28.837132" lon="121.04064"><ele>476.2</ele></rtept><rtept lat="28.837147" lon="121.040672"><ele>474.8</ele></rtept><rtept lat="28.837162" lon="121.040707"><ele>474.2</ele></rtept><rtept lat="28.837172" lon="121.040745"><ele>474.0</ele></rtept><rtept lat="28.837175" lon="121.04078"><ele>474.0</ele></rtept><rtept lat="28.837162" lon="121.040817"><ele>474.0</ele></rtept><rtept lat="28.837145" lon="121.040852"><ele>473.4</ele></rtept><rtept lat="28.837125" lon="121.0409"><ele>472.6</ele></rtept><rtept lat="28.837115" lon="121.04093"><ele>472.4</ele></rtept><rtept lat="28.837097" lon="121.040967"><ele>471.4</ele></rtept><rtept lat="28.837082" lon="121.04101"><ele>470.2</ele></rtept><rtept lat="28.837067" lon="121.041057"><ele>469.4</ele></rtept><rtept lat="28.837052" lon="121.041107"><ele>468.6</ele></rtept><rtept lat="28.83706" lon="121.04116"><ele>468.0</ele></rtept><rtept lat="28.837072" lon="121.041207"><ele>467.4</ele></rtept><rtept lat="28.837087" lon="121.041255"><ele>466.0</ele></rtept><rtept lat="28.837105" lon="121.04129"><ele>466.0</ele></rtept><rtept lat="28.837122" lon="121.041325"><ele>466.0</ele></rtept><rtept lat="28.837145" lon="121.041355"><ele>465.8</ele></rtept><rtept lat="28.837172" lon="121.041382"><ele>465.4</ele></rtept><rtept lat="28.837205" lon="121.041407"><ele>465.0</ele></rtept><rtept lat="28.837237" lon="121.041435"><ele>464.6</ele></rtept><rtept lat="28.837262" lon="121.041467"><ele>463.2</ele></rtept><rtept lat="28.837277" lon="121.041505"><ele>462.8</ele></rtept><rtept lat="28.83729" lon="121.04154"><ele>462.6</ele></rtept><rtept lat="28.8373" lon="121.041577"><ele>462.0</ele></rtept><rtept lat="28.837317" lon="121.041607"><ele>461.2</ele></rtept><rtept lat="28.837337" lon="121.04163"><ele>460.6</ele></rtept><rtept lat="28.83736" lon="121.041655"><ele>459.8</ele></rtept><rtept lat="28.837385" lon="121.04168"><ele>459.4</ele></rtept><rtept lat="28.837412" lon="121.041707"><ele>459.2</ele></rtept><rtept lat="28.837435" lon="121.04173"><ele>459.2</ele></rtept><rtept lat="28.83746" lon="121.041752"><ele>459.2</ele></rtept><rtept lat="28.837487" lon="121.041777"><ele>459.2</ele></rtept><rtept lat="28.83751" lon="121.041802"><ele>459.0</ele></rtept><rtept lat="28.837533" lon="121.041825"><ele>459.0</ele></rtept><rtept lat="28.83756" lon="121.041847"><ele>459.0</ele></rtept><rtept lat="28.837587" lon="121.041867"><ele>459.0</ele></rtept><rtept lat="28.837612" lon="121.041892"><ele>459.2</ele></rtept><rtept lat="28.837637" lon="121.041917"><ele>459.2</ele></rtept><rtept lat="28.837657" lon="121.041947"><ele>459.0</ele></rtept><rtept lat="28.837677" lon="121.041975"><ele>458.0</ele></rtept><rtept lat="28.837697" lon="121.042007"><ele>458.0</ele></rtept><rtept lat="28.83771" lon="121.042042"><ele>458.2</ele></rtept><rtept lat="28.837717" lon="121.042077"><ele>458.2</ele></rtept><rtept lat="28.83772" lon="121.042115"><ele>458.2</ele></rtept><rtept lat="28.83772" lon="121.042152"><ele>458.2</ele></rtept><rtept lat="28.837722" lon="121.042187"><ele>458.2</ele></rtept><rtept lat="28.837723" lon="121.042222"><ele>458.0</ele></rtept><rtept lat="28.837732" lon="121.042257"><ele>458.0</ele></rtept><rtept lat="28.837742" lon="121.042293"><ele>458.0</ele></rtept><rtept lat="28.837747" lon="121.042327"><ele>457.8</ele></rtept><rtept lat="28.83775" lon="121.042357"><ele>457.6</ele></rtept><rtept lat="28.837747" lon="121.042385"><ele>457.6</ele></rtept><rtept lat="28.837745" lon="121.04242"><ele>458.0</ele></rtept><rtept lat="28.837742" lon="121.042445"><ele>458.8</ele></rtept><rtept lat="28.837747" lon="121.042472"><ele>459.6</ele></rtept><rtept lat="28.837762" lon="121.042505"><ele>460.4</ele></rtept><rtept lat="28.837772" lon="121.042525"><ele>460.6</ele></rtept><rtept lat="28.837785" lon="121.04255"><ele>460.6</ele></rtept><rtept lat="28.837797" lon="121.042572"><ele>460.6</ele></rtept><rtept lat="28.837812" lon="121.042592"><ele>460.6</ele></rtept><rtept lat="28.83783" lon="121.042612"><ele>460.6</ele></rtept><rtept lat="28.837847" lon="121.042632"><ele>460.6</ele></rtept><rtept lat="28.837862" lon="121.042652"><ele>460.6</ele></rtept><rtept lat="28.837872" lon="121.042675"><ele>460.6</ele></rtept><rtept lat="28.83789" lon="121.0427"><ele>460.6</ele></rtept><rtept lat="28.837902" lon="121.04273"><ele>460.6</ele></rtept><rtept lat="28.837912" lon="121.042755"><ele>460.8</ele></rtept><rtept lat="28.837922" lon="121.042785"><ele>461.0</ele></rtept><rtept lat="28.837935" lon="121.042812"><ele>461.0</ele></rtept><rtept lat="28.83795" lon="121.042837"><ele>461.2</ele></rtept><rtept lat="28.837965" lon="121.04286"><ele>461.2</ele></rtept><rtept lat="28.837977" lon="121.042877"><ele>461.2</ele></rtept><rtept lat="28.837995" lon="121.042897"><ele>461.2</ele></rtept><rtept lat="28.83802" lon="121.042917"><ele>461.2</ele></rtept><rtept lat="28.83804" lon="121.04294"><ele>461.2</ele></rtept><rtept lat="28.838062" lon="121.04296"><ele>461.2</ele></rtept><rtept lat="28.838082" lon="121.042977"><ele>461.4</ele></rtept><rtept lat="28.838103" lon="121.042992"><ele>461.8</ele></rtept><rtept lat="28.838122" lon="121.043002"><ele>461.8</ele></rtept><rtept lat="28.838157" lon="121.04302"><ele>461.8</ele></rtept><rtept lat="28.838182" lon="121.043037"><ele>462.0</ele></rtept><rtept lat="28.838205" lon="121.043053"><ele>461.8</ele></rtept><rtept lat="28.838227" lon="121.043072"><ele>462.0</ele></rtept><rtept lat="28.838245" lon="121.04309"><ele>462.0</ele></rtept><rtept lat="28.838267" lon="121.043107"><ele>462.4</ele></rtept><rtept lat="28.838287" lon="121.043127"><ele>463.0</ele></rtept><rtept lat="28.838307" lon="121.04315"><ele>463.2</ele></rtept><rtept lat="28.838322" lon="121.043172"><ele>463.2</ele></rtept><rtept lat="28.83834" lon="121.043192"><ele>463.8</ele></rtept><rtept lat="28.838357" lon="121.04321"><ele>464.0</ele></rtept><rtept lat="28.838372" lon="121.04323"><ele>464.4</ele></rtept><rtept lat="28.838387" lon="121.04325"><ele>464.6</ele></rtept><rtept lat="28.838402" lon="121.043267"><ele>464.6</ele></rtept><rtept lat="28.838417" lon="121.043287"><ele>465.0</ele></rtept><rtept lat="28.838432" lon="121.043312"><ele>465.6</ele></rtept><rtept lat="28.838442" lon="121.043337"><ele>465.6</ele></rtept><rtept lat="28.838452" lon="121.043362"><ele>465.8</ele></rtept><rtept lat="28.838457" lon="121.04339"><ele>465.8</ele></rtept><rtept lat="28.838467" lon="121.043417"><ele>466.8</ele></rtept><rtept lat="28.838477" lon="121.043447"><ele>466.8</ele></rtept><rtept lat="28.838487" lon="121.043472"><ele>466.8</ele></rtept><rtept lat="28.838497" lon="121.043497"><ele>467.0</ele></rtept><rtept lat="28.838507" lon="121.043522"><ele>467.2</ele></rtept><rtept lat="28.838522" lon="121.043545"><ele>467.2</ele></rtept><rtept lat="28.838535" lon="121.043577"><ele>467.0</ele></rtept><rtept lat="28.838547" lon="121.04361"><ele>467.0</ele></rtept><rtept lat="28.838552" lon="121.04364"><ele>467.0</ele></rtept><rtept lat="28.838552" lon="121.043673"><ele>466.8</ele></rtept><rtept lat="28.838557" lon="121.043707"><ele>466.8</ele></rtept><rtept lat="28.838557" lon="121.043732"><ele>467.0</ele></rtept><rtept lat="28.838562" lon="121.043757"><ele>467.0</ele></rtept><rtept lat="28.838565" lon="121.04379"><ele>466.6</ele></rtept><rtept lat="28.83857" lon="121.043822"><ele>466.4</ele></rtept><rtept lat="28.838567" lon="121.043852"><ele>465.8</ele></rtept><rtept lat="28.838567" lon="121.043877"><ele>464.6</ele></rtept><rtept lat="28.838572" lon="121.043902"><ele>464.4</ele></rtept><rtept lat="28.838585" lon="121.043927"><ele>463.4</ele></rtept><rtept lat="28.838602" lon="121.043952"><ele>462.6</ele></rtept><rtept lat="28.838617" lon="121.043985"><ele>461.8</ele></rtept><rtept lat="28.838627" lon="121.044017"><ele>461.2</ele></rtept><rtept lat="28.838642" lon="121.044047"><ele>460.4</ele></rtept><rtept lat="28.838657" lon="121.044082"><ele>460.4</ele></rtept><rtept lat="28.838665" lon="121.044117"><ele>460.0</ele></rtept><rtept lat="28.838667" lon="121.044147"><ele>459.4</ele></rtept><rtept lat="28.838677" lon="121.044185"><ele>459.2</ele></rtept><rtept lat="28.838692" lon="121.044215"><ele>458.6</ele></rtept><rtept lat="28.838702" lon="121.044255"><ele>458.2</ele></rtept><rtept lat="28.838717" lon="121.044292"><ele>457.8</ele></rtept><rtept lat="28.838725" lon="121.044335"><ele>457.8</ele></rtept><rtept lat="28.83873" lon="121.044375"><ele>457.8</ele></rtept><rtept lat="28.838735" lon="121.044412"><ele>457.0</ele></rtept><rtept lat="28.83873" lon="121.04445"><ele>456.0</ele></rtept><rtept lat="28.83872" lon="121.044487"><ele>455.6</ele></rtept><rtept lat="28.838707" lon="121.04452"><ele>455.4</ele></rtept><rtept lat="28.838695" lon="121.04455"><ele>455.2</ele></rtept><rtept lat="28.838682" lon="121.044582"><ele>455.0</ele></rtept><rtept lat="28.838677" lon="121.044615"><ele>454.6</ele></rtept><rtept lat="28.838677" lon="121.04465"><ele>454.6</ele></rtept><rtept lat="28.838677" lon="121.044685"><ele>454.6</ele></rtept><rtept lat="28.838672" lon="121.044722"><ele>454.2</ele></rtept><rtept lat="28.838672" lon="121.044757"><ele>454.0</ele></rtept><rtept lat="28.838672" lon="121.044797"><ele>454.0</ele></rtept><rtept lat="28.838672" lon="121.044827"><ele>454.0</ele></rtept><rtept lat="28.838672" lon="121.044867"><ele>454.0</ele></rtept><rtept lat="28.838667" lon="121.044902"><ele>454.0</ele></rtept><rtept lat="28.83866" lon="121.044937"><ele>453.6</ele></rtept><rtept lat="28.838647" lon="121.044972"><ele>453.6</ele></rtept><rtept lat="28.838632" lon="121.045002"><ele>454.0</ele></rtept><rtept lat="28.838615" lon="121.045032"><ele>454.0</ele></rtept><rtept lat="28.838592" lon="121.045062"><ele>453.6</ele></rtept><rtept lat="28.838562" lon="121.045087"><ele>453.6</ele></rtept><rtept lat="28.838537" lon="121.045107"><ele>453.6</ele></rtept><rtept lat="28.838507" lon="121.04513"><ele>453.6</ele></rtept><rtept lat="28.838475" lon="121.045155"><ele>453.0</ele></rtept><rtept lat="28.838442" lon="121.045177"><ele>452.4</ele></rtept><rtept lat="28.838417" lon="121.045197"><ele>452.2</ele></rtept><rtept lat="28.838387" lon="121.045217"><ele>452.2</ele></rtept><rtept lat="28.83836" lon="121.045237"><ele>451.8</ele></rtept><rtept lat="28.838335" lon="121.045262"><ele>451.8</ele></rtept><rtept lat="28.838315" lon="121.045285"><ele>451.8</ele></rtept><rtept lat="28.838297" lon="121.045312"><ele>451.8</ele></rtept><rtept lat="28.838287" lon="121.045337"><ele>452.0</ele></rtept><rtept lat="28.838275" lon="121.045357"><ele>452.0</ele></rtept><rtept lat="28.838262" lon="121.045377"><ele>452.2</ele></rtept><rtept lat="28.83825" lon="121.045392"><ele>452.2</ele></rtept><rtept lat="28.838237" lon="121.045412"><ele>452.4</ele></rtept><rtept lat="28.838217" lon="121.045427"><ele>453.0</ele></rtept><rtept lat="28.838202" lon="121.045442"><ele>453.4</ele></rtept><rtept lat="28.838182" lon="121.045455"><ele>453.8</ele></rtept><rtept lat="28.838167" lon="121.045472"><ele>453.8</ele></rtept><rtept lat="28.838147" lon="121.045492"><ele>453.8</ele></rtept><rtept lat="28.838122" lon="121.045507"><ele>453.8</ele></rtept><rtept lat="28.838097" lon="121.04551"><ele>454.2</ele></rtept><rtept lat="28.838072" lon="121.045517"><ele>454.2</ele></rtept><rtept lat="28.838052" lon="121.045522"><ele>454.6</ele></rtept><rtept lat="28.838015" lon="121.045532"><ele>454.6</ele></rtept><rtept lat="28.837992" lon="121.045532"><ele>454.6</ele></rtept><rtept lat="28.837972" lon="121.045532"><ele>455.0</ele></rtept><rtept lat="28.837955" lon="121.045535"><ele>455.2</ele></rtept><rtept lat="28.837935" lon="121.045537"><ele>455.4</ele></rtept><rtept lat="28.837913" lon="121.045547"><ele>455.6</ele></rtept><rtept lat="28.837887" lon="121.045567"><ele>456.4</ele></rtept><rtept lat="28.837862" lon="121.04559"><ele>456.8</ele></rtept><rtept lat="28.837847" lon="121.045622"><ele>457.4</ele></rtept><rtept lat="28.837837" lon="121.045647"><ele>457.8</ele></rtept><rtept lat="28.83782" lon="121.045675"><ele>458.8</ele></rtept><rtept lat="28.83781" lon="121.045692"><ele>459.2</ele></rtept><rtept lat="28.837797" lon="121.045707"><ele>459.4</ele></rtept><rtept lat="28.83779" lon="121.045727"><ele>459.8</ele></rtept><rtept lat="28.837767" lon="121.045762"><ele>460.6</ele></rtept><rtept lat="28.837745" lon="121.045787"><ele>461.4</ele></rtept><rtept lat="28.837727" lon="121.045815"><ele>462.4</ele></rtept><rtept lat="28.837717" lon="121.04584"><ele>463.2</ele></rtept><rtept lat="28.837695" lon="121.045857"><ele>464.0</ele></rtept><rtept lat="28.837677" lon="121.045865"><ele>464.4</ele></rtept><rtept lat="28.837657" lon="121.045882"><ele>465.0</ele></rtept><rtept lat="28.837642" lon="121.045897"><ele>465.4</ele></rtept><rtept lat="28.837622" lon="121.045907"><ele>465.8</ele></rtept><rtept lat="28.837587" lon="121.045917"><ele>465.8</ele></rtept><rtept lat="28.837567" lon="121.045927"><ele>466.4</ele></rtept><rtept lat="28.837532" lon="121.045942"><ele>466.4</ele></rtept><rtept lat="28.837502" lon="121.04595"><ele>467.2</ele></rtept><rtept lat="28.837487" lon="121.045957"><ele>467.2</ele></rtept><rtept lat="28.837465" lon="121.045965"><ele>468.4</ele></rtept><rtept lat="28.837442" lon="121.045982"><ele>468.8</ele></rtept><rtept lat="28.837422" lon="121.046008"><ele>469.4</ele></rtept><rtept lat="28.837405" lon="121.046035"><ele>470.2</ele></rtept><rtept lat="28.837397" lon="121.046057"><ele>470.8</ele></rtept><rtept lat="28.837385" lon="121.046082"><ele>471.4</ele></rtept><rtept lat="28.837372" lon="121.046097"><ele>472.6</ele></rtept><rtept lat="28.83736" lon="121.046122"><ele>473.6</ele></rtept><rtept lat="28.837352" lon="121.046145"><ele>474.2</ele></rtept><rtept lat="28.837337" lon="121.046165"><ele>475.6</ele></rtept><rtept lat="28.837322" lon="121.04618"><ele>476.0</ele></rtept><rtept lat="28.837307" lon="121.046192"><ele>476.4</ele></rtept><rtept lat="28.837302" lon="121.04621"><ele>477.6</ele></rtept><rtept lat="28.837302" lon="121.046227"><ele>478.8</ele></rtept><rtept lat="28.8373" lon="121.046257"><ele>479.6</ele></rtept><rtept lat="28.837302" lon="121.046282"><ele>480.0</ele></rtept><rtept lat="28.837302" lon="121.046312"><ele>480.4</ele></rtept><rtept lat="28.837302" lon="121.046335"><ele>481.0</ele></rtept><rtept lat="28.837297" lon="121.046362"><ele>482.2</ele></rtept><rtept lat="28.837292" lon="121.046392"><ele>482.2</ele></rtept><rtept lat="28.837285" lon="121.046412"><ele>482.4</ele></rtept><rtept lat="28.837282" lon="121.046442"><ele>483.2</ele></rtept><rtept lat="28.837287" lon="121.046462"><ele>483.8</ele></rtept><rtept lat="28.83729" lon="121.046482"><ele>484.4</ele></rtept><rtept lat="28.837292" lon="121.046505"><ele>484.8</ele></rtept><rtept lat="28.837295" lon="121.046532"><ele>485.6</ele></rtept><rtept lat="28.837295" lon="121.046555"><ele>486.0</ele></rtept><rtept lat="28.83729" lon="121.046585"><ele>487.2</ele></rtept><rtept lat="28.837282" lon="121.046602"><ele>488.0</ele></rtept><rtept lat="28.837287" lon="121.046635"><ele>488.6</ele></rtept><rtept lat="28.837302" lon="121.046662"><ele>489.8</ele></rtept><rtept lat="28.83732" lon="121.046677"><ele>490.8</ele></rtept><rtept lat="28.837342" lon="121.046695"><ele>491.4</ele></rtept><rtept lat="28.837372" lon="121.046712"><ele>491.4</ele></rtept><rtept lat="28.837402" lon="121.046727"><ele>491.4</ele></rtept><rtept lat="28.837417" lon="121.046737"><ele>491.4</ele></rtept><rtept lat="28.837435" lon="121.04675"><ele>491.4</ele></rtept><rtept lat="28.837447" lon="121.046765"><ele>491.6</ele></rtept><rtept lat="28.837467" lon="121.046792"><ele>491.6</ele></rtept><rtept lat="28.837485" lon="121.046807"><ele>491.8</ele></rtept><rtept lat="28.837497" lon="121.046822"><ele>492.4</ele></rtept><rtept lat="28.837517" lon="121.046852"><ele>492.6</ele></rtept><rtept lat="28.837542" lon="121.046877"><ele>493.2</ele></rtept><rtept lat="28.837557" lon="121.046897"><ele>493.8</ele></rtept><rtept lat="28.837572" lon="121.046922"><ele>494.4</ele></rtept><rtept lat="28.83759" lon="121.046937"><ele>495.0</ele></rtept><rtept lat="28.837607" lon="121.04696"><ele>495.4</ele></rtept><rtept lat="28.837622" lon="121.046992"><ele>496.0</ele></rtept><rtept lat="28.837632" lon="121.047025"><ele>497.0</ele></rtept><rtept lat="28.837637" lon="121.047052"><ele>497.6</ele></rtept><rtept lat="28.83763" lon="121.047078"><ele>498.4</ele></rtept><rtept lat="28.837627" lon="121.047097"><ele>499.4</ele></rtept><rtept lat="28.837622" lon="121.047122"><ele>500.0</ele></rtept><rtept lat="28.837622" lon="121.04715"><ele>501.0</ele></rtept><rtept lat="28.837622" lon="121.047172"><ele>501.8</ele></rtept><rtept lat="28.837617" lon="121.047192"><ele>502.6</ele></rtept><rtept lat="28.83762" lon="121.047212"><ele>503.4</ele></rtept><rtept lat="28.837612" lon="121.047242"><ele>503.6</ele></rtept><rtept lat="28.83761" lon="121.047265"><ele>504.2</ele></rtept><rtept lat="28.837607" lon="121.04729"><ele>505.2</ele></rtept><rtept lat="28.837597" lon="121.047312"><ele>506.0</ele></rtept><rtept lat="28.837602" lon="121.047335"><ele>507.2</ele></rtept><rtept lat="28.837612" lon="121.047357"><ele>507.8</ele></rtept><rtept lat="28.837615" lon="121.047375"><ele>509.0</ele></rtept><rtept lat="28.837625" lon="121.047395"><ele>509.8</ele></rtept><rtept lat="28.83763" lon="121.04742"><ele>510.2</ele></rtept><rtept lat="28.837637" lon="121.047442"><ele>510.8</ele></rtept><rtept lat="28.837645" lon="121.047462"><ele>511.8</ele></rtept><rtept lat="28.837652" lon="121.047482"><ele>512.0</ele></rtept><rtept lat="28.83766" lon="121.047507"><ele>513.2</ele></rtept><rtept lat="28.837662" lon="121.047527"><ele>514.0</ele></rtept><rtept lat="28.837662" lon="121.04755"><ele>514.4</ele></rtept><rtept lat="28.837665" lon="121.047577"><ele>515.0</ele></rtept><rtept lat="28.83767" lon="121.047607"><ele>516.0</ele></rtept><rtept lat="28.837672" lon="121.04763"><ele>517.0</ele></rtept><rtept lat="28.837677" lon="121.047652"><ele>517.2</ele></rtept><rtept lat="28.837687" lon="121.047675"><ele>517.8</ele></rtept><rtept lat="28.837692" lon="121.047692"><ele>518.4</ele></rtept><rtept lat="28.837702" lon="121.047712"><ele>518.8</ele></rtept><rtept lat="28.837715" lon="121.047732"><ele>519.6</ele></rtept><rtept lat="28.837723" lon="121.047753"><ele>520.6</ele></rtept><rtept lat="28.837737" lon="121.047772"><ele>520.8</ele></rtept><rtept lat="28.837757" lon="121.047797"><ele>521.0</ele></rtept><rtept lat="28.837772" lon="121.04782"><ele>521.6</ele></rtept><rtept lat="28.837787" lon="121.047852"><ele>522.0</ele></rtept><rtept lat="28.837792" lon="121.047882"><ele>522.6</ele></rtept><rtept lat="28.837802" lon="121.047912"><ele>523.0</ele></rtept><rtept lat="28.837807" lon="121.047935"><ele>523.8</ele></rtept><rtept lat="28.837817" lon="121.047952"><ele>524.2</ele></rtept><rtept lat="28.837827" lon="121.047972"><ele>525.4</ele></rtept><rtept lat="28.837842" lon="121.047992"><ele>525.6</ele></rtept><rtept lat="28.837842" lon="121.048015"><ele>526.2</ele></rtept><rtept lat="28.837847" lon="121.048035"><ele>527.0</ele></rtept><rtept lat="28.837867" lon="121.048052"><ele>527.6</ele></rtept><rtept lat="28.837877" lon="121.048077"><ele>528.0</ele></rtept><rtept lat="28.837878" lon="121.048105"><ele>528.4</ele></rtept><rtept lat="28.837875" lon="121.048137"><ele>529.6</ele></rtept><rtept lat="28.837882" lon="121.048167"><ele>530.0</ele></rtept><rtept lat="28.837895" lon="121.048187"><ele>530.4</ele></rtept><rtept lat="28.837905" lon="121.048203"><ele>530.8</ele></rtept><rtept lat="28.837905" lon="121.048232"><ele>531.6</ele></rtept><rtept lat="28.837897" lon="121.048252"><ele>532.8</ele></rtept><rtept lat="28.837887" lon="121.048275"><ele>533.0</ele></rtept><rtept lat="28.837885" lon="121.048295"><ele>534.4</ele></rtept><rtept lat="28.837885" lon="121.048317"><ele>535.0</ele></rtept><rtept lat="28.837895" lon="121.048352"><ele>535.6</ele></rtept><rtept lat="28.837905" lon="121.04837"><ele>536.2</ele></rtept><rtept lat="28.837913" lon="121.048395"><ele>537.2</ele></rtept><rtept lat="28.83793" lon="121.04841"><ele>538.0</ele></rtept><rtept lat="28.837947" lon="121.048425"><ele>538.8</ele></rtept><rtept lat="28.837962" lon="121.048437"><ele>539.8</ele></rtept><rtept lat="28.837982" lon="121.04846"><ele>540.0</ele></rtept><rtept lat="28.838002" lon="121.04848"><ele>541.0</ele></rtept><rtept lat="28.83802" lon="121.048507"><ele>541.6</ele></rtept><rtept lat="28.838037" lon="121.048527"><ele>542.2</ele></rtept><rtept lat="28.838055" lon="121.04855"><ele>543.2</ele></rtept><rtept lat="28.838072" lon="121.048572"><ele>544.0</ele></rtept><rtept lat="28.838095" lon="121.048592"><ele>544.6</ele></rtept><rtept lat="28.838112" lon="121.048607"><ele>545.6</ele></rtept><rtept lat="28.838145" lon="121.048617"><ele>545.8</ele></rtept><rtept lat="28.83817" lon="121.048625"><ele>546.0</ele></rtept><rtept lat="28.838192" lon="121.04864"><ele>547.0</ele></rtept><rtept lat="28.838217" lon="121.048662"><ele>547.4</ele></rtept><rtept lat="28.838235" lon="121.048677"><ele>547.4</ele></rtept><rtept lat="28.838255" lon="121.048692"><ele>547.6</ele></rtept><rtept lat="28.838275" lon="121.048705"><ele>547.6</ele></rtept><rtept lat="28.838292" lon="121.048712"><ele>548.4</ele></rtept><rtept lat="28.838307" lon="121.04873"><ele>548.4</ele></rtept><rtept lat="28.838325" lon="121.04875"><ele>548.4</ele></rtept><rtept lat="28.838342" lon="121.04877"><ele>548.8</ele></rtept><rtept lat="28.838357" lon="121.048785"><ele>548.8</ele></rtept><rtept lat="28.838372" lon="121.048802"><ele>548.8</ele></rtept><rtept lat="28.838382" lon="121.048827"><ele>548.4</ele></rtept><rtept lat="28.838392" lon="121.048852"><ele>548.4</ele></rtept><rtept lat="28.838405" lon="121.048872"><ele>548.2</ele></rtept><rtept lat="28.838422" lon="121.048895"><ele>547.4</ele></rtept><rtept lat="28.838447" lon="121.048917"><ele>547.0</ele></rtept><rtept lat="28.838475" lon="121.04894"><ele>546.8</ele></rtept><rtept lat="28.838502" lon="121.048962"><ele>546.8</ele></rtept><rtept lat="28.838537" lon="121.04899"><ele>546.6</ele></rtept><rtept lat="28.838562" lon="121.049012"><ele>546.4</ele></rtept><rtept lat="28.838587" lon="121.04903"><ele>546.4</ele></rtept><rtept lat="28.838612" lon="121.049045"><ele>546.4</ele></rtept><rtept lat="28.838635" lon="121.049062"><ele>546.4</ele></rtept><rtept lat="28.838657" lon="121.049075"><ele>546.4</ele></rtept><rtept lat="28.838685" lon="121.04909"><ele>546.8</ele></rtept><rtept lat="28.838712" lon="121.049105"><ele>546.8</ele></rtept><rtept lat="28.838742" lon="121.049125"><ele>546.6</ele></rtept><rtept lat="28.83876" lon="121.049137"><ele>546.6</ele></rtept><rtept lat="28.838777" lon="121.049147"><ele>546.6</ele></rtept><rtept lat="28.8388" lon="121.049152"><ele>546.4</ele></rtept><rtept lat="28.83883" lon="121.049167"><ele>546.4</ele></rtept><rtept lat="28.83885" lon="121.049177"><ele>546.6</ele></rtept><rtept lat="28.838877" lon="121.049182"><ele>547.0</ele></rtept><rtept lat="28.838897" lon="121.049192"><ele>547.0</ele></rtept><rtept lat="28.838925" lon="121.049197"><ele>546.8</ele></rtept><rtept lat="28.838952" lon="121.049207"><ele>546.8</ele></rtept><rtept lat="28.838977" lon="121.049212"><ele>546.8</ele></rtept><rtept lat="28.839002" lon="121.049222"><ele>546.8</ele></rtept><rtept lat="28.83903" lon="121.049222"><ele>546.4</ele></rtept><rtept lat="28.839057" lon="121.049225"><ele>546.4</ele></rtept><rtept lat="28.839082" lon="121.049227"><ele>546.6</ele></rtept><rtept lat="28.839102" lon="121.049232"><ele>546.8</ele></rtept><rtept lat="28.839122" lon="121.049237"><ele>546.8</ele></rtept><rtept lat="28.839145" lon="121.049245"><ele>547.4</ele></rtept><rtept lat="28.83917" lon="121.04925"><ele>547.8</ele></rtept><rtept lat="28.839192" lon="121.049257"><ele>548.2</ele></rtept><rtept lat="28.839217" lon="121.049272"><ele>548.8</ele></rtept><rtept lat="28.83924" lon="121.049292"><ele>548.8</ele></rtept><rtept lat="28.839257" lon="121.049312"><ele>549.0</ele></rtept><rtept lat="28.839275" lon="121.049327"><ele>549.2</ele></rtept><rtept lat="28.839292" lon="121.049347"><ele>549.2</ele></rtept><rtept lat="28.839307" lon="121.049365"><ele>549.4</ele></rtept><rtept lat="28.839317" lon="121.049385"><ele>549.4</ele></rtept><rtept lat="28.839332" lon="121.049402"><ele>549.6</ele></rtept><rtept lat="28.839345" lon="121.049427"><ele>550.2</ele></rtept><rtept lat="28.839357" lon="121.049447"><ele>550.2</ele></rtept><rtept lat="28.83937" lon="121.049467"><ele>550.4</ele></rtept><rtept lat="28.8394" lon="121.049497"><ele>550.6</ele></rtept><rtept lat="28.839417" lon="121.049507"><ele>550.6</ele></rtept><rtept lat="28.839437" lon="121.049517"><ele>550.6</ele></rtept><rtept lat="28.839462" lon="121.049527"><ele>550.6</ele></rtept><rtept lat="28.839487" lon="121.049532"><ele>550.6</ele></rtept><rtept lat="28.839507" lon="121.049537"><ele>550.6</ele></rtept><rtept lat="28.839527" lon="121.04954"><ele>550.4</ele></rtept><rtept lat="28.83955" lon="121.049542"><ele>550.0</ele></rtept><rtept lat="28.839577" lon="121.049547"><ele>550.0</ele></rtept><rtept lat="28.839602" lon="121.049552"><ele>550.2</ele></rtept><rtept lat="28.839625" lon="121.049562"><ele>550.4</ele></rtept><rtept lat="28.839647" lon="121.049572"><ele>550.4</ele></rtept><rtept lat="28.839672" lon="121.049587"><ele>550.4</ele></rtept><rtept lat="28.839697" lon="121.049607"><ele>550.4</ele></rtept><rtept lat="28.839722" lon="121.049622"><ele>551.0</ele></rtept><rtept lat="28.839742" lon="121.049632"><ele>551.2</ele></rtept><rtept lat="28.839765" lon="121.049652"><ele>551.4</ele></rtept><rtept lat="28.839787" lon="121.04968"><ele>551.6</ele></rtept><rtept lat="28.839807" lon="121.049697"><ele>552.0</ele></rtept><rtept lat="28.839827" lon="121.049712"><ele>552.0</ele></rtept><rtept lat="28.839847" lon="121.049722"><ele>552.0</ele></rtept><rtept lat="28.839875" lon="121.049735"><ele>552.0</ele></rtept><rtept lat="28.839897" lon="121.049745"><ele>552.0</ele></rtept><rtept lat="28.839917" lon="121.049757"><ele>551.8</ele></rtept><rtept lat="28.83994" lon="121.049772"><ele>551.8</ele></rtept><rtept lat="28.83996" lon="121.049785"><ele>552.0</ele></rtept><rtept lat="28.839977" lon="121.049792"><ele>552.2</ele></rtept><rtept lat="28.84" lon="121.049805"><ele>552.2</ele></rtept><rtept lat="28.840017" lon="121.049812"><ele>552.2</ele></rtept><rtept lat="28.840032" lon="121.049825"><ele>552.6</ele></rtept><rtept lat="28.840057" lon="121.049837"><ele>553.0</ele></rtept><rtept lat="28.840073" lon="121.049842"><ele>553.4</ele></rtept><rtept lat="28.840095" lon="121.04985"><ele>553.8</ele></rtept><rtept lat="28.840117" lon="121.049862"><ele>554.2</ele></rtept><rtept lat="28.840132" lon="121.049872"><ele>554.4</ele></rtept><rtept lat="28.84015" lon="121.049892"><ele>554.6</ele></rtept><rtept lat="28.840165" lon="121.04991"><ele>555.2</ele></rtept><rtept lat="28.84018" lon="121.049925"><ele>555.2</ele></rtept><rtept lat="28.84021" lon="121.049948"><ele>556.2</ele></rtept><rtept lat="28.840237" lon="121.049987"><ele>556.6</ele></rtept><rtept lat="28.840267" lon="121.050022"><ele>557.2</ele></rtept><rtept lat="28.84028" lon="121.050037"><ele>557.4</ele></rtept><rtept lat="28.840297" lon="121.050052"><ele>557.6</ele></rtept><rtept lat="28.840312" lon="121.05006"><ele>558.0</ele></rtept><rtept lat="28.840332" lon="121.050092"><ele>558.6</ele></rtept><rtept lat="28.84035" lon="121.050122"><ele>559.4</ele></rtept><rtept lat="28.84037" lon="121.05014"><ele>559.8</ele></rtept><rtept lat="28.84039" lon="121.050152"><ele>560.8</ele></rtept><rtept lat="28.840407" lon="121.050177"><ele>561.0</ele></rtept><rtept lat="28.840427" lon="121.050207"><ele>561.8</ele></rtept><rtept lat="28.840445" lon="121.050237"><ele>562.4</ele></rtept><rtept lat="28.840462" lon="121.050262"><ele>563.2</ele></rtept><rtept lat="28.840485" lon="121.050277"><ele>563.8</ele></rtept><rtept lat="28.8405" lon="121.0503"><ele>564.4</ele></rtept><rtept lat="28.840517" lon="121.050325"><ele>565.4</ele></rtept><rtept lat="28.840532" lon="121.050342"><ele>565.8</ele></rtept><rtept lat="28.840547" lon="121.050352"><ele>566.8</ele></rtept><rtept lat="28.840567" lon="121.05037"><ele>567.0</ele></rtept><rtept lat="28.840587" lon="121.050382"><ele>567.8</ele></rtept><rtept lat="28.840602" lon="121.050392"><ele>568.8</ele></rtept><rtept lat="28.840625" lon="121.05039"><ele>569.4</ele></rtept><rtept lat="28.840637" lon="121.05041"><ele>570.0</ele></rtept><rtept lat="28.840647" lon="121.050427"><ele>570.6</ele></rtept><rtept lat="28.840672" lon="121.050432"><ele>571.4</ele></rtept><rtept lat="28.840702" lon="121.050432"><ele>572.0</ele></rtept><rtept lat="28.84072" lon="121.050427"><ele>572.6</ele></rtept><rtept lat="28.840737" lon="121.050445"><ele>573.6</ele></rtept><rtept lat="28.840757" lon="121.050457"><ele>574.2</ele></rtept><rtept lat="28.840767" lon="121.050472"><ele>575.2</ele></rtept><rtept lat="28.840792" lon="121.050487"><ele>576.0</ele></rtept><rtept lat="28.84082" lon="121.050487"><ele>576.8</ele></rtept><rtept lat="28.840847" lon="121.050507"><ele>577.2</ele></rtept><rtept lat="28.840867" lon="121.050517"><ele>577.8</ele></rtept><rtept lat="28.840882" lon="121.050537"><ele>578.2</ele></rtept><rtept lat="28.8409" lon="121.050557"><ele>579.0</ele></rtept><rtept lat="28.840917" lon="121.050577"><ele>579.6</ele></rtept><rtept lat="28.840937" lon="121.050592"><ele>580.4</ele></rtept><rtept lat="28.840957" lon="121.0506"><ele>581.4</ele></rtept><rtept lat="28.840977" lon="121.050607"><ele>582.2</ele></rtept><rtept lat="28.841005" lon="121.050602"><ele>583.4</ele></rtept><rtept lat="28.841032" lon="121.05061"><ele>584.4</ele></rtept><rtept lat="28.841042" lon="121.050623"><ele>585.0</ele></rtept><rtept lat="28.841058" lon="121.050627"><ele>585.8</ele></rtept><rtept lat="28.841082" lon="121.050632"><ele>586.6</ele></rtept><rtept lat="28.8411" lon="121.05063"><ele>587.6</ele></rtept><rtept lat="28.841122" lon="121.05066"><ele>588.0</ele></rtept><rtept lat="28.841135" lon="121.050677"><ele>589.2</ele></rtept><rtept lat="28.84116" lon="121.05067"><ele>589.8</ele></rtept><rtept lat="28.841177" lon="121.050667"><ele>590.8</ele></rtept><rtept lat="28.841197" lon="121.050667"><ele>591.8</ele></rtept><rtept lat="28.841217" lon="121.050677"><ele>592.8</ele></rtept><rtept lat="28.841242" lon="121.050677"><ele>594.0</ele></rtept><rtept lat="28.84126" lon="121.050672"><ele>594.8</ele></rtept><rtept lat="28.841277" lon="121.050682"><ele>595.6</ele></rtept><rtept lat="28.841297" lon="121.050677"><ele>596.4</ele></rtept><rtept lat="28.841315" lon="121.050677"><ele>597.2</ele></rtept><rtept lat="28.841342" lon="121.05068"><ele>598.0</ele></rtept><rtept lat="28.841367" lon="121.050697"><ele>598.2</ele></rtept><rtept lat="28.841395" lon="121.050702"><ele>599.0</ele></rtept><rtept lat="28.841422" lon="121.050712"><ele>600.6</ele></rtept><rtept lat="28.841437" lon="121.050737"><ele>600.8</ele></rtept><rtept lat="28.841462" lon="121.050755"><ele>601.2</ele></rtept><rtept lat="28.841482" lon="121.05078"><ele>601.8</ele></rtept><rtept lat="28.841497" lon="121.050797"><ele>602.2</ele></rtept><rtept lat="28.841505" lon="121.050822"><ele>602.8</ele></rtept><rtept lat="28.841512" lon="121.050848"><ele>603.6</ele></rtept><rtept lat="28.841527" lon="121.050882"><ele>604.0</ele></rtept><rtept lat="28.841535" lon="121.050912"><ele>604.8</ele></rtept><rtept lat="28.84155" lon="121.050927"><ele>605.2</ele></rtept><rtept lat="28.84156" lon="121.05094"><ele>606.6</ele></rtept><rtept lat="28.841567" lon="121.050962"><ele>607.0</ele></rtept><rtept lat="28.841582" lon="121.050987"><ele>607.8</ele></rtept><rtept lat="28.841592" lon="121.051012"><ele>608.2</ele></rtept><rtept lat="28.841602" lon="121.05105"><ele>608.6</ele></rtept><rtept lat="28.8416" lon="121.051087"><ele>608.8</ele></rtept><rtept lat="28.8416" lon="121.051112"><ele>609.4</ele></rtept><rtept lat="28.841597" lon="121.051132"><ele>609.6</ele></rtept><rtept lat="28.84159" lon="121.051152"><ele>609.6</ele></rtept><rtept lat="28.841587" lon="121.051177"><ele>609.8</ele></rtept><rtept lat="28.841585" lon="121.051205"><ele>610.4</ele></rtept><rtept lat="28.841587" lon="121.051227"><ele>610.6</ele></rtept><rtept lat="28.841587" lon="121.051267"><ele>610.8</ele></rtept><rtept lat="28.84159" lon="121.051292"><ele>611.2</ele></rtept><rtept lat="28.84159" lon="121.05132"><ele>611.4</ele></rtept><rtept lat="28.841592" lon="121.051342"><ele>611.8</ele></rtept><rtept lat="28.841597" lon="121.05137"><ele>611.8</ele></rtept><rtept lat="28.841602" lon="121.0514"><ele>612.0</ele></rtept><rtept lat="28.841607" lon="121.051427"><ele>612.0</ele></rtept><rtept lat="28.84161" lon="121.051452"><ele>612.0</ele></rtept><rtept lat="28.841607" lon="121.051477"><ele>612.0</ele></rtept><rtept lat="28.841607" lon="121.051507"><ele>612.4</ele></rtept><rtept lat="28.841597" lon="121.051532"><ele>612.6</ele></rtept><rtept lat="28.841592" lon="121.051552"><ele>612.8</ele></rtept><rtept lat="28.841587" lon="121.051575"><ele>612.8</ele></rtept><rtept lat="28.84158" lon="121.051597"><ele>613.0</ele></rtept><rtept lat="28.841572" lon="121.051617"><ele>613.4</ele></rtept><rtept lat="28.84157" lon="121.051647"><ele>613.4</ele></rtept><rtept lat="28.84157" lon="121.051675"><ele>613.4</ele></rtept><rtept lat="28.84157" lon="121.0517"><ele>613.6</ele></rtept><rtept lat="28.841572" lon="121.051722"><ele>613.8</ele></rtept><rtept lat="28.841577" lon="121.051747"><ele>614.0</ele></rtept><rtept lat="28.841582" lon="121.051775"><ele>614.0</ele></rtept><rtept lat="28.841585" lon="121.0518"><ele>614.0</ele></rtept><rtept lat="28.841587" lon="121.051825"><ele>614.0</ele></rtept><rtept lat="28.841587" lon="121.051847"><ele>614.0</ele></rtept><rtept lat="28.841592" lon="121.051877"><ele>614.2</ele></rtept><rtept lat="28.841597" lon="121.0519"><ele>614.4</ele></rtept><rtept lat="28.841602" lon="121.051927"><ele>614.6</ele></rtept><rtept lat="28.841612" lon="121.051957"><ele>614.6</ele></rtept><rtept lat="28.841622" lon="121.051987"><ele>614.8</ele></rtept><rtept lat="28.841632" lon="121.052012"><ele>615.0</ele></rtept><rtept lat="28.841652" lon="121.052032"><ele>615.0</ele></rtept><rtept lat="28.841667" lon="121.05205"><ele>615.0</ele></rtept><rtept lat="28.841687" lon="121.052062"><ele>614.8</ele></rtept><rtept lat="28.841707" lon="121.052072"><ele>614.8</ele></rtept><rtept lat="28.841727" lon="121.052082"><ele>614.8</ele></rtept><rtept lat="28.841747" lon="121.052087"><ele>614.8</ele></rtept><rtept lat="28.841767" lon="121.052092"><ele>615.2</ele></rtept><rtept lat="28.841792" lon="121.052097"><ele>615.6</ele></rtept><rtept lat="28.841817" lon="121.052092"><ele>615.6</ele></rtept><rtept lat="28.841845" lon="121.052087"><ele>615.6</ele></rtept><rtept lat="28.841875" lon="121.052082"><ele>616.0</ele></rtept><rtept lat="28.841902" lon="121.052082"><ele>616.0</ele></rtept><rtept lat="28.841927" lon="121.052082"><ele>615.6</ele></rtept><rtept lat="28.84195" lon="121.052085"><ele>615.8</ele></rtept><rtept lat="28.84197" lon="121.052087"><ele>616.2</ele></rtept><rtept lat="28.841992" lon="121.052092"><ele>616.4</ele></rtept><rtept lat="28.842012" lon="121.052095"><ele>616.6</ele></rtept><rtept lat="28.84204" lon="121.052102"><ele>616.6</ele></rtept><rtept lat="28.842065" lon="121.05211"><ele>616.6</ele></rtept><rtept lat="28.84209" lon="121.052125"><ele>616.6</ele></rtept><rtept lat="28.842107" lon="121.052142"><ele>617.0</ele></rtept><rtept lat="28.842122" lon="121.052162"><ele>617.2</ele></rtept><rtept lat="28.84214" lon="121.052187"><ele>617.4</ele></rtept><rtept lat="28.84216" lon="121.052212"><ele>618.2</ele></rtept><rtept lat="28.842175" lon="121.052222"><ele>618.8</ele></rtept><rtept lat="28.842192" lon="121.052237"><ele>619.0</ele></rtept><rtept lat="28.84221" lon="121.052257"><ele>619.0</ele></rtept><rtept lat="28.842225" lon="121.052275"><ele>619.2</ele></rtept><rtept lat="28.842237" lon="121.05229"><ele>619.2</ele></rtept><rtept lat="28.842252" lon="121.052307"><ele>619.4</ele></rtept><rtept lat="28.842267" lon="121.052332"><ele>619.6</ele></rtept><rtept lat="28.842287" lon="121.052355"><ele>619.8</ele></rtept><rtept lat="28.842305" lon="121.052377"><ele>619.8</ele></rtept><rtept lat="28.84232" lon="121.052395"><ele>620.0</ele></rtept><rtept lat="28.842337" lon="121.052412"><ele>620.2</ele></rtept><rtept lat="28.842352" lon="121.052427"><ele>620.2</ele></rtept><rtept lat="28.84237" lon="121.052447"><ele>620.6</ele></rtept><rtept lat="28.842385" lon="121.052462"><ele>620.6</ele></rtept><rtept lat="28.8424" lon="121.052477"><ele>620.6</ele></rtept><rtept lat="28.842417" lon="121.052495"><ele>620.8</ele></rtept><rtept lat="28.842432" lon="121.052517"><ele>621.0</ele></rtept><rtept lat="28.842447" lon="121.052537"><ele>621.2</ele></rtept><rtept lat="28.84247" lon="121.05256"><ele>621.6</ele></rtept><rtept lat="28.84249" lon="121.052575"><ele>621.6</ele></rtept><rtept lat="28.842512" lon="121.052587"><ele>621.0</ele></rtept><rtept lat="28.84254" lon="121.0526"><ele>620.4</ele></rtept><rtept lat="28.84256" lon="121.052617"><ele>619.8</ele></rtept><rtept lat="28.842577" lon="121.052642"><ele>619.8</ele></rtept><rtept lat="28.8426" lon="121.052665"><ele>619.0</ele></rtept><rtept lat="28.842617" lon="121.052687"><ele>619.0</ele></rtept><rtept lat="28.842635" lon="121.052712"><ele>617.6</ele></rtept><rtept lat="28.842648" lon="121.052737"><ele>616.2</ele></rtept><rtept lat="28.842657" lon="121.05276"><ele>615.0</ele></rtept><rtept lat="28.842662" lon="121.052777"><ele>614.2</ele></rtept><rtept lat="28.842667" lon="121.0528"><ele>613.4</ele></rtept><rtept lat="28.842672" lon="121.052818"><ele>612.8</ele></rtept><rtept lat="28.84268" lon="121.052842"><ele>611.6</ele></rtept><rtept lat="28.842685" lon="121.052867"><ele>610.4</ele></rtept><rtept lat="28.842687" lon="121.05289"><ele>609.4</ele></rtept><rtept lat="28.842692" lon="121.05291"><ele>608.4</ele></rtept><rtept lat="28.8427" lon="121.052945"><ele>606.8</ele></rtept><rtept lat="28.842705" lon="121.052967"><ele>605.6</ele></rtept><rtept lat="28.842712" lon="121.05301"><ele>604.0</ele></rtept><rtept lat="28.842717" lon="121.05304"><ele>603.0</ele></rtept><rtept lat="28.842727" lon="121.053072"><ele>601.0</ele></rtept><rtept lat="28.842735" lon="121.053102"><ele>601.0</ele></rtept><rtept lat="28.842745" lon="121.053128"><ele>600.2</ele></rtept><rtept lat="28.84275" lon="121.05316"><ele>599.2</ele></rtept><rtept lat="28.842752" lon="121.053195"><ele>597.6</ele></rtept><rtept lat="28.842767" lon="121.053237"><ele>596.2</ele></rtept><rtept lat="28.842782" lon="121.053277"><ele>595.0</ele></rtept><rtept lat="28.842797" lon="121.053317"><ele>593.6</ele></rtept><rtept lat="28.84282" lon="121.053352"><ele>592.8</ele></rtept><rtept lat="28.842847" lon="121.053387"><ele>592.2</ele></rtept><rtept lat="28.842867" lon="121.053417"><ele>592.0</ele></rtept><rtept lat="28.842882" lon="121.05345"><ele>591.6</ele></rtept><rtept lat="28.842897" lon="121.05348"><ele>591.0</ele></rtept><rtept lat="28.842907" lon="121.05351"><ele>590.6</ele></rtept><rtept lat="28.842927" lon="121.053542"><ele>590.4</ele></rtept><rtept lat="28.842945" lon="121.053567"><ele>589.8</ele></rtept><rtept lat="28.84297" lon="121.05359"><ele>589.4</ele></rtept><rtept lat="28.842997" lon="121.053602"><ele>589.4</ele></rtept><rtept lat="28.843025" lon="121.053622"><ele>589.2</ele></rtept><rtept lat="28.84305" lon="121.053637"><ele>589.2</ele></rtept><rtept lat="28.843077" lon="121.053652"><ele>588.6</ele></rtept><rtept lat="28.843107" lon="121.053682"><ele>588.2</ele></rtept><rtept lat="28.843135" lon="121.053702"><ele>587.2</ele></rtept><rtept lat="28.843162" lon="121.05371"><ele>586.4</ele></rtept><rtept lat="28.843182" lon="121.053705"><ele>586.4</ele></rtept><rtept lat="28.843205" lon="121.05372"><ele>586.2</ele></rtept><rtept lat="28.843227" lon="121.053747"><ele>586.0</ele></rtept><rtept lat="28.843245" lon="121.053772"><ele>587.0</ele></rtept><rtept lat="28.843262" lon="121.053792"><ele>588.4</ele></rtept><rtept lat="28.843282" lon="121.05383"><ele>588.4</ele></rtept><rtept lat="28.843297" lon="121.053855"><ele>588.8</ele></rtept><rtept lat="28.84332" lon="121.053867"><ele>589.0</ele></rtept><rtept lat="28.843335" lon="121.053887"><ele>589.4</ele></rtept><rtept lat="28.843355" lon="121.053927"><ele>589.8</ele></rtept><rtept lat="28.843362" lon="121.053957"><ele>589.8</ele></rtept><rtept lat="28.843372" lon="121.054007"><ele>590.2</ele></rtept><rtept lat="28.843367" lon="121.054042"><ele>590.4</ele></rtept><rtept lat="28.843382" lon="121.05408"><ele>590.6</ele></rtept><rtept lat="28.843395" lon="121.054097"><ele>590.8</ele></rtept><rtept lat="28.843412" lon="121.054105"><ele>590.8</ele></rtept><rtept lat="28.843437" lon="121.054112"><ele>591.2</ele></rtept><rtept lat="28.843472" lon="121.054135"><ele>591.4</ele></rtept><rtept lat="28.843492" lon="121.05415"><ele>591.0</ele></rtept><rtept lat="28.843512" lon="121.054167"><ele>590.0</ele></rtept><rtept lat="28.843527" lon="121.054187"><ele>589.2</ele></rtept><rtept lat="28.84355" lon="121.054207"><ele>588.4</ele></rtept><rtept lat="28.843575" lon="121.054222"><ele>588.0</ele></rtept><rtept lat="28.843597" lon="121.054237"><ele>587.6</ele></rtept><rtept lat="28.843622" lon="121.054252"><ele>587.4</ele></rtept><rtept lat="28.843647" lon="121.054272"><ele>587.0</ele></rtept><rtept lat="28.84367" lon="121.054302"><ele>587.0</ele></rtept><rtept lat="28.843692" lon="121.054322"><ele>585.8</ele></rtept><rtept lat="28.843712" lon="121.05436"><ele>585.8</ele></rtept><rtept lat="28.843727" lon="121.054392"><ele>585.8</ele></rtept><rtept lat="28.843742" lon="121.054427"><ele>585.8</ele></rtept><rtept lat="28.843747" lon="121.05445"><ele>585.4</ele></rtept><rtept lat="28.843762" lon="121.05447"><ele>585.4</ele></rtept><rtept lat="28.843767" lon="121.054487"><ele>586.4</ele></rtept><rtept lat="28.843785" lon="121.054515"><ele>586.4</ele></rtept><rtept lat="28.843797" lon="121.054532"><ele>586.6</ele></rtept><rtept lat="28.843817" lon="121.05455"><ele>586.8</ele></rtept><rtept lat="28.843837" lon="121.054567"><ele>586.8</ele></rtept><rtept lat="28.843857" lon="121.054577"><ele>586.8</ele></rtept><rtept lat="28.84388" lon="121.054592"><ele>587.0</ele></rtept><rtept lat="28.843902" lon="121.054607"><ele>587.0</ele></rtept><rtept lat="28.843922" lon="121.05463"><ele>587.2</ele></rtept><rtept lat="28.84394" lon="121.054647"><ele>587.8</ele></rtept><rtept lat="28.843957" lon="121.054667"><ele>588.0</ele></rtept><rtept lat="28.843977" lon="121.054687"><ele>588.0</ele></rtept><rtept lat="28.843997" lon="121.054707"><ele>588.0</ele></rtept><rtept lat="28.844013" lon="121.054732"><ele>588.0</ele></rtept><rtept lat="28.844037" lon="121.054757"><ele>588.0</ele></rtept><rtept lat="28.844062" lon="121.054785"><ele>587.6</ele></rtept><rtept lat="28.844087" lon="121.054817"><ele>587.0</ele></rtept><rtept lat="28.844105" lon="121.05485"><ele>586.2</ele></rtept><rtept lat="28.844122" lon="121.054887"><ele>585.6</ele></rtept><rtept lat="28.844137" lon="121.054927"><ele>585.2</ele></rtept><rtept lat="28.844162" lon="121.054967"><ele>583.8</ele></rtept><rtept lat="28.844187" lon="121.055015"><ele>582.6</ele></rtept><rtept lat="28.844215" lon="121.055055"><ele>581.8</ele></rtept><rtept lat="28.844237" lon="121.05509"><ele>580.4</ele></rtept><rtept lat="28.844252" lon="121.055125"><ele>580.4</ele></rtept><rtept lat="28.844267" lon="121.055165"><ele>579.4</ele></rtept><rtept lat="28.844282" lon="121.055197"><ele>579.4</ele></rtept><rtept lat="28.84429" lon="121.055232"><ele>579.2</ele></rtept><rtept lat="28.844297" lon="121.055262"><ele>579.2</ele></rtept><rtept lat="28.844305" lon="121.055287"><ele>579.2</ele></rtept><rtept lat="28.844312" lon="121.055307"><ele>577.6</ele></rtept><rtept lat="28.844312" lon="121.055332"><ele>576.6</ele></rtept><rtept lat="28.844297" lon="121.055357"><ele>575.8</ele></rtept><rtept lat="28.844282" lon="121.055387"><ele>574.8</ele></rtept><rtept lat="28.844267" lon="121.055415"><ele>573.0</ele></rtept><rtept lat="28.844252" lon="121.055432"><ele>572.0</ele></rtept><rtept lat="28.844237" lon="121.055455"><ele>571.0</ele></rtept><rtept lat="28.84423" lon="121.055482"><ele>570.0</ele></rtept><rtept lat="28.844227" lon="121.055512"><ele>569.0</ele></rtept><rtept lat="28.844235" lon="121.055545"><ele>568.0</ele></rtept><rtept lat="28.844232" lon="121.055575"><ele>567.0</ele></rtept><rtept lat="28.844227" lon="121.055607"><ele>565.6</ele></rtept><rtept lat="28.844227" lon="121.055637"><ele>564.6</ele></rtept><rtept lat="28.84423" lon="121.05567"><ele>563.6</ele></rtept><rtept lat="28.844232" lon="121.055705"><ele>562.6</ele></rtept><rtept lat="28.844245" lon="121.055737"><ele>561.2</ele></rtept><rtept lat="28.844262" lon="121.055762"><ele>560.4</ele></rtept><rtept lat="28.844282" lon="121.055782"><ele>559.8</ele></rtept><rtept lat="28.844307" lon="121.055807"><ele>558.4</ele></rtept><rtept lat="28.844327" lon="121.055837"><ele>557.4</ele></rtept><rtept lat="28.84434" lon="121.055875"><ele>557.0</ele></rtept><rtept lat="28.844347" lon="121.055915"><ele>556.2</ele></rtept><rtept lat="28.844347" lon="121.055955"><ele>555.2</ele></rtept><rtept lat="28.844347" lon="121.05599"><ele>552.6</ele></rtept><rtept lat="28.844347" lon="121.05602"><ele>552.6</ele></rtept><rtept lat="28.844342" lon="121.056042"><ele>551.8</ele></rtept><rtept lat="28.844332" lon="121.056067"><ele>550.8</ele></rtept><rtept lat="28.844327" lon="121.05609"><ele>549.6</ele></rtept><rtept lat="28.844312" lon="121.056117"><ele>548.4</ele></rtept><rtept lat="28.8443" lon="121.056135"><ele>547.2</ele></rtept><rtept lat="28.844292" lon="121.056157"><ele>546.4</ele></rtept><rtept lat="28.844287" lon="121.056182"><ele>545.0</ele></rtept><rtept lat="28.844277" lon="121.056212"><ele>544.0</ele></rtept><rtept lat="28.844267" lon="121.056247"><ele>543.0</ele></rtept><rtept lat="28.844247" lon="121.05628"><ele>541.6</ele></rtept><rtept lat="28.84423" lon="121.056317"><ele>540.4</ele></rtept><rtept lat="28.84422" lon="121.056352"><ele>539.2</ele></rtept><rtept lat="28.844215" lon="121.056392"><ele>538.6</ele></rtept><rtept lat="28.844217" lon="121.056432"><ele>537.2</ele></rtept><rtept lat="28.844227" lon="121.05646"><ele>535.8</ele></rtept><rtept lat="28.844247" lon="121.056472"><ele>534.8</ele></rtept><rtept lat="28.844272" lon="121.056487"><ele>534.0</ele></rtept><rtept lat="28.844297" lon="121.056512"><ele>533.0</ele></rtept><rtept lat="28.84432" lon="121.05654"><ele>532.0</ele></rtept><rtept lat="28.844347" lon="121.056565"><ele>531.4</ele></rtept><rtept lat="28.844367" lon="121.056592"><ele>530.4</ele></rtept><rtept lat="28.844387" lon="121.056625"><ele>529.8</ele></rtept><rtept lat="28.844412" lon="121.056652"><ele>529.8</ele></rtept><rtept lat="28.844445" lon="121.056675"><ele>528.8</ele></rtept><rtept lat="28.84448" lon="121.056697"><ele>527.4</ele></rtept><rtept lat="28.844507" lon="121.056722"><ele>526.4</ele></rtept><rtept lat="28.84454" lon="121.056747"><ele>526.0</ele></rtept><rtept lat="28.844572" lon="121.05677"><ele>525.8</ele></rtept><rtept lat="28.844602" lon="121.056787"><ele>525.2</ele></rtept><rtept lat="28.844635" lon="121.0568"><ele>525.2</ele></rtept><rtept lat="28.844665" lon="121.056817"><ele>525.2</ele></rtept><rtept lat="28.844692" lon="121.05684"><ele>524.8</ele></rtept><rtept lat="28.84472" lon="121.056862"><ele>525.0</ele></rtept><rtept lat="28.844747" lon="121.056877"><ele>524.8</ele></rtept><rtept lat="28.844772" lon="121.056892"><ele>524.4</ele></rtept><rtept lat="28.844797" lon="121.0569"><ele>524.4</ele></rtept><rtept lat="28.84482" lon="121.056912"><ele>524.6</ele></rtept><rtept lat="28.844845" lon="121.056927"><ele>525.0</ele></rtept><rtept lat="28.844872" lon="121.05694"><ele>525.2</ele></rtept><rtept lat="28.844902" lon="121.056955"><ele>525.4</ele></rtept><rtept lat="28.844932" lon="121.056972"><ele>525.2</ele></rtept><rtept lat="28.844967" lon="121.056982"><ele>525.2</ele></rtept><rtept lat="28.845005" lon="121.056992"><ele>525.0</ele></rtept><rtept lat="28.845042" lon="121.057007"><ele>524.6</ele></rtept><rtept lat="28.845077" lon="121.057017"><ele>524.6</ele></rtept><rtept lat="28.845112" lon="121.057022"><ele>524.4</ele></rtept><rtept lat="28.845142" lon="121.05702"><ele>523.8</ele></rtept><rtept lat="28.845175" lon="121.057012"><ele>523.6</ele></rtept><rtept lat="28.845207" lon="121.057007"><ele>523.2</ele></rtept><rtept lat="28.84524" lon="121.057015"><ele>523.2</ele></rtept><rtept lat="28.845267" lon="121.057037"><ele>523.2</ele></rtept><rtept lat="28.845285" lon="121.05706"><ele>523.2</ele></rtept><rtept lat="28.845302" lon="121.057082"><ele>523.8</ele></rtept><rtept lat="28.84532" lon="121.057105"><ele>523.8</ele></rtept><rtept lat="28.845332" lon="121.05713"><ele>523.4</ele></rtept><rtept lat="28.845347" lon="121.057152"><ele>522.4</ele></rtept><rtept lat="28.845367" lon="121.057172"><ele>521.6</ele></rtept><rtept lat="28.845387" lon="121.057202"><ele>520.6</ele></rtept><rtept lat="28.845407" lon="121.057232"><ele>518.2</ele></rtept><rtept lat="28.845432" lon="121.057257"><ele>518.2</ele></rtept><rtept lat="28.84546" lon="121.057282"><ele>516.8</ele></rtept><rtept lat="28.845477" lon="121.057307"><ele>516.0</ele></rtept><rtept lat="28.845487" lon="121.057337"><ele>514.8</ele></rtept><rtept lat="28.845497" lon="121.057367"><ele>513.6</ele></rtept><rtept lat="28.84551" lon="121.057397"><ele>512.8</ele></rtept><rtept lat="28.845525" lon="121.057432"><ele>512.0</ele></rtept><rtept lat="28.845532" lon="121.057462"><ele>510.8</ele></rtept><rtept lat="28.84554" lon="121.057497"><ele>510.0</ele></rtept><rtept lat="28.845552" lon="121.05753"><ele>509.0</ele></rtept><rtept lat="28.845567" lon="121.05756"><ele>507.8</ele></rtept><rtept lat="28.845585" lon="121.057587"><ele>507.2</ele></rtept><rtept lat="28.8456" lon="121.05761"><ele>506.0</ele></rtept><rtept lat="28.845617" lon="121.057632"><ele>504.6</ele></rtept><rtept lat="28.84564" lon="121.057657"><ele>504.2</ele></rtept><rtept lat="28.845657" lon="121.057685"><ele>503.4</ele></rtept><rtept lat="28.845675" lon="121.05771"><ele>502.6</ele></rtept><rtept lat="28.845697" lon="121.057737"><ele>501.6</ele></rtept><rtept lat="28.84572" lon="121.057767"><ele>501.0</ele></rtept><rtept lat="28.845732" lon="121.057797"><ele>499.8</ele></rtept><rtept lat="28.845737" lon="121.057827"><ele>498.4</ele></rtept><rtept lat="28.84574" lon="121.05786"><ele>498.2</ele></rtept><rtept lat="28.845742" lon="121.057887"><ele>497.8</ele></rtept><rtept lat="28.845742" lon="121.057922"><ele>496.6</ele></rtept><rtept lat="28.845747" lon="121.057957"><ele>495.4</ele></rtept><rtept lat="28.845752" lon="121.057992"><ele>494.6</ele></rtept><rtept lat="28.845758" lon="121.05803"><ele>494.0</ele></rtept><rtept lat="28.845767" lon="121.058077"><ele>493.2</ele></rtept><rtept lat="28.845765" lon="121.058125"><ele>492.6</ele></rtept><rtept lat="28.845765" lon="121.058167"><ele>491.6</ele></rtept><rtept lat="28.845772" lon="121.058205"><ele>491.6</ele></rtept><rtept lat="28.845782" lon="121.058242"><ele>491.0</ele></rtept><rtept lat="28.845785" lon="121.058272"><ele>490.2</ele></rtept><rtept lat="28.845785" lon="121.058302"><ele>490.4</ele></rtept><rtept lat="28.845787" lon="121.058322"><ele>490.4</ele></rtept><rtept lat="28.84579" lon="121.058347"><ele>490.8</ele></rtept><rtept lat="28.84579" lon="121.058367"><ele>491.8</ele></rtept><rtept lat="28.845787" lon="121.058385"><ele>492.6</ele></rtept><rtept lat="28.845797" lon="121.058405"><ele>493.6</ele></rtept><rtept lat="28.845812" lon="121.058427"><ele>494.0</ele></rtept><rtept lat="28.845807" lon="121.058448"><ele>495.2</ele></rtept><rtept lat="28.845802" lon="121.058472"><ele>496.2</ele></rtept><rtept lat="28.845805" lon="121.058492"><ele>497.6</ele></rtept><rtept lat="28.845797" lon="121.058517"><ele>499.4</ele></rtept><rtept lat="28.845792" lon="121.058542"><ele>499.4</ele></rtept><rtept lat="28.845797" lon="121.058567"><ele>500.0</ele></rtept><rtept lat="28.8458" lon="121.058588"><ele>501.0</ele></rtept><rtept lat="28.845802" lon="121.058612"><ele>502.0</ele></rtept><rtept lat="28.845807" lon="121.058632"><ele>502.0</ele></rtept><rtept lat="28.845822" lon="121.058667"><ele>501.8</ele></rtept><rtept lat="28.845827" lon="121.058687"><ele>501.8</ele></rtept><rtept lat="28.845835" lon="121.058712"><ele>501.6</ele></rtept><rtept lat="28.84584" lon="121.058737"><ele>501.2</ele></rtept><rtept lat="28.845842" lon="121.058762"><ele>500.0</ele></rtept><rtept lat="28.84585" lon="121.058787"><ele>499.2</ele></rtept><rtept lat="28.845852" lon="121.05881"><ele>498.0</ele></rtept><rtept lat="28.84586" lon="121.058827"><ele>497.4</ele></rtept><rtept lat="28.845875" lon="121.058847"><ele>496.2</ele></rtept><rtept lat="28.84589" lon="121.058865"><ele>495.2</ele></rtept><rtept lat="28.845897" lon="121.058892"><ele>494.4</ele></rtept><rtept lat="28.845907" lon="121.05892"><ele>494.0</ele></rtept><rtept lat="28.845917" lon="121.058957"><ele>493.4</ele></rtept><rtept lat="28.84593" lon="121.058992"><ele>492.0</ele></rtept><rtept lat="28.845945" lon="121.059032"><ele>491.4</ele></rtept><rtept lat="28.84596" lon="121.059065"><ele>490.4</ele></rtept><rtept lat="28.845975" lon="121.059097"><ele>490.0</ele></rtept><rtept lat="28.845997" lon="121.059122"><ele>489.0</ele></rtept><rtept lat="28.846012" lon="121.059155"><ele>488.8</ele></rtept><rtept lat="28.84602" lon="121.059192"><ele>488.8</ele></rtept><rtept lat="28.846032" lon="121.059225"><ele>488.6</ele></rtept><rtept lat="28.84605" lon="121.059252"><ele>488.6</ele></rtept><rtept lat="28.84606" lon="121.059277"><ele>488.0</ele></rtept><rtept lat="28.84607" lon="121.059297"><ele>488.0</ele></rtept><rtept lat="28.846087" lon="121.059325"><ele>489.2</ele></rtept><rtept lat="28.846107" lon="121.059345"><ele>490.4</ele></rtept><rtept lat="28.846122" lon="121.05937"><ele>490.8</ele></rtept><rtept lat="28.846142" lon="121.059392"><ele>492.2</ele></rtept><rtept lat="28.846167" lon="121.059407"><ele>493.0</ele></rtept><rtept lat="28.846185" lon="121.059417"><ele>493.4</ele></rtept><rtept lat="28.846205" lon="121.059442"><ele>494.2</ele></rtept><rtept lat="28.846222" lon="121.059477"><ele>495.0</ele></rtept><rtept lat="28.846225" lon="121.059497"><ele>495.0</ele></rtept><rtept lat="28.846227" lon="121.059525"><ele>495.6</ele></rtept><rtept lat="28.846232" lon="121.059557"><ele>495.6</ele></rtept><rtept lat="28.846232" lon="121.059587"><ele>495.6</ele></rtept><rtept lat="28.846232" lon="121.059622"><ele>495.0</ele></rtept><rtept lat="28.846232" lon="121.059652"><ele>494.8</ele></rtept><rtept lat="28.846232" lon="121.059682"><ele>494.8</ele></rtept><rtept lat="28.846227" lon="121.059712"><ele>494.4</ele></rtept><rtept lat="28.84622" lon="121.05974"><ele>494.4</ele></rtept><rtept lat="28.846207" lon="121.059762"><ele>494.4</ele></rtept><rtept lat="28.846187" lon="121.059782"><ele>494.2</ele></rtept><rtept lat="28.846177" lon="121.059807"><ele>494.0</ele></rtept><rtept lat="28.84616" lon="121.05983"><ele>493.0</ele></rtept><rtept lat="28.846142" lon="121.059847"><ele>492.2</ele></rtept><rtept lat="28.846127" lon="121.059867"><ele>491.8</ele></rtept><rtept lat="28.84611" lon="121.05989"><ele>490.4</ele></rtept><rtept lat="28.846095" lon="121.05991"><ele>489.2</ele></rtept><rtept lat="28.846087" lon="121.059932"><ele>488.4</ele></rtept><rtept lat="28.846077" lon="121.059957"><ele>486.6</ele></rtept><rtept lat="28.84606" lon="121.059982"><ele>486.6</ele></rtept><rtept lat="28.846042" lon="121.060007"><ele>485.6</ele></rtept><rtept lat="28.846027" lon="121.060032"><ele>484.4</ele></rtept><rtept lat="28.846012" lon="121.060057"><ele>483.4</ele></rtept><rtept lat="28.846002" lon="121.060085"><ele>482.4</ele></rtept><rtept lat="28.845987" lon="121.060108"><ele>481.6</ele></rtept><rtept lat="28.845977" lon="121.060137"><ele>480.2</ele></rtept><rtept lat="28.845967" lon="121.06016"><ele>479.4</ele></rtept><rtept lat="28.845955" lon="121.060187"><ele>478.4</ele></rtept><rtept lat="28.845937" lon="121.060212"><ele>477.2</ele></rtept><rtept lat="28.845907" lon="121.060237"><ele>476.2</ele></rtept><rtept lat="28.84588" lon="121.060272"><ele>475.2</ele></rtept><rtept lat="28.845847" lon="121.060302"><ele>474.0</ele></rtept><rtept lat="28.84582" lon="121.060332"><ele>472.6</ele></rtept><rtept lat="28.845792" lon="121.06036"><ele>472.0</ele></rtept><rtept lat="28.845762" lon="121.06039"><ele>471.6</ele></rtept><rtept lat="28.845737" lon="121.060418"><ele>470.6</ele></rtept><rtept lat="28.845715" lon="121.060447"><ele>470.6</ele></rtept><rtept lat="28.8457" lon="121.06047"><ele>470.8</ele></rtept><rtept lat="28.845692" lon="121.060492"><ele>470.8</ele></rtept><rtept lat="28.845687" lon="121.060517"><ele>470.8</ele></rtept><rtept lat="28.845687" lon="121.060552"><ele>471.4</ele></rtept><rtept lat="28.845685" lon="121.060582"><ele>471.4</ele></rtept><rtept lat="28.84568" lon="121.06062"><ele>471.0</ele></rtept><rtept lat="28.845677" lon="121.060657"><ele>471.0</ele></rtept><rtept lat="28.845672" lon="121.060697"><ele>469.6</ele></rtept><rtept lat="28.845675" lon="121.060735"><ele>468.4</ele></rtept><rtept lat="28.845672" lon="121.060772"><ele>467.6</ele></rtept><rtept lat="28.845672" lon="121.060812"><ele>467.0</ele></rtept><rtept lat="28.84566" lon="121.06085"><ele>465.2</ele></rtept><rtept lat="28.84565" lon="121.060892"><ele>465.2</ele></rtept><rtept lat="28.84564" lon="121.060935"><ele>464.4</ele></rtept><rtept lat="28.84563" lon="121.060975"><ele>463.4</ele></rtept><rtept lat="28.84562" lon="121.061012"><ele>463.0</ele></rtept><rtept lat="28.845612" lon="121.061042"><ele>462.0</ele></rtept><rtept lat="28.845612" lon="121.061072"><ele>461.6</ele></rtept><rtept lat="28.84561" lon="121.061102"><ele>461.4</ele></rtept><rtept lat="28.845602" lon="121.06113"><ele>461.0</ele></rtept><rtept lat="28.845602" lon="121.061162"><ele>460.4</ele></rtept><rtept lat="28.845603" lon="121.061187"><ele>459.2</ele></rtept><rtept lat="28.845602" lon="121.061212"><ele>458.4</ele></rtept><rtept lat="28.845603" lon="121.061242"><ele>457.2</ele></rtept><rtept lat="28.845607" lon="121.061275"><ele>456.4</ele></rtept><rtept lat="28.8456" lon="121.061297"><ele>455.4</ele></rtept><rtept lat="28.845585" lon="121.061322"><ele>454.2</ele></rtept><rtept lat="28.845572" lon="121.061337"><ele>453.2</ele></rtept><rtept lat="28.845557" lon="121.061347"><ele>451.8</ele></rtept><rtept lat="28.845537" lon="121.06136"><ele>450.8</ele></rtept><rtept lat="28.845517" lon="121.061365"><ele>450.0</ele></rtept><rtept lat="28.845502" lon="121.061367"><ele>448.8</ele></rtept><rtept lat="28.845485" lon="121.06138"><ele>447.8</ele></rtept><rtept lat="28.84547" lon="121.0614"><ele>447.0</ele></rtept><rtept lat="28.845457" lon="121.061415"><ele>446.0</ele></rtept><rtept lat="28.84543" lon="121.061432"><ele>443.2</ele></rtept><rtept lat="28.84542" lon="121.061442"><ele>441.6</ele></rtept><rtept lat="28.845397" lon="121.06147"><ele>439.8</ele></rtept><rtept lat="28.845382" lon="121.061492"><ele>438.8</ele></rtept><rtept lat="28.845357" lon="121.061515"><ele>436.6</ele></rtept><rtept lat="28.845332" lon="121.061532"><ele>436.6</ele></rtept><rtept lat="28.845312" lon="121.061557"><ele>435.4</ele></rtept><rtept lat="28.845297" lon="121.06158"><ele>434.2</ele></rtept><rtept lat="28.845282" lon="121.061605"><ele>433.2</ele></rtept><rtept lat="28.845257" lon="121.061627"><ele>432.4</ele></rtept><rtept lat="28.845232" lon="121.061645"><ele>431.4</ele></rtept><rtept lat="28.845207" lon="121.06166"><ele>430.6</ele></rtept><rtept lat="28.845182" lon="121.061672"><ele>429.2</ele></rtept><rtept lat="28.845153" lon="121.06169"><ele>428.2</ele></rtept><rtept lat="28.84513" lon="121.061702"><ele>427.2</ele></rtept><rtept lat="28.845112" lon="121.061707"><ele>426.2</ele></rtept><rtept lat="28.84509" lon="121.061732"><ele>425.2</ele></rtept><rtept lat="28.845062" lon="121.06175"><ele>424.6</ele></rtept><rtept lat="28.845035" lon="121.061757"><ele>423.6</ele></rtept><rtept lat="28.845005" lon="121.061757"><ele>422.4</ele></rtept><rtept lat="28.84498" lon="121.061767"><ele>421.4</ele></rtept><rtept lat="28.844952" lon="121.061777"><ele>421.0</ele></rtept><rtept lat="28.844927" lon="121.061785"><ele>420.4</ele></rtept><rtept lat="28.844905" lon="121.061795"><ele>419.2</ele></rtept><rtept lat="28.844882" lon="121.061815"><ele>418.4</ele></rtept><rtept lat="28.844857" lon="121.061832"><ele>417.8</ele></rtept><rtept lat="28.844827" lon="121.061852"><ele>416.8</ele></rtept><rtept lat="28.8448" lon="121.061857"><ele>415.8</ele></rtept><rtept lat="28.844777" lon="121.061862"><ele>414.8</ele></rtept><rtept lat="28.844757" lon="121.061857"><ele>413.4</ele></rtept><rtept lat="28.844737" lon="121.061862"><ele>412.8</ele></rtept><rtept lat="28.844717" lon="121.061862"><ele>412.0</ele></rtept><rtept lat="28.844695" lon="121.061862"><ele>410.8</ele></rtept><rtept lat="28.844677" lon="121.061862"><ele>409.8</ele></rtept><rtept lat="28.844665" lon="121.061872"><ele>407.6</ele></rtept><rtept lat="28.84466" lon="121.061907"><ele>406.6</ele></rtept><rtept lat="28.844665" lon="121.061932"><ele>405.2</ele></rtept><rtept lat="28.84464" lon="121.061947"><ele>403.2</ele></rtept><rtept lat="28.844618" lon="121.061952"><ele>402.2</ele></rtept><rtept lat="28.844597" lon="121.061957"><ele>401.4</ele></rtept><rtept lat="28.844567" lon="121.06195"><ele>400.6</ele></rtept><rtept lat="28.844545" lon="121.06194"><ele>400.2</ele></rtept><rtept lat="28.844527" lon="121.061927"><ele>398.8</ele></rtept><rtept lat="28.844517" lon="121.061917"><ele>397.4</ele></rtept><rtept lat="28.844502" lon="121.06194"><ele>396.8</ele></rtept><rtept lat="28.8445" lon="121.061962"><ele>395.8</ele></rtept><rtept lat="28.844482" lon="121.061972"><ele>395.0</ele></rtept><rtept lat="28.844462" lon="121.06197"><ele>394.0</ele></rtept><rtept lat="28.844437" lon="121.061982"><ele>392.4</ele></rtept><rtept lat="28.844425" lon="121.061992"><ele>391.4</ele></rtept><rtept lat="28.844405" lon="121.062007"><ele>390.8</ele></rtept><rtept lat="28.844397" lon="121.062022"><ele>389.6</ele></rtept><rtept lat="28.844382" lon="121.062037"><ele>388.8</ele></rtept><rtept lat="28.844362" lon="121.062045"><ele>387.8</ele></rtept><rtept lat="28.84434" lon="121.062062"><ele>386.4</ele></rtept><rtept lat="28.84432" lon="121.062072"><ele>385.6</ele></rtept><rtept lat="28.844295" lon="121.062087"><ele>384.6</ele></rtept><rtept lat="28.84427" lon="121.062102"><ele>383.4</ele></rtept><rtept lat="28.844242" lon="121.06212"><ele>383.0</ele></rtept><rtept lat="28.844217" lon="121.062142"><ele>380.6</ele></rtept><rtept lat="28.844187" lon="121.062162"><ele>380.6</ele></rtept><rtept lat="28.844152" lon="121.062182"><ele>379.6</ele></rtept><rtept lat="28.844122" lon="121.062197"><ele>378.6</ele></rtept><rtept lat="28.844087" lon="121.062212"><ele>377.6</ele></rtept><rtept lat="28.844057" lon="121.062225"><ele>377.0</ele></rtept><rtept lat="28.84403" lon="121.062242"><ele>376.6</ele></rtept><rtept lat="28.844007" lon="121.062257"><ele>375.6</ele></rtept><rtept lat="28.843987" lon="121.062277"><ele>375.0</ele></rtept><rtept lat="28.843967" lon="121.062303"><ele>374.0</ele></rtept><rtept lat="28.84395" lon="121.062337"><ele>373.0</ele></rtept><rtept lat="28.843942" lon="121.06238"><ele>372.2</ele></rtept><rtept lat="28.843942" lon="121.062422"><ele>371.2</ele></rtept><rtept lat="28.843947" lon="121.062467"><ele>370.6</ele></rtept><rtept lat="28.843952" lon="121.062507"><ele>370.2</ele></rtept><rtept lat="28.843962" lon="121.062545"><ele>369.6</ele></rtept><rtept lat="28.843965" lon="121.062587"><ele>369.0</ele></rtept><rtept lat="28.843957" lon="121.062622"><ele>368.4</ele></rtept><rtept lat="28.843937" lon="121.062665"><ele>368.0</ele></rtept><rtept lat="28.843917" lon="121.06269"><ele>367.2</ele></rtept><rtept lat="28.843902" lon="121.062715"><ele>367.0</ele></rtept><rtept lat="28.843887" lon="121.06274"><ele>366.8</ele></rtept><rtept lat="28.843875" lon="121.062762"><ele>366.0</ele></rtept><rtept lat="28.843865" lon="121.062787"><ele>364.8</ele></rtept><rtept lat="28.84385" lon="121.062797"><ele>364.0</ele></rtept><rtept lat="28.843835" lon="121.062812"><ele>363.0</ele></rtept><rtept lat="28.843815" lon="121.062827"><ele>361.8</ele></rtept><rtept lat="28.843797" lon="121.062842"><ele>361.0</ele></rtept><rtept lat="28.843782" lon="121.062867"><ele>359.8</ele></rtept><rtept lat="28.843767" lon="121.062892"><ele>358.6</ele></rtept><rtept lat="28.843757" lon="121.062927"><ele>356.0</ele></rtept><rtept lat="28.843757" lon="121.062965"><ele>356.2</ele></rtept><rtept lat="28.843757" lon="121.062997"><ele>355.2</ele></rtept><rtept lat="28.843747" lon="121.063032"><ele>354.6</ele></rtept><rtept lat="28.843727" lon="121.063062"><ele>353.6</ele></rtept><rtept lat="28.843705" lon="121.063092"><ele>352.4</ele></rtept><rtept lat="28.843685" lon="121.063132"><ele>351.4</ele></rtept><rtept lat="28.843655" lon="121.063172"><ele>350.2</ele></rtept><rtept lat="28.843627" lon="121.063207"><ele>349.8</ele></rtept><rtept lat="28.843602" lon="121.063237"><ele>348.6</ele></rtept><rtept lat="28.843582" lon="121.06326"><ele>347.6</ele></rtept><rtept lat="28.843572" lon="121.063282"><ele>347.2</ele></rtept><rtept lat="28.843557" lon="121.06333"><ele>346.0</ele></rtept><rtept lat="28.843552" lon="121.063357"><ele>345.2</ele></rtept><rtept lat="28.843542" lon="121.063387"><ele>344.8</ele></rtept><rtept lat="28.843532" lon="121.063412"><ele>343.8</ele></rtept><rtept lat="28.843522" lon="121.063432"><ele>342.6</ele></rtept><rtept lat="28.843522" lon="121.063452"><ele>341.6</ele></rtept><rtept lat="28.84352" lon="121.06348"><ele>340.6</ele></rtept><rtept lat="28.843507" lon="121.06351"><ele>339.2</ele></rtept><rtept lat="28.843492" lon="121.063522"><ele>338.4</ele></rtept><rtept lat="28.843477" lon="121.063537"><ele>337.4</ele></rtept><rtept lat="28.843467" lon="121.063557"><ele>336.4</ele></rtept><rtept lat="28.84347" lon="121.063575"><ele>335.4</ele></rtept><rtept lat="28.843472" lon="121.063597"><ele>334.4</ele></rtept><rtept lat="28.843465" lon="121.06362"><ele>333.6</ele></rtept><rtept lat="28.843443" lon="121.063637"><ele>331.0</ele></rtept><rtept lat="28.84344" lon="121.063677"><ele>328.2</ele></rtept><rtept lat="28.843442" lon="121.063702"><ele>328.4</ele></rtept><rtept lat="28.843442" lon="121.06372"><ele>327.4</ele></rtept><rtept lat="28.84344" lon="121.063757"><ele>325.0</ele></rtept><rtept lat="28.843442" lon="121.063775"><ele>323.8</ele></rtept><rtept lat="28.843437" lon="121.063812"><ele>322.4</ele></rtept><rtept lat="28.84344" lon="121.06384"><ele>321.2</ele></rtept><rtept lat="28.843437" lon="121.063872"><ele>320.2</ele></rtept><rtept lat="28.843442" lon="121.063905"><ele>319.2</ele></rtept><rtept lat="28.843437" lon="121.06393"><ele>318.4</ele></rtept><rtept lat="28.843437" lon="121.063952"><ele>317.6</ele></rtept><rtept lat="28.843435" lon="121.06398"><ele>316.6</ele></rtept><rtept lat="28.843425" lon="121.064012"><ele>315.8</ele></rtept><rtept lat="28.843417" lon="121.06403"><ele>314.8</ele></rtept><rtept lat="28.843417" lon="121.064065"><ele>312.8</ele></rtept><rtept lat="28.84342" lon="121.064085"><ele>311.8</ele></rtept><rtept lat="28.84342" lon="121.064112"><ele>310.8</ele></rtept><rtept lat="28.843422" lon="121.064142"><ele>310.2</ele></rtept><rtept lat="28.84342" lon="121.06418"><ele>309.2</ele></rtept><rtept lat="28.84342" lon="121.064217"><ele>308.2</ele></rtept><rtept lat="28.843417" lon="121.064262"><ele>307.4</ele></rtept><rtept lat="28.843417" lon="121.06431"><ele>306.2</ele></rtept><rtept lat="28.843402" lon="121.064342"><ele>304.8</ele></rtept><rtept lat="28.84338" lon="121.06438"><ele>304.0</ele></rtept><rtept lat="28.843352" lon="121.064407"><ele>303.8</ele></rtept><rtept lat="28.84332" lon="121.064435"><ele>303.8</ele></rtept><rtept lat="28.843292" lon="121.064457"><ele>303.6</ele></rtept><rtept lat="28.843257" lon="121.064472"><ele>302.6</ele></rtept><rtept lat="28.843212" lon="121.064485"><ele>302.6</ele></rtept><rtept lat="28.843175" lon="121.064492"><ele>302.2</ele></rtept><rtept lat="28.843142" lon="121.064497"><ele>301.2</ele></rtept><rtept lat="28.843112" lon="121.064515"><ele>300.8</ele></rtept><rtept lat="28.843097" lon="121.064532"><ele>300.8</ele></rtept><rtept lat="28.843087" lon="121.064552"><ele>300.6</ele></rtept><rtept lat="28.843077" lon="121.064577"><ele>300.4</ele></rtept><rtept lat="28.843062" lon="121.064612"><ele>300.2</ele></rtept><rtept lat="28.843047" lon="121.064642"><ele>300.0</ele></rtept><rtept lat="28.843028" lon="121.064665"><ele>300.0</ele></rtept><rtept lat="28.84301" lon="121.06468"><ele>300.0</ele></rtept><rtept lat="28.842987" lon="121.064702"><ele>299.8</ele></rtept><rtept lat="28.842962" lon="121.064722"><ele>299.8</ele></rtept><rtept lat="28.842945" lon="121.064742"><ele>299.6</ele></rtept><rtept lat="28.842915" lon="121.064757"><ele>299.4</ele></rtept><rtept lat="28.842895" lon="121.064782"><ele>299.0</ele></rtept><rtept lat="28.84288" lon="121.064812"><ele>299.0</ele></rtept><rtept lat="28.842872" lon="121.064832"><ele>299.6</ele></rtept><rtept lat="28.842867" lon="121.06485"><ele>300.8</ele></rtept><rtept lat="28.842852" lon="121.064867"><ele>300.8</ele></rtept><rtept lat="28.842832" lon="121.064865"><ele>300.8</ele></rtept><rtept lat="28.842812" lon="121.06487"><ele>300.8</ele></rtept><rtept lat="28.842797" lon="121.064882"><ele>300.8</ele></rtept><rtept lat="28.842782" lon="121.064902"><ele>299.6</ele></rtept><rtept lat="28.842767" lon="121.064915"><ele>298.6</ele></rtept><rtept lat="28.842752" lon="121.064937"><ele>297.6</ele></rtept><rtept lat="28.84274" lon="121.064962"><ele>295.4</ele></rtept><rtept lat="28.842722" lon="121.064982"><ele>295.4</ele></rtept><rtept lat="28.842702" lon="121.065002"><ele>294.2</ele></rtept><rtept lat="28.842685" lon="121.065017"><ele>293.0</ele></rtept><rtept lat="28.842662" lon="121.065042"><ele>291.6</ele></rtept><rtept lat="28.842642" lon="121.065072"><ele>290.4</ele></rtept><rtept lat="28.84262" lon="121.065102"><ele>289.4</ele></rtept><rtept lat="28.842597" lon="121.065122"><ele>288.4</ele></rtept><rtept lat="28.84257" lon="121.065137"><ele>288.0</ele></rtept><rtept lat="28.842542" lon="121.065142"><ele>287.6</ele></rtept><rtept lat="28.84252" lon="121.065152"><ele>286.6</ele></rtept><rtept lat="28.842497" lon="121.065173"><ele>285.0</ele></rtept><rtept lat="28.842472" lon="121.065187"><ele>284.2</ele></rtept><rtept lat="28.842447" lon="121.065182"><ele>283.8</ele></rtept><rtept lat="28.842427" lon="121.065173"><ele>283.0</ele></rtept><rtept lat="28.842407" lon="121.065172"><ele>281.6</ele></rtept><rtept lat="28.842392" lon="121.06517"><ele>280.6</ele></rtept><rtept lat="28.842367" lon="121.065157"><ele>280.0</ele></rtept><rtept lat="28.842347" lon="121.065147"><ele>279.4</ele></rtept><rtept lat="28.842332" lon="121.06514"><ele>278.0</ele></rtept><rtept lat="28.842312" lon="121.06513"><ele>277.2</ele></rtept><rtept lat="28.842282" lon="121.065117"><ele>275.0</ele></rtept><rtept lat="28.842257" lon="121.06511"><ele>274.4</ele></rtept><rtept lat="28.842233" lon="121.065097"><ele>273.6</ele></rtept><rtept lat="28.84221" lon="121.065092"><ele>272.8</ele></rtept><rtept lat="28.842182" lon="121.065082"><ele>272.0</ele></rtept><rtept lat="28.842152" lon="121.065065"><ele>270.6</ele></rtept><rtept lat="28.842127" lon="121.065047"><ele>269.8</ele></rtept><rtept lat="28.842097" lon="121.065027"><ele>268.8</ele></rtept><rtept lat="28.842067" lon="121.065012"><ele>267.2</ele></rtept><rtept lat="28.842032" lon="121.064997"><ele>266.8</ele></rtept><rtept lat="28.842002" lon="121.064987"><ele>266.6</ele></rtept><rtept lat="28.841972" lon="121.06498"><ele>266.2</ele></rtept><rtept lat="28.841942" lon="121.064967"><ele>265.8</ele></rtept><rtept lat="28.84192" lon="121.064948"><ele>265.8</ele></rtept><rtept lat="28.841897" lon="121.064935"><ele>265.8</ele></rtept><rtept lat="28.841875" lon="121.064922"><ele>265.0</ele></rtept><rtept lat="28.84186" lon="121.0649"><ele>264.0</ele></rtept><rtept lat="28.84184" lon="121.064875"><ele>262.6</ele></rtept><rtept lat="28.841822" lon="121.064852"><ele>261.8</ele></rtept><rtept lat="28.841802" lon="121.064837"><ele>260.6</ele></rtept><rtept lat="28.841787" lon="121.064812"><ele>260.0</ele></rtept><rtept lat="28.841767" lon="121.064792"><ele>259.2</ele></rtept><rtept lat="28.841742" lon="121.064772"><ele>258.4</ele></rtept><rtept lat="28.841715" lon="121.06476"><ele>257.6</ele></rtept><rtept lat="28.841692" lon="121.06476"><ele>256.8</ele></rtept><rtept lat="28.841677" lon="121.064772"><ele>256.0</ele></rtept><rtept lat="28.841662" lon="121.064782"><ele>255.0</ele></rtept><rtept lat="28.841657" lon="121.064802"><ele>254.8</ele></rtept><rtept lat="28.841657" lon="121.064827"><ele>253.6</ele></rtept><rtept lat="28.841657" lon="121.06486"><ele>252.8</ele></rtept><rtept lat="28.841645" lon="121.06487"><ele>251.6</ele></rtept><rtept lat="28.841635" lon="121.064897"><ele>249.4</ele></rtept><rtept lat="28.841627" lon="121.064927"><ele>247.4</ele></rtept><rtept lat="28.841627" lon="121.064948"><ele>246.6</ele></rtept><rtept lat="28.841627" lon="121.064967"><ele>245.6</ele></rtept><rtept lat="28.841625" lon="121.064987"><ele>244.8</ele></rtept><rtept lat="28.841622" lon="121.065007"><ele>243.0</ele></rtept><rtept lat="28.841617" lon="121.06503"><ele>243.0</ele></rtept><rtept lat="28.84161" lon="121.065055"><ele>242.2</ele></rtept><rtept lat="28.8416" lon="121.065075"><ele>241.0</ele></rtept><rtept lat="28.841587" lon="121.065092"><ele>240.0</ele></rtept><rtept lat="28.841567" lon="121.065115"><ele>238.4</ele></rtept><rtept lat="28.841552" lon="121.065135"><ele>237.6</ele></rtept><rtept lat="28.841527" lon="121.065145"><ele>236.8</ele></rtept><rtept lat="28.841497" lon="121.06515"><ele>236.0</ele></rtept><rtept lat="28.841467" lon="121.065152"><ele>235.8</ele></rtept><rtept lat="28.841435" lon="121.065162"><ele>234.8</ele></rtept><rtept lat="28.841407" lon="121.06518"><ele>234.2</ele></rtept><rtept lat="28.841385" lon="121.0652"><ele>234.2</ele></rtept><rtept lat="28.841362" lon="121.065217"><ele>234.2</ele></rtept><rtept lat="28.841337" lon="121.065237"><ele>234.2</ele></rtept><rtept lat="28.841315" lon="121.065257"><ele>234.2</ele></rtept><rtept lat="28.841292" lon="121.065275"><ele>234.2</ele></rtept><rtept lat="28.841272" lon="121.065287"><ele>234.2</ele></rtept><rtept lat="28.841252" lon="121.065302"><ele>234.0</ele></rtept><rtept lat="28.841232" lon="121.065322"><ele>233.8</ele></rtept><rtept lat="28.841205" lon="121.065327"><ele>233.2</ele></rtept><rtept lat="28.841177" lon="121.065332"><ele>232.2</ele></rtept><rtept lat="28.841152" lon="121.065335"><ele>231.2</ele></rtept><rtept lat="28.841132" lon="121.065342"><ele>230.2</ele></rtept><rtept lat="28.841117" lon="121.065352"><ele>229.6</ele></rtept><rtept lat="28.841102" lon="121.065377"><ele>228.0</ele></rtept><rtept lat="28.8411" lon="121.065397"><ele>227.0</ele></rtept><rtept lat="28.841093" lon="121.065417"><ele>226.0</ele></rtept><rtept lat="28.84108" lon="121.065432"><ele>225.4</ele></rtept><rtept lat="28.84107" lon="121.065442"><ele>223.6</ele></rtept><rtept lat="28.841052" lon="121.065467"><ele>223.0</ele></rtept><rtept lat="28.841037" lon="121.0655"><ele>221.2</ele></rtept><rtept lat="28.841027" lon="121.06552"><ele>220.2</ele></rtept><rtept lat="28.841015" lon="121.065542"><ele>219.2</ele></rtept><rtept lat="28.840992" lon="121.065555"><ele>218.4</ele></rtept><rtept lat="28.840977" lon="121.065567"><ele>217.8</ele></rtept><rtept lat="28.84097" lon="121.065585"><ele>216.6</ele></rtept><rtept lat="28.840967" lon="121.065607"><ele>215.6</ele></rtept><rtept lat="28.840962" lon="121.06564"><ele>215.0</ele></rtept><rtept lat="28.840957" lon="121.065675"><ele>214.4</ele></rtept><rtept lat="28.840957" lon="121.065715"><ele>213.6</ele></rtept><rtept lat="28.840957" lon="121.06575"><ele>213.2</ele></rtept><rtept lat="28.840962" lon="121.06579"><ele>212.8</ele></rtept><rtept lat="28.840967" lon="121.065827"><ele>212.2</ele></rtept><rtept lat="28.840967" lon="121.065852"><ele>212.0</ele></rtept><rtept lat="28.840972" lon="121.065885"><ele>212.0</ele></rtept><rtept lat="28.840977" lon="121.065917"><ele>211.6</ele></rtept><rtept lat="28.840985" lon="121.065942"><ele>210.6</ele></rtept><rtept lat="28.840982" lon="121.065967"><ele>209.6</ele></rtept><rtept lat="28.840987" lon="121.065987"><ele>209.2</ele></rtept><rtept lat="28.840992" lon="121.066018"><ele>207.8</ele></rtept><rtept lat="28.84098" lon="121.066042"><ele>206.8</ele></rtept><rtept lat="28.840967" lon="121.066065"><ele>206.4</ele></rtept><rtept lat="28.840957" lon="121.06609"><ele>206.0</ele></rtept><rtept lat="28.840955" lon="121.066112"><ele>205.2</ele></rtept><rtept lat="28.840962" lon="121.066137"><ele>204.2</ele></rtept><rtept lat="28.840962" lon="121.066165"><ele>202.8</ele></rtept><rtept lat="28.84095" lon="121.066182"><ele>202.8</ele></rtept><rtept lat="28.840932" lon="121.0662"><ele>202.2</ele></rtept><rtept lat="28.840917" lon="121.066217"><ele>201.0</ele></rtept><rtept lat="28.840905" lon="121.066237"><ele>200.6</ele></rtept><rtept lat="28.840895" lon="121.066257"><ele>200.2</ele></rtept><rtept lat="28.840892" lon="121.066277"><ele>199.2</ele></rtept><rtept lat="28.840877" lon="121.0663"><ele>197.6</ele></rtept><rtept lat="28.840857" lon="121.066315"><ele>196.2</ele></rtept><rtept lat="28.840832" lon="121.06632"><ele>195.2</ele></rtept><rtept lat="28.840807" lon="121.066312"><ele>194.8</ele></rtept><rtept lat="28.840785" lon="121.066305"><ele>193.6</ele></rtept><rtept lat="28.840767" lon="121.066297"><ele>192.4</ele></rtept><rtept lat="28.840747" lon="121.0663"><ele>191.2</ele></rtept><rtept lat="28.84073" lon="121.066297"><ele>190.8</ele></rtept><rtept lat="28.840707" lon="121.066312"><ele>189.2</ele></rtept><rtept lat="28.840702" lon="121.066332"><ele>188.0</ele></rtept><rtept lat="28.840707" lon="121.06636"><ele>187.2</ele></rtept><rtept lat="28.840712" lon="121.066383"><ele>186.0</ele></rtept><rtept lat="28.840725" lon="121.066407"><ele>185.0</ele></rtept><rtept lat="28.840742" lon="121.066432"><ele>184.6</ele></rtept><rtept lat="28.840752" lon="121.066452"><ele>184.0</ele></rtept><rtept lat="28.840767" lon="121.066467"><ele>182.8</ele></rtept><rtept lat="28.840792" lon="121.066477"><ele>182.0</ele></rtept><rtept lat="28.840812" lon="121.066492"><ele>181.4</ele></rtept><rtept lat="28.84083" lon="121.066505"><ele>180.8</ele></rtept><rtept lat="28.84085" lon="121.066512"><ele>180.0</ele></rtept><rtept lat="28.840872" lon="121.066522"><ele>178.8</ele></rtept><rtept lat="28.840902" lon="121.066527"><ele>178.0</ele></rtept><rtept lat="28.840935" lon="121.066532"><ele>176.0</ele></rtept><rtept lat="28.840972" lon="121.066535"><ele>176.0</ele></rtept><rtept lat="28.841007" lon="121.066527"><ele>174.8</ele></rtept><rtept lat="28.841042" lon="121.066515"><ele>174.0</ele></rtept><rtept lat="28.841075" lon="121.066507"><ele>173.0</ele></rtept><rtept lat="28.841105" lon="121.066505"><ele>172.2</ele></rtept><rtept lat="28.84114" lon="121.066512"><ele>171.6</ele></rtept><rtept lat="28.841172" lon="121.066522"><ele>171.4</ele></rtept><rtept lat="28.841192" lon="121.066537"><ele>170.8</ele></rtept><rtept lat="28.841207" lon="121.066552"><ele>170.6</ele></rtept><rtept lat="28.841212" lon="121.066577"><ele>169.8</ele></rtept><rtept lat="28.841217" lon="121.06661"><ele>168.6</ele></rtept><rtept lat="28.841212" lon="121.06664"><ele>168.0</ele></rtept><rtept lat="28.84121" lon="121.06667"><ele>167.4</ele></rtept><rtept lat="28.841213" lon="121.066707"><ele>166.0</ele></rtept><rtept lat="28.841217" lon="121.066732"><ele>164.6</ele></rtept><rtept lat="28.841217" lon="121.06676"><ele>164.0</ele></rtept><rtept lat="28.841217" lon="121.06679"><ele>163.0</ele></rtept><rtept lat="28.84122" lon="121.06682"><ele>162.6</ele></rtept><rtept lat="28.841225" lon="121.066842"><ele>162.4</ele></rtept><rtept lat="28.841232" lon="121.066865"><ele>161.4</ele></rtept><rtept lat="28.841237" lon="121.066897"><ele>160.2</ele></rtept><rtept lat="28.84124" lon="121.066922"><ele>160.0</ele></rtept><rtept lat="28.84126" lon="121.066962"><ele>159.0</ele></rtept><rtept lat="28.841267" lon="121.066992"><ele>158.2</ele></rtept><rtept lat="28.841272" lon="121.067012"><ele>156.8</ele></rtept><rtept lat="28.84127" lon="121.067047"><ele>155.6</ele></rtept><rtept lat="28.841262" lon="121.06708"><ele>155.2</ele></rtept><rtept lat="28.841255" lon="121.067105"><ele>155.4</ele></rtept><rtept lat="28.841252" lon="121.067132"><ele>155.4</ele></rtept><rtept lat="28.841247" lon="121.067182"><ele>155.4</ele></rtept><rtept lat="28.841245" lon="121.06721"><ele>155.6</ele></rtept><rtept lat="28.841237" lon="121.067242"><ele>155.6</ele></rtept><rtept lat="28.841232" lon="121.067277"><ele>156.0</ele></rtept><rtept lat="28.841235" lon="121.067317"><ele>156.0</ele></rtept><rtept lat="28.841227" lon="121.06734"><ele>155.6</ele></rtept><rtept lat="28.841232" lon="121.067372"><ele>155.6</ele></rtept><rtept lat="28.841242" lon="121.0674"><ele>154.8</ele></rtept><rtept lat="28.841255" lon="121.067432"><ele>153.8</ele></rtept><rtept lat="28.84127" lon="121.067465"><ele>153.2</ele></rtept><rtept lat="28.841287" lon="121.067492"><ele>152.8</ele></rtept><rtept lat="28.841312" lon="121.067515"><ele>152.4</ele></rtept><rtept lat="28.841337" lon="121.067532"><ele>151.0</ele></rtept><rtept lat="28.841357" lon="121.067557"><ele>150.4</ele></rtept><rtept lat="28.841377" lon="121.06758"><ele>150.2</ele></rtept><rtept lat="28.841402" lon="121.067602"><ele>149.6</ele></rtept><rtept lat="28.841427" lon="121.067625"><ele>148.8</ele></rtept><rtept lat="28.841457" lon="121.067652"><ele>147.8</ele></rtept><rtept lat="28.841482" lon="121.06767"><ele>146.4</ele></rtept><rtept lat="28.841507" lon="121.06769"><ele>145.2</ele></rtept><rtept lat="28.841525" lon="121.067722"><ele>144.8</ele></rtept><rtept lat="28.841532" lon="121.067762"><ele>144.6</ele></rtept><rtept lat="28.841535" lon="121.067802"><ele>143.8</ele></rtept><rtept lat="28.841527" lon="121.06783"><ele>143.2</ele></rtept><rtept lat="28.841515" lon="121.067852"><ele>142.6</ele></rtept><rtept lat="28.8415" lon="121.067867"><ele>142.4</ele></rtept><rtept lat="28.841485" lon="121.067887"><ele>141.6</ele></rtept><rtept lat="28.841462" lon="121.067925"><ele>141.6</ele></rtept><rtept lat="28.84145" lon="121.067952"><ele>141.6</ele></rtept><rtept lat="28.841435" lon="121.067982"><ele>141.6</ele></rtept><rtept lat="28.841417" lon="121.068007"><ele>141.6</ele></rtept><rtept lat="28.8414" lon="121.068032"><ele>141.4</ele></rtept><rtept lat="28.841382" lon="121.068057"><ele>141.4</ele></rtept><rtept lat="28.841365" lon="121.068082"><ele>141.4</ele></rtept><rtept lat="28.84135" lon="121.068102"><ele>141.6</ele></rtept><rtept lat="28.841337" lon="121.068122"><ele>141.6</ele></rtept><rtept lat="28.841322" lon="121.068142"><ele>142.0</ele></rtept><rtept lat="28.841305" lon="121.068172"><ele>142.4</ele></rtept><rtept lat="28.841287" lon="121.068197"><ele>142.4</ele></rtept><rtept lat="28.84127" lon="121.06823"><ele>142.4</ele></rtept><rtept lat="28.841262" lon="121.068267"><ele>142.4</ele></rtept><rtept lat="28.841248" lon="121.068307"><ele>142.6</ele></rtept><rtept lat="28.841235" lon="121.06834"><ele>142.8</ele></rtept><rtept lat="28.841227" lon="121.068372"><ele>142.8</ele></rtept><rtept lat="28.841225" lon="121.068402"><ele>143.4</ele></rtept><rtept lat="28.84123" lon="121.068435"><ele>143.4</ele></rtept><rtept lat="28.84124" lon="121.068467"><ele>142.4</ele></rtept><rtept lat="28.841257" lon="121.068502"><ele>142.0</ele></rtept><rtept lat="28.841277" lon="121.068537"><ele>141.0</ele></rtept><rtept lat="28.841292" lon="121.06857"><ele>139.8</ele></rtept><rtept lat="28.841302" lon="121.068592"><ele>139.2</ele></rtept><rtept lat="28.841312" lon="121.068617"><ele>138.6</ele></rtept><rtept lat="28.841317" lon="121.068637"><ele>138.6</ele></rtept><rtept lat="28.841315" lon="121.068677"><ele>138.0</ele></rtept><rtept lat="28.841305" lon="121.068712"><ele>137.2</ele></rtept><rtept lat="28.841302" lon="121.068742"><ele>135.2</ele></rtept><rtept lat="28.841297" lon="121.068767"><ele>135.2</ele></rtept><rtept lat="28.841302" lon="121.0688"><ele>134.4</ele></rtept><rtept lat="28.841312" lon="121.06883"><ele>133.8</ele></rtept><rtept lat="28.841322" lon="121.06886"><ele>132.8</ele></rtept><rtept lat="28.841332" lon="121.068887"><ele>131.2</ele></rtept><rtept lat="28.841337" lon="121.06892"><ele>130.6</ele></rtept><rtept lat="28.841345" lon="121.068955"><ele>129.6</ele></rtept><rtept lat="28.841347" lon="121.068987"><ele>128.4</ele></rtept><rtept lat="28.84135" lon="121.069017"><ele>127.8</ele></rtept><rtept lat="28.841352" lon="121.069052"><ele>126.4</ele></rtept><rtept lat="28.841352" lon="121.06908"><ele>125.2</ele></rtept><rtept lat="28.841347" lon="121.069107"><ele>124.2</ele></rtept><rtept lat="28.841355" lon="121.069137"><ele>123.2</ele></rtept><rtept lat="28.841367" lon="121.06916"><ele>122.4</ele></rtept><rtept lat="28.841372" lon="121.069182"><ele>121.4</ele></rtept><rtept lat="28.841382" lon="121.069212"><ele>120.8</ele></rtept><rtept lat="28.84139" lon="121.069237"><ele>120.0</ele></rtept><rtept lat="28.841397" lon="121.069262"><ele>119.2</ele></rtept><rtept lat="28.841387" lon="121.069282"><ele>118.2</ele></rtept><rtept lat="28.841367" lon="121.069297"><ele>117.8</ele></rtept><rtept lat="28.841342" lon="121.069307"><ele>117.4</ele></rtept><rtept lat="28.84131" lon="121.069312"><ele>116.4</ele></rtept><rtept lat="28.841287" lon="121.069307"><ele>115.4</ele></rtept><rtept lat="28.841297" lon="121.069327"><ele>113.8</ele></rtept><rtept lat="28.841312" lon="121.069362"><ele>112.8</ele></rtept><rtept lat="28.841322" lon="121.069387"><ele>112.0</ele></rtept><rtept lat="28.841337" lon="121.0694"><ele>110.0</ele></rtept><rtept lat="28.841355" lon="121.069415"><ele>110.0</ele></rtept><rtept lat="28.841375" lon="121.06943"><ele>109.2</ele></rtept><rtept lat="28.841392" lon="121.069447"><ele>108.2</ele></rtept><rtept lat="28.841415" lon="121.069462"><ele>107.8</ele></rtept><rtept lat="28.841438" lon="121.06947"><ele>107.0</ele></rtept><rtept lat="28.841457" lon="121.069487"><ele>105.8</ele></rtept><rtept lat="28.841467" lon="121.069508"><ele>104.8</ele></rtept><rtept lat="28.841467" lon="121.069532"><ele>104.2</ele></rtept><rtept lat="28.841487" lon="121.069547"><ele>102.2</ele></rtept><rtept lat="28.841512" lon="121.069547"><ele>101.4</ele></rtept><rtept lat="28.84154" lon="121.069552"><ele>100.2</ele></rtept><rtept lat="28.841562" lon="121.069567"><ele>99.6</ele></rtept><rtept lat="28.841582" lon="121.069585"><ele>98.8</ele></rtept><rtept lat="28.841597" lon="121.069605"><ele>98.0</ele></rtept><rtept lat="28.841607" lon="121.069627"><ele>97.4</ele></rtept><rtept lat="28.841617" lon="121.069652"><ele>96.8</ele></rtept><rtept lat="28.841635" lon="121.069672"><ele>95.8</ele></rtept><rtept lat="28.84165" lon="121.0697"><ele>94.6</ele></rtept><rtept lat="28.841667" lon="121.069722"><ele>93.6</ele></rtept><rtept lat="28.84168" lon="121.069742"><ele>93.2</ele></rtept><rtept lat="28.84169" lon="121.06976"><ele>92.0</ele></rtept><rtept lat="28.841697" lon="121.06978"><ele>90.8</ele></rtept><rtept lat="28.8417" lon="121.0698"><ele>90.2</ele></rtept><rtept lat="28.841705" lon="121.069817"><ele>89.2</ele></rtept><rtept lat="28.841707" lon="121.069837"><ele>88.6</ele></rtept><rtept lat="28.841712" lon="121.06986"><ele>87.6</ele></rtept><rtept lat="28.841712" lon="121.069885"><ele>86.6</ele></rtept><rtept lat="28.841717" lon="121.069915"><ele>85.6</ele></rtept><rtept lat="28.841727" lon="121.069942"><ele>83.6</ele></rtept><rtept lat="28.841742" lon="121.06997"><ele>83.6</ele></rtept><rtept lat="28.841757" lon="121.069997"><ele>82.8</ele></rtept><rtept lat="28.84178" lon="121.070017"><ele>81.6</ele></rtept><rtept lat="28.841807" lon="121.070037"><ele>80.8</ele></rtept><rtept lat="28.841837" lon="121.070052"><ele>80.2</ele></rtept><rtept lat="28.841865" lon="121.070067"><ele>79.4</ele></rtept><rtept lat="28.841895" lon="121.070082"><ele>78.8</ele></rtept><rtept lat="28.841922" lon="121.070087"><ele>78.6</ele></rtept><rtept lat="28.841947" lon="121.070097"><ele>78.4</ele></rtept><rtept lat="28.841972" lon="121.070122"><ele>78.4</ele></rtept><rtept lat="28.841992" lon="121.070147"><ele>78.4</ele></rtept><rtept lat="28.842015" lon="121.070175"><ele>77.8</ele></rtept><rtept lat="28.842032" lon="121.070197"><ele>77.0</ele></rtept><rtept lat="28.842047" lon="121.070222"><ele>76.0</ele></rtept><rtept lat="28.842065" lon="121.070247"><ele>74.8</ele></rtept><rtept lat="28.842077" lon="121.070268"><ele>74.6</ele></rtept><rtept lat="28.842092" lon="121.070292"><ele>73.8</ele></rtept><rtept lat="28.842102" lon="121.070317"><ele>72.6</ele></rtept><rtept lat="28.842122" lon="121.070337"><ele>71.6</ele></rtept><rtept lat="28.842142" lon="121.070362"><ele>70.6</ele></rtept><rtept lat="28.842167" lon="121.070395"><ele>70.0</ele></rtept><rtept lat="28.842192" lon="121.070425"><ele>69.2</ele></rtept><rtept lat="28.842222" lon="121.070452"><ele>68.2</ele></rtept><rtept lat="28.842252" lon="121.070472"><ele>66.8</ele></rtept><rtept lat="28.842282" lon="121.070487"><ele>66.0</ele></rtept><rtept lat="28.842315" lon="121.070502"><ele>65.0</ele></rtept><rtept lat="28.842347" lon="121.070522"><ele>64.4</ele></rtept><rtept lat="28.842377" lon="121.070537"><ele>64.0</ele></rtept><rtept lat="28.84241" lon="121.070555"><ele>63.8</ele></rtept><rtept lat="28.842442" lon="121.070565"><ele>62.6</ele></rtept><rtept lat="28.84247" lon="121.07058"><ele>62.6</ele></rtept><rtept lat="28.842497" lon="121.07059"><ele>62.2</ele></rtept><rtept lat="28.842522" lon="121.070605"><ele>61.6</ele></rtept><rtept lat="28.842547" lon="121.07063"><ele>61.4</ele></rtept><rtept lat="28.842572" lon="121.070652"><ele>61.2</ele></rtept><rtept lat="28.842602" lon="121.070672"><ele>60.8</ele></rtept><rtept lat="28.842632" lon="121.070697"><ele>60.6</ele></rtept><rtept lat="28.842657" lon="121.070725"><ele>60.2</ele></rtept><rtept lat="28.842677" lon="121.070755"><ele>60.0</ele></rtept><rtept lat="28.842687" lon="121.070792"><ele>59.6</ele></rtept><rtept lat="28.842682" lon="121.070837"><ele>59.0</ele></rtept><rtept lat="28.842672" lon="121.070882"><ele>58.2</ele></rtept><rtept lat="28.842662" lon="121.070922"><ele>57.6</ele></rtept><rtept lat="28.842672" lon="121.07095"><ele>56.8</ele></rtept><rtept lat="28.842692" lon="121.07097"><ele>56.4</ele></rtept><rtept lat="28.842715" lon="121.070982"><ele>56.2</ele></rtept><rtept lat="28.842742" lon="121.070997"><ele>56.2</ele></rtept><rtept lat="28.842765" lon="121.071015"><ele>56.2</ele></rtept><rtept lat="28.842787" lon="121.071035"><ele>56.2</ele></rtept><rtept lat="28.84281" lon="121.071055"><ele>56.2</ele></rtept><rtept lat="28.842827" lon="121.071087"><ele>56.2</ele></rtept><rtept lat="28.842845" lon="121.071122"><ele>56.2</ele></rtept><rtept lat="28.842862" lon="121.071157"><ele>56.0</ele></rtept><rtept lat="28.842882" lon="121.071187"><ele>55.6</ele></rtept><rtept lat="28.842905" lon="121.071222"><ele>55.0</ele></rtept><rtept lat="28.842927" lon="121.071252"><ele>55.0</ele></rtept><rtept lat="28.842952" lon="121.071282"><ele>55.0</ele></rtept><rtept lat="28.84298" lon="121.071307"><ele>55.2</ele></rtept><rtept lat="28.843007" lon="121.071335"><ele>55.2</ele></rtept><rtept lat="28.843032" lon="121.071352"><ele>55.2</ele></rtept><rtept lat="28.843057" lon="121.071377"><ele>55.2</ele></rtept><rtept lat="28.843082" lon="121.071397"><ele>55.2</ele></rtept><rtept lat="28.843107" lon="121.07142"><ele>55.2</ele></rtept><rtept lat="28.843127" lon="121.071442"><ele>55.0</ele></rtept><rtept lat="28.843142" lon="121.071472"><ele>54.6</ele></rtept><rtept lat="28.843152" lon="121.071507"><ele>54.6</ele></rtept><rtept lat="28.843155" lon="121.071547"><ele>54.8</ele></rtept><rtept lat="28.843152" lon="121.071592"><ele>54.8</ele></rtept><rtept lat="28.843152" lon="121.071645"><ele>54.4</ele></rtept><rtept lat="28.843147" lon="121.071692"><ele>53.8</ele></rtept><rtept lat="28.843137" lon="121.07174"><ele>53.4</ele></rtept><rtept lat="28.843127" lon="121.071787"><ele>53.4</ele></rtept><rtept lat="28.843115" lon="121.071837"><ele>52.8</ele></rtept><rtept lat="28.843107" lon="121.071885"><ele>52.8</ele></rtept><rtept lat="28.843097" lon="121.071935"><ele>52.8</ele></rtept><rtept lat="28.84309" lon="121.071982"><ele>52.2</ele></rtept><rtept lat="28.843082" lon="121.07203"><ele>51.6</ele></rtept><rtept lat="28.843075" lon="121.072072"><ele>51.4</ele></rtept><rtept lat="28.843067" lon="121.072117"><ele>51.4</ele></rtept><rtept lat="28.843057" lon="121.072157"><ele>51.4</ele></rtept><rtept lat="28.843047" lon="121.072192"><ele>51.4</ele></rtept><rtept lat="28.84304" lon="121.07223"><ele>51.2</ele></rtept><rtept lat="28.843032" lon="121.072267"><ele>51.2</ele></rtept><rtept lat="28.843025" lon="121.072302"><ele>51.2</ele></rtept><rtept lat="28.843022" lon="121.07234"><ele>51.2</ele></rtept><rtept lat="28.843022" lon="121.072377"><ele>51.0</ele></rtept><rtept lat="28.843022" lon="121.072417"><ele>50.8</ele></rtept><rtept lat="28.843027" lon="121.072455"><ele>50.8</ele></rtept><rtept lat="28.843027" lon="121.072487"><ele>50.8</ele></rtept><rtept lat="28.84304" lon="121.072522"><ele>51.4</ele></rtept><rtept lat="28.843057" lon="121.072552"><ele>51.4</ele></rtept><rtept lat="28.843077" lon="121.072585"><ele>50.8</ele></rtept><rtept lat="28.8431" lon="121.072617"><ele>50.8</ele></rtept><rtept lat="28.843122" lon="121.07265"><ele>50.6</ele></rtept><rtept lat="28.84314" lon="121.072677"><ele>50.4</ele></rtept><rtept lat="28.843157" lon="121.072702"><ele>50.2</ele></rtept><rtept lat="28.843172" lon="121.072727"><ele>50.0</ele></rtept><rtept lat="28.84318" lon="121.072747"><ele>49.8</ele></rtept><rtept lat="28.843187" lon="121.072773"><ele>50.2</ele></rtept><rtept lat="28.843197" lon="121.072797"><ele>50.2</ele></rtept><rtept lat="28.843217" lon="121.072822"><ele>49.8</ele></rtept><rtept lat="28.843235" lon="121.07284"><ele>50.0</ele></rtept><rtept lat="28.843267" lon="121.07287"><ele>50.0</ele></rtept><rtept lat="28.84329" lon="121.072892"><ele>49.6</ele></rtept><rtept lat="28.843312" lon="121.072917"><ele>49.4</ele></rtept><rtept lat="28.843335" lon="121.072945"><ele>49.2</ele></rtept><rtept lat="28.843355" lon="121.072972"><ele>49.2</ele></rtept><rtept lat="28.843377" lon="121.072998"><ele>49.4</ele></rtept><rtept lat="28.8434" lon="121.073027"><ele>49.4</ele></rtept><rtept lat="28.843417" lon="121.073057"><ele>49.4</ele></rtept><rtept lat="28.843432" lon="121.073077"><ele>49.4</ele></rtept><rtept lat="28.843457" lon="121.073102"><ele>49.6</ele></rtept><rtept lat="28.843477" lon="121.073127"><ele>49.6</ele></rtept><rtept lat="28.8435" lon="121.073157"><ele>49.6</ele></rtept><rtept lat="28.843522" lon="121.073182"><ele>49.2</ele></rtept><rtept lat="28.843547" lon="121.07321"><ele>49.0</ele></rtept><rtept lat="28.843572" lon="121.073235"><ele>48.8</ele></rtept><rtept lat="28.843592" lon="121.073257"><ele>48.8</ele></rtept><rtept lat="28.843612" lon="121.073278"><ele>48.6</ele></rtept><rtept lat="28.843633" lon="121.073302"><ele>48.6</ele></rtept><rtept lat="28.843657" lon="121.073327"><ele>48.6</ele></rtept><rtept lat="28.84368" lon="121.073357"><ele>48.6</ele></rtept><rtept lat="28.843705" lon="121.073387"><ele>48.8</ele></rtept><rtept lat="28.84373" lon="121.073412"><ele>48.4</ele></rtept><rtept lat="28.843762" lon="121.073427"><ele>48.4</ele></rtept><rtept lat="28.843795" lon="121.07344"><ele>48.4</ele></rtept><rtept lat="28.843827" lon="121.073455"><ele>48.4</ele></rtept><rtept lat="28.843857" lon="121.073475"><ele>48.2</ele></rtept><rtept lat="28.843882" lon="121.073497"><ele>48.2</ele></rtept><rtept lat="28.843907" lon="121.073527"><ele>48.2</ele></rtept><rtept lat="28.843932" lon="121.073552"><ele>48.2</ele></rtept><rtept lat="28.843955" lon="121.073577"><ele>48.2</ele></rtept><rtept lat="28.843982" lon="121.073602"><ele>48.2</ele></rtept><rtept lat="28.844005" lon="121.07363"><ele>48.2</ele></rtept><rtept lat="28.84403" lon="121.073657"><ele>48.4</ele></rtept><rtept lat="28.844057" lon="121.073687"><ele>48.2</ele></rtept><rtept lat="28.844082" lon="121.073715"><ele>48.0</ele></rtept><rtept lat="28.844107" lon="121.073745"><ele>47.8</ele></rtept><rtept lat="28.84413" lon="121.073777"><ele>47.8</ele></rtept><rtept lat="28.844155" lon="121.073802"><ele>47.6</ele></rtept><rtept lat="28.844177" lon="121.07383"><ele>47.8</ele></rtept><rtept lat="28.8442" lon="121.073857"><ele>47.8</ele></rtept><rtept lat="28.844225" lon="121.073887"><ele>47.2</ele></rtept><rtept lat="28.844245" lon="121.073917"><ele>47.2</ele></rtept><rtept lat="28.844262" lon="121.073942"><ele>46.8</ele></rtept><rtept lat="28.844282" lon="121.073967"><ele>46.8</ele></rtept><rtept lat="28.844302" lon="121.073997"><ele>47.0</ele></rtept><rtept lat="28.844322" lon="121.074025"><ele>47.0</ele></rtept><rtept lat="28.84434" lon="121.074055"><ele>46.8</ele></rtept><rtept lat="28.844357" lon="121.074087"><ele>47.0</ele></rtept><rtept lat="28.844377" lon="121.07412"><ele>47.0</ele></rtept><rtept lat="28.844392" lon="121.074155"><ele>47.0</ele></rtept><rtept lat="28.844407" lon="121.074192"><ele>47.0</ele></rtept><rtept lat="28.84442" lon="121.074227"><ele>47.0</ele></rtept><rtept lat="28.844432" lon="121.074262"><ele>47.0</ele></rtept><rtept lat="28.844445" lon="121.074305"><ele>47.0</ele></rtept><rtept lat="28.844457" lon="121.074342"><ele>46.4</ele></rtept><rtept lat="28.84447" lon="121.074382"><ele>46.2</ele></rtept><rtept lat="28.844482" lon="121.074417"><ele>46.2</ele></rtept><rtept lat="28.844492" lon="121.074452"><ele>46.2</ele></rtept><rtept lat="28.844507" lon="121.074487"><ele>46.2</ele></rtept><rtept lat="28.844517" lon="121.074522"><ele>45.6</ele></rtept><rtept lat="28.844532" lon="121.074555"><ele>45.4</ele></rtept><rtept lat="28.844547" lon="121.074587"><ele>45.4</ele></rtept><rtept lat="28.844562" lon="121.07462"><ele>46.2</ele></rtept><rtept lat="28.844575" lon="121.074652"><ele>47.0</ele></rtept><rtept lat="28.844587" lon="121.074687"><ele>47.0</ele></rtept><rtept lat="28.8446" lon="121.074722"><ele>46.8</ele></rtept><rtept lat="28.844612" lon="121.074762"><ele>46.6</ele></rtept><rtept lat="28.844625" lon="121.074797"><ele>46.4</ele></rtept><rtept lat="28.844635" lon="121.074837"><ele>45.2</ele></rtept><rtept lat="28.844645" lon="121.074875"><ele>44.4</ele></rtept><rtept lat="28.844652" lon="121.074912"><ele>44.4</ele></rtept><rtept lat="28.84467" lon="121.07495"><ele>44.4</ele></rtept><rtept lat="28.844682" lon="121.074985"><ele>44.2</ele></rtept><rtept lat="28.844697" lon="121.075022"><ele>44.2</ele></rtept><rtept lat="28.84471" lon="121.075057"><ele>44.2</ele></rtept><rtept lat="28.844725" lon="121.075095"><ele>44.2</ele></rtept><rtept lat="28.844737" lon="121.075127"><ele>44.2</ele></rtept><rtept lat="28.844752" lon="121.075162"><ele>44.0</ele></rtept><rtept lat="28.844767" lon="121.075197"><ele>44.0</ele></rtept><rtept lat="28.84478" lon="121.075232"><ele>43.8</ele></rtept><rtept lat="28.844792" lon="121.075267"><ele>43.8</ele></rtept><rtept lat="28.844807" lon="121.0753"><ele>43.8</ele></rtept><rtept lat="28.84482" lon="121.075333"><ele>43.8</ele></rtept><rtept lat="28.844832" lon="121.075372"><ele>43.8</ele></rtept><rtept lat="28.84485" lon="121.075407"><ele>43.8</ele></rtept><rtept lat="28.844862" lon="121.07544"><ele>43.8</ele></rtept><rtept lat="28.844877" lon="121.075472"><ele>43.8</ele></rtept><rtept lat="28.844895" lon="121.075507"><ele>43.6</ele></rtept><rtept lat="28.844907" lon="121.075537"><ele>43.4</ele></rtept><rtept lat="28.844922" lon="121.075575"><ele>43.2</ele></rtept><rtept lat="28.844937" lon="121.075607"><ele>43.0</ele></rtept><rtept lat="28.844955" lon="121.075642"><ele>43.0</ele></rtept><rtept lat="28.84497" lon="121.075675"><ele>43.0</ele></rtept><rtept lat="28.844987" lon="121.075707"><ele>43.0</ele></rtept><rtept lat="28.845002" lon="121.075737"><ele>43.0</ele></rtept><rtept lat="28.845022" lon="121.07577"><ele>42.8</ele></rtept><rtept lat="28.845042" lon="121.075802"><ele>42.8</ele></rtept><rtept lat="28.845057" lon="121.075832"><ele>42.8</ele></rtept><rtept lat="28.845077" lon="121.075867"><ele>42.4</ele></rtept><rtept lat="28.845092" lon="121.075895"><ele>42.4</ele></rtept><rtept lat="28.845112" lon="121.075927"><ele>42.4</ele></rtept><rtept lat="28.845127" lon="121.075957"><ele>42.2</ele></rtept><rtept lat="28.845147" lon="121.075987"><ele>42.0</ele></rtept><rtept lat="28.845165" lon="121.07602"><ele>42.0</ele></rtept><rtept lat="28.845177" lon="121.07605"><ele>42.2</ele></rtept><rtept lat="28.845195" lon="121.076077"><ele>42.2</ele></rtept><rtept lat="28.845215" lon="121.076105"><ele>42.0</ele></rtept><rtept lat="28.845235" lon="121.076132"><ele>42.0</ele></rtept><rtept lat="28.845257" lon="121.076162"><ele>42.0</ele></rtept><rtept lat="28.845277" lon="121.076192"><ele>42.0</ele></rtept><rtept lat="28.8453" lon="121.07622"><ele>41.8</ele></rtept><rtept lat="28.845322" lon="121.076245"><ele>41.2</ele></rtept><rtept lat="28.845347" lon="121.07627"><ele>41.2</ele></rtept><rtept lat="28.845372" lon="121.076297"><ele>41.2</ele></rtept><rtept lat="28.845397" lon="121.076322"><ele>41.2</ele></rtept><rtept lat="28.845422" lon="121.076347"><ele>41.2</ele></rtept><rtept lat="28.845452" lon="121.07637"><ele>41.0</ele></rtept><rtept lat="28.845477" lon="121.076392"><ele>40.8</ele></rtept><rtept lat="28.845502" lon="121.076417"><ele>40.8</ele></rtept><rtept lat="28.84553" lon="121.076437"><ele>40.8</ele></rtept><rtept lat="28.845557" lon="121.076457"><ele>40.8</ele></rtept><rtept lat="28.845582" lon="121.076482"><ele>40.6</ele></rtept><rtept lat="28.845612" lon="121.0765"><ele>40.4</ele></rtept><rtept lat="28.845637" lon="121.076522"><ele>40.4</ele></rtept><rtept lat="28.845667" lon="121.076542"><ele>40.2</ele></rtept><rtept lat="28.845692" lon="121.076565"><ele>40.2</ele></rtept><rtept lat="28.845717" lon="121.076582"><ele>40.2</ele></rtept><rtept lat="28.845747" lon="121.076602"><ele>40.2</ele></rtept><rtept lat="28.845775" lon="121.076622"><ele>40.2</ele></rtept><rtept lat="28.845802" lon="121.07664"><ele>40.2</ele></rtept><rtept lat="28.845827" lon="121.076657"><ele>40.0</ele></rtept><rtept lat="28.845857" lon="121.076672"><ele>40.0</ele></rtept><rtept lat="28.845885" lon="121.076687"><ele>39.8</ele></rtept><rtept lat="28.845912" lon="121.076702"><ele>39.8</ele></rtept><rtept lat="28.84594" lon="121.076717"><ele>39.6</ele></rtept><rtept lat="28.845965" lon="121.076735"><ele>39.6</ele></rtept><rtept lat="28.845992" lon="121.07675"><ele>39.6</ele></rtept><rtept lat="28.846022" lon="121.076767"><ele>39.6</ele></rtept><rtept lat="28.846047" lon="121.076782"><ele>39.4</ele></rtept><rtept lat="28.846075" lon="121.076797"><ele>39.2</ele></rtept><rtept lat="28.846105" lon="121.076812"><ele>39.2</ele></rtept><rtept lat="28.846135" lon="121.076827"><ele>39.2</ele></rtept><rtept lat="28.846167" lon="121.076845"><ele>39.2</ele></rtept><rtept lat="28.846195" lon="121.076862"><ele>39.4</ele></rtept><rtept lat="28.846227" lon="121.076877"><ele>39.4</ele></rtept><rtept lat="28.846257" lon="121.076892"><ele>39.2</ele></rtept><rtept lat="28.84629" lon="121.076912"><ele>39.2</ele></rtept><rtept lat="28.84632" lon="121.076927"><ele>39.0</ele></rtept><rtept lat="28.846347" lon="121.076947"><ele>39.0</ele></rtept><rtept lat="28.846377" lon="121.076962"><ele>39.0</ele></rtept><rtept lat="28.846407" lon="121.076982"><ele>39.0</ele></rtept><rtept lat="28.846435" lon="121.077002"><ele>39.0</ele></rtept><rtept lat="28.846465" lon="121.07702"><ele>39.0</ele></rtept><rtept lat="28.846495" lon="121.077037"><ele>38.8</ele></rtept><rtept lat="28.846527" lon="121.077052"><ele>38.8</ele></rtept><rtept lat="28.846553" lon="121.077067"><ele>38.8</ele></rtept><rtept lat="28.846587" lon="121.077082"><ele>38.8</ele></rtept><rtept lat="28.84662" lon="121.077102"><ele>38.8</ele></rtept><rtept lat="28.846652" lon="121.077117"><ele>38.6</ele></rtept><rtept lat="28.84668" lon="121.077135"><ele>38.6</ele></rtept><rtept lat="28.846707" lon="121.07715"><ele>38.6</ele></rtept><rtept lat="28.846737" lon="121.077167"><ele>38.6</ele></rtept><rtept lat="28.846765" lon="121.077187"><ele>38.6</ele></rtept><rtept lat="28.846792" lon="121.077202"><ele>37.8</ele></rtept><rtept lat="28.846825" lon="121.077217"><ele>37.6</ele></rtept><rtept lat="28.846852" lon="121.077232"><ele>37.6</ele></rtept><rtept lat="28.846882" lon="121.07725"><ele>38.2</ele></rtept><rtept lat="28.846912" lon="121.077267"><ele>38.2</ele></rtept><rtept lat="28.84694" lon="121.077287"><ele>37.6</ele></rtept><rtept lat="28.846965" lon="121.077303"><ele>37.6</ele></rtept><rtept lat="28.846995" lon="121.077327"><ele>37.8</ele></rtept><rtept lat="28.847025" lon="121.077347"><ele>37.6</ele></rtept><rtept lat="28.847055" lon="121.077365"><ele>37.6</ele></rtept><rtept lat="28.847085" lon="121.077387"><ele>37.6</ele></rtept><rtept lat="28.847112" lon="121.077412"><ele>37.6</ele></rtept><rtept lat="28.84714" lon="121.077435"><ele>37.6</ele></rtept><rtept lat="28.847165" lon="121.077457"><ele>37.8</ele></rtept><rtept lat="28.847192" lon="121.077485"><ele>38.4</ele></rtept><rtept lat="28.847215" lon="121.077507"><ele>38.4</ele></rtept><rtept lat="28.847242" lon="121.077535"><ele>37.4</ele></rtept><rtept lat="28.847267" lon="121.077562"><ele>37.4</ele></rtept><rtept lat="28.847292" lon="121.077587"><ele>37.4</ele></rtept><rtept lat="28.847317" lon="121.077612"><ele>37.2</ele></rtept><rtept lat="28.847345" lon="121.077632"><ele>36.8</ele></rtept><rtept lat="28.847372" lon="121.077655"><ele>36.6</ele></rtept><rtept lat="28.847402" lon="121.077672"><ele>36.6</ele></rtept><rtept lat="28.847432" lon="121.077697"><ele>36.2</ele></rtept><rtept lat="28.847457" lon="121.077717"><ele>36.2</ele></rtept><rtept lat="28.847487" lon="121.077745"><ele>36.2</ele></rtept><rtept lat="28.847512" lon="121.077772"><ele>36.2</ele></rtept><rtept lat="28.847538" lon="121.077795"><ele>36.2</ele></rtept><rtept lat="28.847567" lon="121.07782"><ele>36.2</ele></rtept><rtept lat="28.847597" lon="121.077845"><ele>36.2</ele></rtept><rtept lat="28.847625" lon="121.07787"><ele>36.2</ele></rtept><rtept lat="28.847652" lon="121.077895"><ele>36.0</ele></rtept><rtept lat="28.84768" lon="121.077922"><ele>36.0</ele></rtept><rtept lat="28.847707" lon="121.07795"><ele>36.0</ele></rtept><rtept lat="28.847732" lon="121.077975"><ele>36.0</ele></rtept><rtept lat="28.847757" lon="121.078"><ele>36.2</ele></rtept><rtept lat="28.847787" lon="121.078022"><ele>36.4</ele></rtept><rtept lat="28.847817" lon="121.078042"><ele>36.4</ele></rtept><rtept lat="28.847847" lon="121.078062"><ele>36.0</ele></rtept><rtept lat="28.847877" lon="121.078085"><ele>35.8</ele></rtept><rtept lat="28.847907" lon="121.078107"><ele>35.8</ele></rtept><rtept lat="28.847937" lon="121.078127"><ele>35.8</ele></rtept><rtept lat="28.847967" lon="121.078147"><ele>35.8</ele></rtept><rtept lat="28.848" lon="121.078167"><ele>35.6</ele></rtept><rtept lat="28.84803" lon="121.078187"><ele>35.6</ele></rtept><rtept lat="28.848062" lon="121.078203"><ele>35.6</ele></rtept><rtept lat="28.848092" lon="121.078225"><ele>35.6</ele></rtept><rtept lat="28.848122" lon="121.078242"><ele>35.6</ele></rtept><rtept lat="28.848152" lon="121.07826"><ele>35.2</ele></rtept><rtept lat="28.848182" lon="121.07828"><ele>35.2</ele></rtept><rtept lat="28.848212" lon="121.078297"><ele>35.4</ele></rtept><rtept lat="28.848242" lon="121.078315"><ele>35.4</ele></rtept><rtept lat="28.848272" lon="121.07833"><ele>35.4</ele></rtept><rtept lat="28.848302" lon="121.078347"><ele>35.2</ele></rtept><rtept lat="28.84833" lon="121.078362"><ele>35.2</ele></rtept><rtept lat="28.848362" lon="121.078377"><ele>35.2</ele></rtept><rtept lat="28.848392" lon="121.07839"><ele>35.2</ele></rtept><rtept lat="28.848422" lon="121.078407"><ele>35.2</ele></rtept><rtept lat="28.848452" lon="121.078417"><ele>35.2</ele></rtept><rtept lat="28.848485" lon="121.07843"><ele>35.2</ele></rtept><rtept lat="28.848517" lon="121.078442"><ele>35.0</ele></rtept><rtept lat="28.84855" lon="121.07845"><ele>35.0</ele></rtept><rtept lat="28.848582" lon="121.078462"><ele>35.0</ele></rtept><rtept lat="28.848615" lon="121.07847"><ele>34.8</ele></rtept><rtept lat="28.848647" lon="121.078477"><ele>34.6</ele></rtept><rtept lat="28.848682" lon="121.078482"><ele>34.6</ele></rtept><rtept lat="28.848713" lon="121.078487"><ele>34.6</ele></rtept><rtept lat="28.848747" lon="121.078492"><ele>34.8</ele></rtept><rtept lat="28.848777" lon="121.078505"><ele>35.0</ele></rtept><rtept lat="28.84881" lon="121.078513"><ele>35.0</ele></rtept><rtept lat="28.848842" lon="121.078527"><ele>34.6</ele></rtept><rtept lat="28.848872" lon="121.078535"><ele>34.2</ele></rtept><rtept lat="28.848907" lon="121.078545"><ele>34.0</ele></rtept><rtept lat="28.848938" lon="121.078557"><ele>34.0</ele></rtept><rtept lat="28.848977" lon="121.078567"><ele>34.0</ele></rtept><rtept lat="28.84901" lon="121.078577"><ele>34.0</ele></rtept><rtept lat="28.849045" lon="121.07859"><ele>33.8</ele></rtept><rtept lat="28.849077" lon="121.078602"><ele>33.8</ele></rtept><rtept lat="28.849112" lon="121.078612"><ele>34.2</ele></rtept><rtept lat="28.849147" lon="121.078625"><ele>34.2</ele></rtept><rtept lat="28.84918" lon="121.078632"><ele>34.4</ele></rtept><rtept lat="28.849215" lon="121.078642"><ele>34.4</ele></rtept><rtept lat="28.849247" lon="121.078647"><ele>34.0</ele></rtept><rtept lat="28.849282" lon="121.078652"><ele>34.0</ele></rtept><rtept lat="28.849317" lon="121.078662"><ele>34.0</ele></rtept><rtept lat="28.84935" lon="121.078672"><ele>33.8</ele></rtept><rtept lat="28.849382" lon="121.078677"><ele>33.8</ele></rtept><rtept lat="28.84942" lon="121.07869"><ele>33.8</ele></rtept><rtept lat="28.849452" lon="121.078695"><ele>33.8</ele></rtept><rtept lat="28.849485" lon="121.0787"><ele>33.8</ele></rtept><rtept lat="28.849515" lon="121.078705"><ele>33.6</ele></rtept><rtept lat="28.849547" lon="121.078712"><ele>33.6</ele></rtept><rtept lat="28.849582" lon="121.078717"><ele>33.4</ele></rtept><rtept lat="28.849615" lon="121.078722"><ele>33.4</ele></rtept><rtept lat="28.849647" lon="121.078727"><ele>33.8</ele></rtept><rtept lat="28.849677" lon="121.078732"><ele>33.8</ele></rtept><rtept lat="28.849712" lon="121.078738"><ele>33.8</ele></rtept><rtept lat="28.849742" lon="121.078745"><ele>33.6</ele></rtept><rtept lat="28.849775" lon="121.078757"><ele>33.4</ele></rtept><rtept lat="28.849805" lon="121.078767"><ele>33.2</ele></rtept><rtept lat="28.849837" lon="121.07878"><ele>33.2</ele></rtept><rtept lat="28.849865" lon="121.07879"><ele>33.0</ele></rtept><rtept lat="28.849897" lon="121.078802"><ele>33.0</ele></rtept><rtept lat="28.849927" lon="121.078812"><ele>33.0</ele></rtept><rtept lat="28.84996" lon="121.078827"><ele>32.8</ele></rtept><rtept lat="28.849992" lon="121.07884"><ele>32.6</ele></rtept><rtept lat="28.850022" lon="121.078855"><ele>32.4</ele></rtept><rtept lat="28.850052" lon="121.078867"><ele>32.6</ele></rtept><rtept lat="28.850085" lon="121.07888"><ele>32.8</ele></rtept><rtept lat="28.85012" lon="121.078892"><ele>32.8</ele></rtept><rtept lat="28.850152" lon="121.078902"><ele>32.6</ele></rtept><rtept lat="28.850187" lon="121.078915"><ele>32.2</ele></rtept><rtept lat="28.850217" lon="121.078922"><ele>32.2</ele></rtept><rtept lat="28.850247" lon="121.078935"><ele>32.2</ele></rtept><rtept lat="28.850277" lon="121.078945"><ele>32.2</ele></rtept><rtept lat="28.850312" lon="121.078957"><ele>32.0</ele></rtept><rtept lat="28.850345" lon="121.078967"><ele>31.8</ele></rtept><rtept lat="28.850377" lon="121.078977"><ele>31.8</ele></rtept><rtept lat="28.850407" lon="121.078992"><ele>31.6</ele></rtept><rtept lat="28.850437" lon="121.079005"><ele>31.6</ele></rtept><rtept lat="28.850467" lon="121.079017"><ele>31.8</ele></rtept><rtept lat="28.850497" lon="121.079027"><ele>32.0</ele></rtept><rtept lat="28.850525" lon="121.079037"><ele>32.0</ele></rtept><rtept lat="28.850557" lon="121.079047"><ele>31.6</ele></rtept><rtept lat="28.850587" lon="121.079062"><ele>31.6</ele></rtept><rtept lat="28.850617" lon="121.079077"><ele>31.6</ele></rtept><rtept lat="28.85065" lon="121.079087"><ele>31.6</ele></rtept><rtept lat="28.850682" lon="121.079097"><ele>31.6</ele></rtept><rtept lat="28.850715" lon="121.079102"><ele>31.4</ele></rtept><rtept lat="28.850745" lon="121.079112"><ele>31.4</ele></rtept><rtept lat="28.850777" lon="121.079122"><ele>31.4</ele></rtept><rtept lat="28.850812" lon="121.079137"><ele>31.4</ele></rtept><rtept lat="28.850842" lon="121.079152"><ele>31.4</ele></rtept><rtept lat="28.850873" lon="121.079162"><ele>31.4</ele></rtept><rtept lat="28.850907" lon="121.079172"><ele>31.2</ele></rtept><rtept lat="28.85094" lon="121.079182"><ele>31.2</ele></rtept><rtept lat="28.850967" lon="121.079192"><ele>31.2</ele></rtept><rtept lat="28.850997" lon="121.079202"><ele>31.2</ele></rtept><rtept lat="28.851025" lon="121.079212"><ele>31.2</ele></rtept><rtept lat="28.851055" lon="121.07922"><ele>31.2</ele></rtept><rtept lat="28.851082" lon="121.079227"><ele>31.0</ele></rtept><rtept lat="28.851112" lon="121.079237"><ele>31.0</ele></rtept><rtept lat="28.85114" lon="121.079247"><ele>30.8</ele></rtept><rtept lat="28.851167" lon="121.079255"><ele>30.8</ele></rtept><rtept lat="28.851195" lon="121.079262"><ele>30.6</ele></rtept><rtept lat="28.851225" lon="121.079267"><ele>30.6</ele></rtept><rtept lat="28.851253" lon="121.079277"><ele>30.6</ele></rtept><rtept lat="28.851287" lon="121.079292"><ele>30.6</ele></rtept><rtept lat="28.851312" lon="121.079302"><ele>30.8</ele></rtept><rtept lat="28.851342" lon="121.079315"><ele>30.8</ele></rtept><rtept lat="28.851372" lon="121.079322"><ele>30.8</ele></rtept><rtept lat="28.851407" lon="121.079332"><ele>30.6</ele></rtept><rtept lat="28.85144" lon="121.079337"><ele>30.6</ele></rtept><rtept lat="28.851472" lon="121.079352"><ele>30.6</ele></rtept><rtept lat="28.851502" lon="121.079362"><ele>30.6</ele></rtept><rtept lat="28.851532" lon="121.079372"><ele>30.6</ele></rtept><rtept lat="28.851562" lon="121.079387"><ele>30.6</ele></rtept><rtept lat="28.851592" lon="121.079397"><ele>30.2</ele></rtept><rtept lat="28.851622" lon="121.079407"><ele>30.0</ele></rtept><rtept lat="28.851652" lon="121.07942"><ele>30.0</ele></rtept><rtept lat="28.851682" lon="121.079427"><ele>30.4</ele></rtept><rtept lat="28.851712" lon="121.079437"><ele>30.4</ele></rtept><rtept lat="28.851742" lon="121.07945"><ele>30.4</ele></rtept><rtept lat="28.851775" lon="121.07946"><ele>30.4</ele></rtept><rtept lat="28.851807" lon="121.079472"><ele>30.4</ele></rtept><rtept lat="28.85184" lon="121.079477"><ele>30.4</ele></rtept><rtept lat="28.85187" lon="121.079492"><ele>30.0</ele></rtept><rtept lat="28.851902" lon="121.079498"><ele>30.0</ele></rtept><rtept lat="28.851932" lon="121.079512"><ele>29.8</ele></rtept><rtept lat="28.851962" lon="121.07952"><ele>29.8</ele></rtept><rtept lat="28.851992" lon="121.07953"><ele>30.0</ele></rtept><rtept lat="28.852022" lon="121.079537"><ele>30.0</ele></rtept><rtept lat="28.852052" lon="121.079552"><ele>30.0</ele></rtept><rtept lat="28.852082" lon="121.079562"><ele>30.0</ele></rtept><rtept lat="28.852117" lon="121.079575"><ele>29.8</ele></rtept><rtept lat="28.852147" lon="121.079583"><ele>29.8</ele></rtept><rtept lat="28.852182" lon="121.079597"><ele>29.6</ele></rtept><rtept lat="28.852215" lon="121.079605"><ele>29.2</ele></rtept><rtept lat="28.852247" lon="121.079617"><ele>29.2</ele></rtept><rtept lat="28.852277" lon="121.07963"><ele>29.2</ele></rtept><rtept lat="28.852312" lon="121.079642"><ele>29.2</ele></rtept><rtept lat="28.852342" lon="121.079657"><ele>29.2</ele></rtept><rtept lat="28.852375" lon="121.079668"><ele>29.2</ele></rtept><rtept lat="28.852402" lon="121.079682"><ele>29.2</ele></rtept><rtept lat="28.852432" lon="121.079697"><ele>29.2</ele></rtept><rtept lat="28.852462" lon="121.079712"><ele>29.2</ele></rtept><rtept lat="28.852492" lon="121.079723"><ele>29.2</ele></rtept><rtept lat="28.85252" lon="121.07974"><ele>29.2</ele></rtept><rtept lat="28.852547" lon="121.079752"><ele>29.0</ele></rtept><rtept lat="28.852577" lon="121.079762"><ele>29.0</ele></rtept><rtept lat="28.852607" lon="121.07977"><ele>28.8</ele></rtept><rtept lat="28.852632" lon="121.079777"><ele>28.4</ele></rtept><rtept lat="28.852662" lon="121.079787"><ele>28.4</ele></rtept><rtept lat="28.852688" lon="121.079802"><ele>28.4</ele></rtept><rtept lat="28.852717" lon="121.079812"><ele>28.4</ele></rtept><rtept lat="28.852747" lon="121.079825"><ele>28.4</ele></rtept><rtept lat="28.852777" lon="121.079837"><ele>28.4</ele></rtept><rtept lat="28.852805" lon="121.07985"><ele>28.2</ele></rtept><rtept lat="28.852835" lon="121.079862"><ele>27.6</ele></rtept><rtept lat="28.852865" lon="121.079877"><ele>27.6</ele></rtept><rtept lat="28.852897" lon="121.079893"><ele>28.0</ele></rtept><rtept lat="28.852927" lon="121.07991"><ele>28.2</ele></rtept><rtept lat="28.85296" lon="121.079922"><ele>28.4</ele></rtept><rtept lat="28.85299" lon="121.079935"><ele>28.4</ele></rtept><rtept lat="28.853022" lon="121.079952"><ele>28.4</ele></rtept><rtept lat="28.853052" lon="121.079962"><ele>28.4</ele></rtept><rtept lat="28.853082" lon="121.079977"><ele>28.4</ele></rtept><rtept lat="28.853112" lon="121.079992"><ele>28.8</ele></rtept><rtept lat="28.853145" lon="121.080007"><ele>28.8</ele></rtept><rtept lat="28.853175" lon="121.080022"><ele>28.0</ele></rtept><rtept lat="28.853207" lon="121.080042"><ele>28.0</ele></rtept><rtept lat="28.853242" lon="121.080057"><ele>28.0</ele></rtept><rtept lat="28.853275" lon="121.080075"><ele>28.0</ele></rtept><rtept lat="28.853305" lon="121.080087"><ele>28.0</ele></rtept><rtept lat="28.853337" lon="121.080107"><ele>27.6</ele></rtept><rtept lat="28.853372" lon="121.080122"><ele>27.6</ele></rtept><rtept lat="28.853402" lon="121.08014"><ele>27.6</ele></rtept><rtept lat="28.853432" lon="121.080155"><ele>27.6</ele></rtept><rtept lat="28.853462" lon="121.080172"><ele>27.2</ele></rtept><rtept lat="28.853497" lon="121.080187"><ele>27.2</ele></rtept><rtept lat="28.853527" lon="121.080207"><ele>27.2</ele></rtept><rtept lat="28.853555" lon="121.080222"><ele>27.2</ele></rtept><rtept lat="28.853585" lon="121.080237"><ele>27.2</ele></rtept><rtept lat="28.85361" lon="121.080252"><ele>27.4</ele></rtept><rtept lat="28.853632" lon="121.080267"><ele>27.8</ele></rtept><rtept lat="28.853657" lon="121.080282"><ele>27.8</ele></rtept><rtept lat="28.853682" lon="121.080297"><ele>27.8</ele></rtept><rtept lat="28.853705" lon="121.080312"><ele>27.8</ele></rtept><rtept lat="28.85373" lon="121.080335"><ele>28.0</ele></rtept><rtept lat="28.853755" lon="121.080355"><ele>28.0</ele></rtept><rtept lat="28.853782" lon="121.080367"><ele>28.0</ele></rtept><rtept lat="28.85381" lon="121.080375"><ele>28.4</ele></rtept><rtept lat="28.853832" lon="121.080387"><ele>28.2</ele></rtept><rtept lat="28.853847" lon="121.080402"><ele>27.8</ele></rtept><rtept lat="28.853867" lon="121.080415"><ele>27.8</ele></rtept><rtept lat="28.853895" lon="121.08043"><ele>27.8</ele></rtept><rtept lat="28.853922" lon="121.080445"><ele>28.0</ele></rtept><rtept lat="28.853947" lon="121.080462"><ele>28.2</ele></rtept><rtept lat="28.853975" lon="121.080477"><ele>28.2</ele></rtept><rtept lat="28.854002" lon="121.080495"><ele>28.0</ele></rtept><rtept lat="28.85403" lon="121.080515"><ele>27.6</ele></rtept><rtept lat="28.854053" lon="121.080537"><ele>27.6</ele></rtept><rtept lat="28.85408" lon="121.08056"><ele>27.6</ele></rtept><rtept lat="28.854105" lon="121.080577"><ele>27.6</ele></rtept><rtept lat="28.85413" lon="121.0806"><ele>27.6</ele></rtept><rtept lat="28.854157" lon="121.080617"><ele>27.6</ele></rtept><rtept lat="28.854182" lon="121.08064"><ele>27.6</ele></rtept><rtept lat="28.854208" lon="121.080657"><ele>27.6</ele></rtept><rtept lat="28.854232" lon="121.080675"><ele>27.4</ele></rtept><rtept lat="28.854257" lon="121.080692"><ele>27.2</ele></rtept><rtept lat="28.854278" lon="121.080708"><ele>27.2</ele></rtept><rtept lat="28.854302" lon="121.080727"><ele>27.4</ele></rtept><rtept lat="28.854327" lon="121.080747"><ele>27.6</ele></rtept><rtept lat="28.85435" lon="121.080767"><ele>27.8</ele></rtept><rtept lat="28.854372" lon="121.080782"><ele>27.8</ele></rtept><rtept lat="28.854397" lon="121.080802"><ele>27.4</ele></rtept><rtept lat="28.854422" lon="121.080817"><ele>27.2</ele></rtept><rtept lat="28.854447" lon="121.080837"><ele>27.2</ele></rtept><rtept lat="28.854472" lon="121.080857"><ele>27.2</ele></rtept><rtept lat="28.854497" lon="121.080877"><ele>27.0</ele></rtept><rtept lat="28.854522" lon="121.080897"><ele>27.0</ele></rtept><rtept lat="28.85455" lon="121.080917"><ele>26.8</ele></rtept><rtept lat="28.854575" lon="121.080932"><ele>26.8</ele></rtept><rtept lat="28.8546" lon="121.080957"><ele>27.0</ele></rtept><rtept lat="28.854627" lon="121.080977"><ele>27.0</ele></rtept><rtept lat="28.854655" lon="121.081002"><ele>27.0</ele></rtept><rtept lat="28.854682" lon="121.081022"><ele>27.0</ele></rtept><rtept lat="28.854707" lon="121.081047"><ele>26.8</ele></rtept><rtept lat="28.854732" lon="121.081067"><ele>26.8</ele></rtept><rtept lat="28.85476" lon="121.081092"><ele>26.6</ele></rtept><rtept lat="28.854785" lon="121.081112"><ele>26.6</ele></rtept><rtept lat="28.854812" lon="121.081137"><ele>26.6</ele></rtept><rtept lat="28.85484" lon="121.081157"><ele>26.6</ele></rtept><rtept lat="28.854867" lon="121.081182"><ele>26.6</ele></rtept><rtept lat="28.854892" lon="121.081202"><ele>26.4</ele></rtept><rtept lat="28.85492" lon="121.081225"><ele>26.2</ele></rtept><rtept lat="28.854947" lon="121.081247"><ele>26.2</ele></rtept><rtept lat="28.854975" lon="121.081272"><ele>26.4</ele></rtept><rtept lat="28.855002" lon="121.081295"><ele>26.4</ele></rtept><rtept lat="28.855032" lon="121.081317"><ele>26.4</ele></rtept><rtept lat="28.855062" lon="121.08134"><ele>26.2</ele></rtept><rtept lat="28.85509" lon="121.081362"><ele>26.0</ele></rtept><rtept lat="28.85512" lon="121.081385"><ele>26.0</ele></rtept><rtept lat="28.855147" lon="121.081405"><ele>26.2</ele></rtept><rtept lat="28.855172" lon="121.081427"><ele>26.2</ele></rtept><rtept lat="28.855197" lon="121.081447"><ele>26.2</ele></rtept><rtept lat="28.855222" lon="121.081468"><ele>26.0</ele></rtept><rtept lat="28.855247" lon="121.08149"><ele>26.0</ele></rtept><rtept lat="28.855272" lon="121.081515"><ele>26.0</ele></rtept><rtept lat="28.855295" lon="121.081532"><ele>26.4</ele></rtept><rtept lat="28.855325" lon="121.081552"><ele>27.2</ele></rtept><rtept lat="28.855352" lon="121.081565"><ele>27.2</ele></rtept><rtept lat="28.855382" lon="121.081582"><ele>26.4</ele></rtept><rtept lat="28.855412" lon="121.081597"><ele>25.8</ele></rtept><rtept lat="28.85544" lon="121.08162"><ele>25.2</ele></rtept><rtept lat="28.855467" lon="121.081638"><ele>25.2</ele></rtept><rtept lat="28.855497" lon="121.081662"><ele>25.2</ele></rtept><rtept lat="28.855525" lon="121.081677"><ele>25.2</ele></rtept><rtept lat="28.855555" lon="121.081697"><ele>25.0</ele></rtept><rtept lat="28.855582" lon="121.081715"><ele>25.2</ele></rtept><rtept lat="28.855612" lon="121.08174"><ele>25.4</ele></rtept><rtept lat="28.85564" lon="121.081762"><ele>25.4</ele></rtept><rtept lat="28.855667" lon="121.081787"><ele>24.8</ele></rtept><rtept lat="28.855692" lon="121.081807"><ele>24.8</ele></rtept><rtept lat="28.855717" lon="121.081832"><ele>24.6</ele></rtept><rtept lat="28.855747" lon="121.081852"><ele>24.4</ele></rtept><rtept lat="28.855775" lon="121.081875"><ele>24.4</ele></rtept><rtept lat="28.855798" lon="121.081895"><ele>24.4</ele></rtept><rtept lat="28.855827" lon="121.081918"><ele>24.4</ele></rtept><rtept lat="28.855852" lon="121.081942"><ele>24.6</ele></rtept><rtept lat="28.85588" lon="121.081967"><ele>24.4</ele></rtept><rtept lat="28.855907" lon="121.081992"><ele>24.6</ele></rtept><rtept lat="28.85593" lon="121.08202"><ele>24.6</ele></rtept><rtept lat="28.855955" lon="121.082042"><ele>24.8</ele></rtept><rtept lat="28.855982" lon="121.082067"><ele>24.6</ele></rtept><rtept lat="28.856007" lon="121.082088"><ele>24.8</ele></rtept><rtept lat="28.856035" lon="121.082112"><ele>24.6</ele></rtept><rtept lat="28.856062" lon="121.082132"><ele>24.4</ele></rtept><rtept lat="28.856087" lon="121.082152"><ele>24.2</ele></rtept><rtept lat="28.856112" lon="121.08217"><ele>24.2</ele></rtept><rtept lat="28.856137" lon="121.082187"><ele>24.4</ele></rtept><rtept lat="28.856162" lon="121.082212"><ele>24.4</ele></rtept><rtept lat="28.85619" lon="121.082235"><ele>23.6</ele></rtept><rtept lat="28.856217" lon="121.082257"><ele>23.6</ele></rtept><rtept lat="28.856242" lon="121.08228"><ele>23.8</ele></rtept><rtept lat="28.856267" lon="121.082302"><ele>24.0</ele></rtept><rtept lat="28.856292" lon="121.082325"><ele>24.0</ele></rtept><rtept lat="28.856317" lon="121.082352"><ele>24.0</ele></rtept><rtept lat="28.856342" lon="121.082375"><ele>24.0</ele></rtept><rtept lat="28.856368" lon="121.082402"><ele>23.8</ele></rtept><rtept lat="28.856397" lon="121.082425"><ele>23.4</ele></rtept><rtept lat="28.856422" lon="121.082447"><ele>23.4</ele></rtept><rtept lat="28.856447" lon="121.08247"><ele>23.4</ele></rtept><rtept lat="28.856472" lon="121.082492"><ele>23.4</ele></rtept><rtept lat="28.8565" lon="121.082515"><ele>23.4</ele></rtept><rtept lat="28.856527" lon="121.082538"><ele>22.8</ele></rtept><rtept lat="28.856552" lon="121.082565"><ele>22.8</ele></rtept><rtept lat="28.856582" lon="121.082587"><ele>23.0</ele></rtept><rtept lat="28.856612" lon="121.082612"><ele>23.0</ele></rtept><rtept lat="28.856642" lon="121.082635"><ele>22.6</ele></rtept><rtept lat="28.85667" lon="121.08266"><ele>22.6</ele></rtept><rtept lat="28.856697" lon="121.082682"><ele>22.6</ele></rtept><rtept lat="28.856725" lon="121.082705"><ele>22.4</ele></rtept><rtept lat="28.856752" lon="121.082727"><ele>22.4</ele></rtept><rtept lat="28.856777" lon="121.082755"><ele>22.4</ele></rtept><rtept lat="28.856807" lon="121.082777"><ele>22.2</ele></rtept><rtept lat="28.856835" lon="121.082807"><ele>22.2</ele></rtept><rtept lat="28.856862" lon="121.08283"><ele>22.2</ele></rtept><rtept lat="28.85689" lon="121.082852"><ele>22.0</ele></rtept><rtept lat="28.856912" lon="121.082872"><ele>22.2</ele></rtept><rtept lat="28.856937" lon="121.082892"><ele>22.0</ele></rtept><rtept lat="28.856962" lon="121.082912"><ele>22.0</ele></rtept><rtept lat="28.85699" lon="121.082935"><ele>21.8</ele></rtept><rtept lat="28.857017" lon="121.082955"><ele>21.8</ele></rtept><rtept lat="28.857045" lon="121.082977"><ele>21.8</ele></rtept><rtept lat="28.857072" lon="121.082997"><ele>21.8</ele></rtept><rtept lat="28.857095" lon="121.08302"><ele>22.4</ele></rtept><rtept lat="28.857117" lon="121.083037"><ele>22.4</ele></rtept><rtept lat="28.857137" lon="121.083057"><ele>22.4</ele></rtept><rtept lat="28.857157" lon="121.083077"><ele>22.4</ele></rtept><rtept lat="28.857182" lon="121.083102"><ele>22.2</ele></rtept><rtept lat="28.857205" lon="121.083122"><ele>22.2</ele></rtept><rtept lat="28.857232" lon="121.083145"><ele>22.2</ele></rtept><rtept lat="28.857262" lon="121.083167"><ele>22.2</ele></rtept><rtept lat="28.857287" lon="121.083192"><ele>22.0</ele></rtept><rtept lat="28.857317" lon="121.083217"><ele>22.2</ele></rtept><rtept lat="28.857347" lon="121.083242"><ele>22.2</ele></rtept><rtept lat="28.857377" lon="121.083267"><ele>22.0</ele></rtept><rtept lat="28.857407" lon="121.083292"><ele>22.0</ele></rtept><rtept lat="28.857437" lon="121.083317"><ele>22.0</ele></rtept><rtept lat="28.857465" lon="121.08334"><ele>21.8</ele></rtept><rtept lat="28.857492" lon="121.083365"><ele>22.0</ele></rtept><rtept lat="28.85752" lon="121.083387"><ele>22.0</ele></rtept><rtept lat="28.85755" lon="121.083412"><ele>22.0</ele></rtept><rtept lat="28.857577" lon="121.083432"><ele>21.8</ele></rtept><rtept lat="28.857607" lon="121.083457"><ele>21.8</ele></rtept><rtept lat="28.857632" lon="121.083477"><ele>21.8</ele></rtept><rtept lat="28.857662" lon="121.083495"><ele>21.8</ele></rtept><rtept lat="28.857692" lon="121.083507"><ele>21.8</ele></rtept><rtept lat="28.857722" lon="121.083522"><ele>22.0</ele></rtept><rtept lat="28.857752" lon="121.083535"><ele>22.2</ele></rtept><rtept lat="28.857782" lon="121.083547"><ele>22.2</ele></rtept><rtept lat="28.857817" lon="121.083562"><ele>22.2</ele></rtept><rtept lat="28.857847" lon="121.08358"><ele>22.2</ele></rtept><rtept lat="28.857872" lon="121.083597"><ele>22.6</ele></rtept><rtept lat="28.857902" lon="121.083607"><ele>22.6</ele></rtept><rtept lat="28.857927" lon="121.083622"><ele>22.6</ele></rtept><rtept lat="28.857957" lon="121.083637"><ele>22.8</ele></rtept><rtept lat="28.857987" lon="121.083657"><ele>22.8</ele></rtept><rtept lat="28.858017" lon="121.08368"><ele>22.4</ele></rtept><rtept lat="28.858047" lon="121.083702"><ele>22.2</ele></rtept><rtept lat="28.858077" lon="121.083727"><ele>22.2</ele></rtept><rtept lat="28.858105" lon="121.083747"><ele>22.4</ele></rtept><rtept lat="28.858135" lon="121.083762"><ele>22.4</ele></rtept><rtept lat="28.858165" lon="121.083777"><ele>22.4</ele></rtept><rtept lat="28.858197" lon="121.083795"><ele>22.6</ele></rtept><rtept lat="28.858227" lon="121.083812"><ele>22.6</ele></rtept><rtept lat="28.858255" lon="121.083832"><ele>22.6</ele></rtept><rtept lat="28.858282" lon="121.083847"><ele>22.6</ele></rtept><rtept lat="28.858312" lon="121.083862"><ele>22.4</ele></rtept><rtept lat="28.858342" lon="121.083877"><ele>22.4</ele></rtept><rtept lat="28.858372" lon="121.083888"><ele>22.4</ele></rtept><rtept lat="28.8584" lon="121.083905"><ele>22.4</ele></rtept><rtept lat="28.858425" lon="121.083925"><ele>22.0</ele></rtept><rtept lat="28.85845" lon="121.083955"><ele>22.0</ele></rtept><rtept lat="28.85847" lon="121.083985"><ele>22.4</ele></rtept><rtept lat="28.858487" lon="121.08402"><ele>22.4</ele></rtept><rtept lat="28.85851" lon="121.084055"><ele>22.2</ele></rtept><rtept lat="28.858527" lon="121.084087"><ele>22.2</ele></rtept><rtept lat="28.858545" lon="121.084117"><ele>22.4</ele></rtept><rtept lat="28.858562" lon="121.084152"><ele>22.4</ele></rtept><rtept lat="28.858577" lon="121.084187"><ele>22.4</ele></rtept><rtept lat="28.858595" lon="121.084222"><ele>22.6</ele></rtept><rtept lat="28.858612" lon="121.08426"><ele>22.6</ele></rtept><rtept lat="28.85863" lon="121.084295"><ele>22.8</ele></rtept><rtept lat="28.858647" lon="121.084332"><ele>22.6</ele></rtept><rtept lat="28.858662" lon="121.084367"><ele>22.8</ele></rtept><rtept lat="28.858677" lon="121.0844"><ele>22.6</ele></rtept><rtept lat="28.858692" lon="121.08443"><ele>22.0</ele></rtept><rtept lat="28.858707" lon="121.084465"><ele>22.0</ele></rtept><rtept lat="28.858722" lon="121.084492"><ele>22.0</ele></rtept><rtept lat="28.85874" lon="121.084527"><ele>22.2</ele></rtept><rtept lat="28.858757" lon="121.084562"><ele>22.2</ele></rtept><rtept lat="28.858775" lon="121.084593"><ele>22.0</ele></rtept><rtept lat="28.858792" lon="121.084627"><ele>22.0</ele></rtept><rtept lat="28.858807" lon="121.084657"><ele>22.0</ele></rtept><rtept lat="28.858822" lon="121.084687"><ele>22.4</ele></rtept><rtept lat="28.858837" lon="121.084717"><ele>22.0</ele></rtept><rtept lat="28.858852" lon="121.084742"><ele>21.8</ele></rtept><rtept lat="28.85887" lon="121.084782"><ele>21.8</ele></rtept><rtept lat="28.858885" lon="121.084817"><ele>21.8</ele></rtept><rtept lat="28.8589" lon="121.084855"><ele>21.6</ele></rtept><rtept lat="28.858907" lon="121.084895"><ele>21.6</ele></rtept><rtept lat="28.858905" lon="121.084927"><ele>21.6</ele></rtept><rtept lat="28.858887" lon="121.084947"><ele>21.8</ele></rtept><rtept lat="28.858862" lon="121.084958"><ele>21.8</ele></rtept><rtept lat="28.858837" lon="121.084967"><ele>21.8</ele></rtept><rtept lat="28.858807" lon="121.084962"><ele>21.6</ele></rtept><rtept lat="28.858787" lon="121.084957"><ele>21.6</ele></rtept><rtept lat="28.858772" lon="121.084945"><ele>21.6</ele></rtept><rtept lat="28.858757" lon="121.08493"><ele>21.8</ele></rtept><rtept lat="28.85874" lon="121.084905"><ele>22.4</ele></rtept><rtept lat="28.858727" lon="121.084882"><ele>22.4</ele></rtept><rtept lat="28.85871" lon="121.084865"><ele>23.0</ele></rtept><rtept lat="28.85869" lon="121.084847"><ele>24.0</ele></rtept><rtept lat="28.858667" lon="121.084832"><ele>25.0</ele></rtept><rtept lat="28.858652" lon="121.084827"><ele>25.6</ele></rtept><rtept lat="28.858632" lon="121.084815"><ele>26.4</ele></rtept><rtept lat="28.858612" lon="121.084805"><ele>27.4</ele></rtept><rtept lat="28.858595" lon="121.0848"><ele>28.4</ele></rtept><rtept lat="28.858577" lon="121.084792"><ele>29.4</ele></rtept><rtept lat="28.858555" lon="121.084795"><ele>30.4</ele></rtept><rtept lat="28.858535" lon="121.0848"><ele>31.2</ele></rtept><rtept lat="28.858517" lon="121.084797"><ele>32.2</ele></rtept><rtept lat="28.858492" lon="121.084792"><ele>33.0</ele></rtept><rtept lat="28.858475" lon="121.084792"><ele>33.4</ele></rtept><rtept lat="28.85844" lon="121.084792"><ele>33.8</ele></rtept><rtept lat="28.85842" lon="121.084792"><ele>33.6</ele></rtept><rtept lat="28.8584" lon="121.084787"><ele>33.6</ele></rtept><rtept lat="28.858373" lon="121.084782"><ele>33.2</ele></rtept><rtept lat="28.858355" lon="121.084785"><ele>33.6</ele></rtept><rtept lat="28.85833" lon="121.084785"><ele>34.6</ele></rtept><rtept lat="28.858302" lon="121.084777"><ele>35.4</ele></rtept><rtept lat="28.858282" lon="121.084765"><ele>36.4</ele></rtept><rtept lat="28.858262" lon="121.084757"><ele>37.2</ele></rtept><rtept lat="28.858245" lon="121.084745"><ele>38.2</ele></rtept><rtept lat="28.858222" lon="121.084732"><ele>39.2</ele></rtept><rtept lat="28.858202" lon="121.084727"><ele>39.6</ele></rtept><rtept lat="28.858182" lon="121.084727"><ele>39.6</ele></rtept><rtept lat="28.858167" lon="121.084712"><ele>41.2</ele></rtept><rtept lat="28.858147" lon="121.084705"><ele>41.8</ele></rtept><rtept lat="28.858135" lon="121.084692"><ele>42.6</ele></rtept><rtept lat="28.858122" lon="121.084687"><ele>44.2</ele></rtept><rtept lat="28.858105" lon="121.084707"><ele>44.6</ele></rtept><rtept lat="28.858095" lon="121.084715"><ele>47.0</ele></rtept><rtept lat="28.858077" lon="121.084702"><ele>48.0</ele></rtept><rtept lat="28.858057" lon="121.08468"><ele>48.8</ele></rtept><rtept lat="28.858047" lon="121.084657"><ele>48.8</ele></rtept><rtept lat="28.858032" lon="121.084647"><ele>51.0</ele></rtept><rtept lat="28.858022" lon="121.084625"><ele>51.8</ele></rtept><rtept lat="28.858005" lon="121.08461"><ele>53.0</ele></rtept><rtept lat="28.857993" lon="121.084592"><ele>53.8</ele></rtept><rtept lat="28.857975" lon="121.084597"><ele>55.0</ele></rtept><rtept lat="28.857955" lon="121.084597"><ele>55.6</ele></rtept><rtept lat="28.857937" lon="121.084602"><ele>56.2</ele></rtept><rtept lat="28.857922" lon="121.08459"><ele>57.0</ele></rtept><rtept lat="28.857915" lon="121.084572"><ele>57.6</ele></rtept><rtept lat="28.857902" lon="121.084557"><ele>58.8</ele></rtept><rtept lat="28.857882" lon="121.084547"><ele>59.2</ele></rtept><rtept lat="28.857865" lon="121.084535"><ele>60.0</ele></rtept><rtept lat="28.857842" lon="121.084532"><ele>60.2</ele></rtept><rtept lat="28.857835" lon="121.084542"><ele>61.6</ele></rtept><rtept lat="28.857837" lon="121.08457"><ele>62.6</ele></rtept><rtept lat="28.857827" lon="121.084597"><ele>63.0</ele></rtept><rtept lat="28.857812" lon="121.084607"><ele>64.0</ele></rtept><rtept lat="28.857797" lon="121.084602"><ele>65.8</ele></rtept><rtept lat="28.857777" lon="121.084612"><ele>67.0</ele></rtept><rtept lat="28.857757" lon="121.08462"><ele>67.6</ele></rtept><rtept lat="28.857732" lon="121.084627"><ele>68.6</ele></rtept><rtept lat="28.857712" lon="121.084637"><ele>69.6</ele></rtept><rtept lat="28.85769" lon="121.084645"><ele>70.0</ele></rtept><rtept lat="28.857667" lon="121.084647"><ele>71.0</ele></rtept><rtept lat="28.85765" lon="121.084647"><ele>71.8</ele></rtept><rtept lat="28.85763" lon="121.084652"><ele>72.6</ele></rtept><rtept lat="28.857602" lon="121.084645"><ele>73.0</ele></rtept><rtept lat="28.857582" lon="121.084647"><ele>74.2</ele></rtept><rtept lat="28.857567" lon="121.084632"><ele>74.4</ele></rtept><rtept lat="28.857555" lon="121.08462"><ele>75.4</ele></rtept><rtept lat="28.857542" lon="121.084597"><ele>76.4</ele></rtept><rtept lat="28.85753" lon="121.084582"><ele>76.6</ele></rtept><rtept lat="28.857515" lon="121.084567"><ele>77.6</ele></rtept><rtept lat="28.8575" lon="121.084552"><ele>78.0</ele></rtept><rtept lat="28.857485" lon="121.084535"><ele>78.6</ele></rtept><rtept lat="28.857467" lon="121.084525"><ele>79.0</ele></rtept><rtept lat="28.857447" lon="121.084507"><ele>79.2</ele></rtept><rtept lat="28.857422" lon="121.084497"><ele>79.8</ele></rtept><rtept lat="28.857392" lon="121.084492"><ele>80.8</ele></rtept><rtept lat="28.857367" lon="121.08449"><ele>80.8</ele></rtept><rtept lat="28.85735" lon="121.08449"><ele>81.2</ele></rtept><rtept lat="28.857332" lon="121.084487"><ele>81.8</ele></rtept><rtept lat="28.857307" lon="121.08448"><ele>82.4</ele></rtept><rtept lat="28.857287" lon="121.084472"><ele>83.0</ele></rtept><rtept lat="28.85727" lon="121.084472"><ele>83.6</ele></rtept><rtept lat="28.857242" lon="121.084467"><ele>83.8</ele></rtept><rtept lat="28.857212" lon="121.084467"><ele>84.6</ele></rtept><rtept lat="28.857187" lon="121.084462"><ele>84.8</ele></rtept><rtept lat="28.857163" lon="121.084457"><ele>85.2</ele></rtept><rtept lat="28.857142" lon="121.084447"><ele>86.0</ele></rtept><rtept lat="28.857117" lon="121.084437"><ele>86.6</ele></rtept><rtept lat="28.857092" lon="121.084432"><ele>87.2</ele></rtept><rtept lat="28.857072" lon="121.084432"><ele>87.8</ele></rtept><rtept lat="28.857052" lon="121.084423"><ele>88.8</ele></rtept><rtept lat="28.857032" lon="121.08442"><ele>89.4</ele></rtept><rtept lat="28.857012" lon="121.084427"><ele>89.8</ele></rtept><rtept lat="28.856992" lon="121.084437"><ele>90.6</ele></rtept><rtept lat="28.856967" lon="121.084452"><ele>91.2</ele></rtept><rtept lat="28.856937" lon="121.084457"><ele>91.8</ele></rtept><rtept lat="28.856905" lon="121.084452"><ele>92.2</ele></rtept><rtept lat="28.85688" lon="121.084447"><ele>92.6</ele></rtept><rtept lat="28.85686" lon="121.084445"><ele>93.2</ele></rtept><rtept lat="28.856842" lon="121.084437"><ele>93.8</ele></rtept><rtept lat="28.856827" lon="121.084415"><ele>94.8</ele></rtept><rtept lat="28.856822" lon="121.084392"><ele>95.4</ele></rtept><rtept lat="28.856817" lon="121.084367"><ele>96.4</ele></rtept><rtept lat="28.856802" lon="121.084362"><ele>98.0</ele></rtept><rtept lat="28.85678" lon="121.084362"><ele>98.0</ele></rtept><rtept lat="28.856762" lon="121.084352"><ele>98.2</ele></rtept><rtept lat="28.856735" lon="121.084342"><ele>99.8</ele></rtept><rtept lat="28.85672" lon="121.084322"><ele>100.4</ele></rtept><rtept lat="28.856697" lon="121.084297"><ele>101.0</ele></rtept><rtept lat="28.856682" lon="121.08429"><ele>101.8</ele></rtept><rtept lat="28.85666" lon="121.084283"><ele>102.8</ele></rtept><rtept lat="28.856637" lon="121.084283"><ele>103.2</ele></rtept><rtept lat="28.856617" lon="121.08427"><ele>103.8</ele></rtept><rtept lat="28.8566" lon="121.084262"><ele>105.2</ele></rtept><rtept lat="28.856582" lon="121.08425"><ele>105.4</ele></rtept><rtept lat="28.85656" lon="121.084247"><ele>106.4</ele></rtept><rtept lat="28.856542" lon="121.084262"><ele>107.0</ele></rtept><rtept lat="28.856515" lon="121.08426"><ele>107.2</ele></rtept><rtept lat="28.856487" lon="121.084255"><ele>107.8</ele></rtept><rtept lat="28.856462" lon="121.084247"><ele>108.4</ele></rtept><rtept lat="28.856438" lon="121.084232"><ele>108.4</ele></rtept><rtept lat="28.856417" lon="121.084212"><ele>109.0</ele></rtept><rtept lat="28.856395" lon="121.084202"><ele>109.2</ele></rtept><rtept lat="28.856372" lon="121.084187"><ele>110.0</ele></rtept><rtept lat="28.856347" lon="121.084175"><ele>110.8</ele></rtept><rtept lat="28.856322" lon="121.084172"><ele>110.8</ele></rtept><rtept lat="28.856297" lon="121.084177"><ele>110.8</ele></rtept><rtept lat="28.856277" lon="121.084182"><ele>111.4</ele></rtept><rtept lat="28.856257" lon="121.08418"><ele>111.8</ele></rtept><rtept lat="28.856232" lon="121.084185"><ele>112.8</ele></rtept><rtept lat="28.856207" lon="121.08418"><ele>113.2</ele></rtept><rtept lat="28.856185" lon="121.084177"><ele>114.4</ele></rtept><rtept lat="28.856162" lon="121.084167"><ele>114.8</ele></rtept><rtept lat="28.856142" lon="121.08417"><ele>115.4</ele></rtept><rtept lat="28.856122" lon="121.084177"><ele>116.0</ele></rtept><rtept lat="28.856102" lon="121.084185"><ele>116.2</ele></rtept><rtept lat="28.85608" lon="121.084195"><ele>117.2</ele></rtept><rtept lat="28.85606" lon="121.084198"><ele>118.2</ele></rtept><rtept lat="28.85604" lon="121.084207"><ele>118.4</ele></rtept><rtept lat="28.856017" lon="121.084202"><ele>119.2</ele></rtept><rtept lat="28.855997" lon="121.084197"><ele>119.8</ele></rtept><rtept lat="28.85598" lon="121.084197"><ele>121.0</ele></rtept><rtept lat="28.855957" lon="121.084195"><ele>122.0</ele></rtept><rtept lat="28.855937" lon="121.084197"><ele>122.6</ele></rtept><rtept lat="28.855922" lon="121.084207"><ele>124.4</ele></rtept><rtept lat="28.8559" lon="121.084222"><ele>125.0</ele></rtept><rtept lat="28.855877" lon="121.084232"><ele>126.0</ele></rtept><rtept lat="28.85586" lon="121.08424"><ele>127.0</ele></rtept><rtept lat="28.855837" lon="121.084255"><ele>127.8</ele></rtept><rtept lat="28.855815" lon="121.084257"><ele>128.2</ele></rtept><rtept lat="28.855798" lon="121.08426"><ele>129.2</ele></rtept><rtept lat="28.855782" lon="121.084267"><ele>130.2</ele></rtept><rtept lat="28.85576" lon="121.084272"><ele>131.0</ele></rtept><rtept lat="28.855742" lon="121.084275"><ele>131.8</ele></rtept><rtept lat="28.855717" lon="121.084277"><ele>132.6</ele></rtept><rtept lat="28.855692" lon="121.08429"><ele>133.4</ele></rtept><rtept lat="28.85567" lon="121.084302"><ele>134.2</ele></rtept><rtept lat="28.855647" lon="121.084307"><ele>135.0</ele></rtept><rtept lat="28.855627" lon="121.084312"><ele>135.8</ele></rtept><rtept lat="28.855612" lon="121.084317"><ele>136.6</ele></rtept><rtept lat="28.855595" lon="121.084317"><ele>138.0</ele></rtept><rtept lat="28.855575" lon="121.084327"><ele>138.8</ele></rtept><rtept lat="28.855557" lon="121.084337"><ele>139.6</ele></rtept><rtept lat="28.855537" lon="121.084347"><ele>140.2</ele></rtept><rtept lat="28.855517" lon="121.084342"><ele>141.2</ele></rtept><rtept lat="28.855497" lon="121.084342"><ele>143.0</ele></rtept><rtept lat="28.855475" lon="121.084335"><ele>142.8</ele></rtept><rtept lat="28.855457" lon="121.084325"><ele>143.6</ele></rtept><rtept lat="28.85544" lon="121.084317"><ele>144.2</ele></rtept><rtept lat="28.855417" lon="121.084315"><ele>145.0</ele></rtept><rtept lat="28.855402" lon="121.084312"><ele>146.0</ele></rtept><rtept lat="28.85538" lon="121.084315"><ele>146.8</ele></rtept><rtept lat="28.85536" lon="121.084317"><ele>147.2</ele></rtept><rtept lat="28.855345" lon="121.084322"><ele>148.6</ele></rtept><rtept lat="28.855327" lon="121.084317"><ele>149.0</ele></rtept><rtept lat="28.85531" lon="121.08432"><ele>150.2</ele></rtept><rtept lat="28.85529" lon="121.084327"><ele>150.4</ele></rtept><rtept lat="28.85526" lon="121.084345"><ele>150.8</ele></rtept><rtept lat="28.855245" lon="121.084362"><ele>151.0</ele></rtept><rtept lat="28.855232" lon="121.084377"><ele>151.2</ele></rtept><rtept lat="28.855212" lon="121.084407"><ele>151.2</ele></rtept><rtept lat="28.855202" lon="121.08443"><ele>151.2</ele></rtept><rtept lat="28.85519" lon="121.08446"><ele>151.2</ele></rtept><rtept lat="28.855182" lon="121.084485"><ele>151.2</ele></rtept><rtept lat="28.855177" lon="121.084507"><ele>151.2</ele></rtept><rtept lat="28.855172" lon="121.08454"><ele>151.6</ele></rtept><rtept lat="28.85516" lon="121.08457"><ele>151.6</ele></rtept><rtept lat="28.855142" lon="121.084597"><ele>151.0</ele></rtept><rtept lat="28.855132" lon="121.084625"><ele>150.6</ele></rtept><rtept lat="28.855122" lon="121.084652"><ele>150.6</ele></rtept><rtept lat="28.85511" lon="121.084677"><ele>150.4</ele></rtept><rtept lat="28.855102" lon="121.084695"><ele>149.8</ele></rtept><rtept lat="28.855095" lon="121.084715"><ele>149.4</ele></rtept><rtept lat="28.855092" lon="121.08475"><ele>148.6</ele></rtept><rtept lat="28.855087" lon="121.084782"><ele>148.6</ele></rtept><rtept lat="28.85508" lon="121.084817"><ele>149.0</ele></rtept><rtept lat="28.855075" lon="121.084855"><ele>149.2</ele></rtept><rtept lat="28.855062" lon="121.084892"><ele>149.6</ele></rtept><rtept lat="28.855055" lon="121.084912"><ele>150.0</ele></rtept><rtept lat="28.855027" lon="121.084942"><ele>150.6</ele></rtept><rtept lat="28.855012" lon="121.084957"><ele>150.6</ele></rtept><rtept lat="28.854997" lon="121.084972"><ele>151.0</ele></rtept><rtept lat="28.85498" lon="121.084992"><ele>151.8</ele></rtept><rtept lat="28.854962" lon="121.085027"><ele>152.0</ele></rtept><rtept lat="28.854937" lon="121.085055"><ele>152.8</ele></rtept><rtept lat="28.854917" lon="121.08508"><ele>153.0</ele></rtept><rtept lat="28.854907" lon="121.085105"><ele>153.8</ele></rtept><rtept lat="28.854895" lon="121.085132"><ele>154.6</ele></rtept><rtept lat="28.854867" lon="121.085142"><ele>155.6</ele></rtept><rtept lat="28.854847" lon="121.08517"><ele>156.2</ele></rtept><rtept lat="28.854827" lon="121.0852"><ele>156.4</ele></rtept><rtept lat="28.854805" lon="121.085217"><ele>156.8</ele></rtept><rtept lat="28.854785" lon="121.08523"><ele>157.4</ele></rtept><rtept lat="28.854767" lon="121.085245"><ele>157.4</ele></rtept><rtept lat="28.854747" lon="121.085262"><ele>157.4</ele></rtept><rtept lat="28.854732" lon="121.085277"><ele>157.0</ele></rtept><rtept lat="28.854717" lon="121.085295"><ele>157.0</ele></rtept><rtept lat="28.854707" lon="121.08532"><ele>157.0</ele></rtept><rtept lat="28.854705" lon="121.085342"><ele>156.8</ele></rtept><rtept lat="28.854695" lon="121.085362"><ele>157.0</ele></rtept><rtept lat="28.854687" lon="121.085385"><ele>157.0</ele></rtept><rtept lat="28.854675" lon="121.085402"><ele>157.2</ele></rtept><rtept lat="28.854662" lon="121.085422"><ele>157.8</ele></rtept><rtept lat="28.854652" lon="121.085442"><ele>157.8</ele></rtept><rtept lat="28.854642" lon="121.085462"><ele>157.6</ele></rtept><rtept lat="28.854632" lon="121.08548"><ele>157.6</ele></rtept><rtept lat="28.85462" lon="121.0855"><ele>157.6</ele></rtept><rtept lat="28.854607" lon="121.085517"><ele>157.6</ele></rtept><rtept lat="28.854595" lon="121.085532"><ele>158.0</ele></rtept><rtept lat="28.854577" lon="121.085547"><ele>158.0</ele></rtept><rtept lat="28.854562" lon="121.085557"><ele>158.4</ele></rtept><rtept lat="28.854547" lon="121.085572"><ele>158.6</ele></rtept><rtept lat="28.85452" lon="121.085597"><ele>158.8</ele></rtept><rtept lat="28.854502" lon="121.085612"><ele>159.2</ele></rtept><rtept lat="28.854487" lon="121.085622"><ele>159.4</ele></rtept><rtept lat="28.854467" lon="121.085632"><ele>159.6</ele></rtept><rtept lat="28.854447" lon="121.08564"><ele>159.8</ele></rtept><rtept lat="28.854427" lon="121.085647"><ele>160.4</ele></rtept><rtept lat="28.854407" lon="121.085652"><ele>160.6</ele></rtept><rtept lat="28.854387" lon="121.085662"><ele>160.8</ele></rtept><rtept lat="28.854362" lon="121.085667"><ele>160.8</ele></rtept><rtept lat="28.854345" lon="121.085675"><ele>160.6</ele></rtept><rtept lat="28.854322" lon="121.08568"><ele>160.6</ele></rtept><rtept lat="28.854307" lon="121.085687"><ele>160.8</ele></rtept><rtept lat="28.854275" lon="121.085707"><ele>161.4</ele></rtept><rtept lat="28.854247" lon="121.085732"><ele>161.8</ele></rtept><rtept lat="28.854222" lon="121.085752"><ele>162.2</ele></rtept><rtept lat="28.854202" lon="121.085765"><ele>162.4</ele></rtept><rtept lat="28.854182" lon="121.085772"><ele>163.4</ele></rtept><rtept lat="28.854157" lon="121.085782"><ele>163.4</ele></rtept><rtept lat="28.854132" lon="121.0858"><ele>163.4</ele></rtept><rtept lat="28.854105" lon="121.085817"><ele>163.4</ele></rtept><rtept lat="28.854075" lon="121.085832"><ele>162.8</ele></rtept><rtept lat="28.854047" lon="121.085842"><ele>162.6</ele></rtept><rtept lat="28.854017" lon="121.085847"><ele>162.6</ele></rtept><rtept lat="28.853992" lon="121.085858"><ele>162.2</ele></rtept><rtept lat="28.853967" lon="121.085867"><ele>162.2</ele></rtept><rtept lat="28.853942" lon="121.085872"><ele>162.2</ele></rtept><rtept lat="28.85392" lon="121.085875"><ele>162.2</ele></rtept><rtept lat="28.85389" lon="121.085875"><ele>162.4</ele></rtept><rtept lat="28.853862" lon="121.085872"><ele>162.4</ele></rtept><rtept lat="28.853832" lon="121.085867"><ele>162.2</ele></rtept><rtept lat="28.853805" lon="121.085857"><ele>162.2</ele></rtept><rtept lat="28.853782" lon="121.085858"><ele>162.4</ele></rtept><rtept lat="28.853757" lon="121.085867"><ele>162.6</ele></rtept><rtept lat="28.853732" lon="121.08588"><ele>162.6</ele></rtept><rtept lat="28.85371" lon="121.085887"><ele>162.2</ele></rtept><rtept lat="28.85369" lon="121.085897"><ele>161.6</ele></rtept><rtept lat="28.853667" lon="121.085905"><ele>161.6</ele></rtept><rtept lat="28.853647" lon="121.085907"><ele>162.0</ele></rtept><rtept lat="28.85362" lon="121.085907"><ele>162.6</ele></rtept><rtept lat="28.853595" lon="121.085907"><ele>163.4</ele></rtept><rtept lat="28.853572" lon="121.085907"><ele>163.4</ele></rtept><rtept lat="28.853555" lon="121.085912"><ele>163.0</ele></rtept><rtept lat="28.853537" lon="121.085907"><ele>162.8</ele></rtept><rtept lat="28.853517" lon="121.085905"><ele>162.8</ele></rtept><rtept lat="28.853497" lon="121.085905"><ele>163.2</ele></rtept><rtept lat="28.853477" lon="121.08591"><ele>163.6</ele></rtept><rtept lat="28.853455" lon="121.085917"><ele>164.2</ele></rtept><rtept lat="28.853427" lon="121.085932"><ele>164.2</ele></rtept><rtept lat="28.853407" lon="121.085957"><ele>163.8</ele></rtept><rtept lat="28.853385" lon="121.085982"><ele>163.4</ele></rtept><rtept lat="28.853362" lon="121.086012"><ele>162.8</ele></rtept><rtept lat="28.853337" lon="121.086042"><ele>162.6</ele></rtept><rtept lat="28.853312" lon="121.08606"><ele>162.4</ele></rtept><rtept lat="28.853287" lon="121.086072"><ele>161.8</ele></rtept><rtept lat="28.853262" lon="121.086077"><ele>161.8</ele></rtept><rtept lat="28.853237" lon="121.086082"><ele>161.8</ele></rtept><rtept lat="28.853205" lon="121.086082"><ele>161.8</ele></rtept><rtept lat="28.853172" lon="121.086082"><ele>161.6</ele></rtept><rtept lat="28.853145" lon="121.086082"><ele>161.2</ele></rtept><rtept lat="28.853122" lon="121.086082"><ele>160.2</ele></rtept><rtept lat="28.853097" lon="121.086075"><ele>159.8</ele></rtept><rtept lat="28.853068" lon="121.086062"><ele>159.8</ele></rtept><rtept lat="28.853047" lon="121.086052"><ele>160.0</ele></rtept><rtept lat="28.853022" lon="121.086045"><ele>160.2</ele></rtept><rtept lat="28.853002" lon="121.086037"><ele>160.2</ele></rtept><rtept lat="28.852982" lon="121.086032"><ele>160.2</ele></rtept><rtept lat="28.852962" lon="121.086032"><ele>160.2</ele></rtept><rtept lat="28.852942" lon="121.086028"><ele>160.6</ele></rtept><rtept lat="28.852922" lon="121.086027"><ele>161.0</ele></rtept><rtept lat="28.852902" lon="121.086032"><ele>161.2</ele></rtept><rtept lat="28.852882" lon="121.086037"><ele>161.6</ele></rtept><rtept lat="28.852862" lon="121.086042"><ele>161.6</ele></rtept><rtept lat="28.852822" lon="121.08605"><ele>161.4</ele></rtept><rtept lat="28.852797" lon="121.086052"><ele>161.4</ele></rtept><rtept lat="28.852777" lon="121.086067"><ele>162.6</ele></rtept><rtept lat="28.852752" lon="121.086085"><ele>163.4</ele></rtept><rtept lat="28.852727" lon="121.086092"><ele>164.4</ele></rtept><rtept lat="28.852702" lon="121.086107"><ele>165.4</ele></rtept><rtept lat="28.852682" lon="121.086132"><ele>166.0</ele></rtept><rtept lat="28.85267" lon="121.086145"><ele>166.6</ele></rtept><rtept lat="28.852637" lon="121.086167"><ele>167.2</ele></rtept><rtept lat="28.852615" lon="121.086172"><ele>167.6</ele></rtept><rtept lat="28.852597" lon="121.086182"><ele>167.8</ele></rtept><rtept lat="28.852582" lon="121.086197"><ele>168.0</ele></rtept><rtept lat="28.852567" lon="121.086212"><ele>168.0</ele></rtept><rtept lat="28.852552" lon="121.086227"><ele>168.2</ele></rtept><rtept lat="28.852537" lon="121.086247"><ele>168.8</ele></rtept><rtept lat="28.852527" lon="121.086267"><ele>169.0</ele></rtept><rtept lat="28.852517" lon="121.086285"><ele>169.0</ele></rtept><rtept lat="28.852507" lon="121.0863"><ele>169.8</ele></rtept><rtept lat="28.852487" lon="121.08633"><ele>170.0</ele></rtept><rtept lat="28.852475" lon="121.086352"><ele>170.0</ele></rtept><rtept lat="28.852463" lon="121.086372"><ele>170.2</ele></rtept><rtept lat="28.85245" lon="121.086385"><ele>170.6</ele></rtept><rtept lat="28.852432" lon="121.086402"><ele>170.6</ele></rtept><rtept lat="28.852415" lon="121.086415"><ele>171.0</ele></rtept><rtept lat="28.852397" lon="121.086427"><ele>171.0</ele></rtept><rtept lat="28.85238" lon="121.086442"><ele>171.2</ele></rtept><rtept lat="28.852357" lon="121.086455"><ele>171.2</ele></rtept><rtept lat="28.852337" lon="121.086472"><ele>171.6</ele></rtept><rtept lat="28.852322" lon="121.086482"><ele>171.6</ele></rtept><rtept lat="28.852307" lon="121.086495"><ele>171.6</ele></rtept><rtept lat="28.852272" lon="121.086512"><ele>172.0</ele></rtept><rtept lat="28.852252" lon="121.08652"><ele>172.2</ele></rtept><rtept lat="28.852237" lon="121.086532"><ele>172.6</ele></rtept><rtept lat="28.852222" lon="121.086547"><ele>172.6</ele></rtept><rtept lat="28.852205" lon="121.08658"><ele>173.2</ele></rtept><rtept lat="28.852177" lon="121.086607"><ele>174.0</ele></rtept><rtept lat="28.852162" lon="121.086627"><ele>174.2</ele></rtept><rtept lat="28.852147" lon="121.08664"><ele>174.2</ele></rtept><rtept lat="28.852157" lon="121.086677"><ele>174.0</ele></rtept><rtept lat="28.852172" lon="121.086697"><ele>174.0</ele></rtept><rtept lat="28.85218" lon="121.08672"><ele>173.2</ele></rtept><rtept lat="28.85219" lon="121.086742"><ele>172.4</ele></rtept><rtept lat="28.852197" lon="121.086767"><ele>172.0</ele></rtept><rtept lat="28.85221" lon="121.086797"><ele>171.2</ele></rtept><rtept lat="28.852225" lon="121.086822"><ele>170.0</ele></rtept><rtept lat="28.852238" lon="121.086847"><ele>169.2</ele></rtept><rtept lat="28.852242" lon="121.086872"><ele>167.6</ele></rtept><rtept lat="28.852225" lon="121.086895"><ele>165.4</ele></rtept><rtept lat="28.852207" lon="121.0869"><ele>164.6</ele></rtept><rtept lat="28.852187" lon="121.086932"><ele>162.6</ele></rtept><rtept lat="28.85218" lon="121.086967"><ele>162.6</ele></rtept><rtept lat="28.852167" lon="121.086992"><ele>161.2</ele></rtept><rtept lat="28.85215" lon="121.087017"><ele>160.0</ele></rtept><rtept lat="28.852122" lon="121.087045"><ele>159.0</ele></rtept><rtept lat="28.852092" lon="121.087067"><ele>157.8</ele></rtept><rtept lat="28.852055" lon="121.087092"><ele>156.6</ele></rtept><rtept lat="28.852025" lon="121.087112"><ele>155.6</ele></rtept><rtept lat="28.851995" lon="121.087137"><ele>154.6</ele></rtept><rtept lat="28.851967" lon="121.087157"><ele>153.4</ele></rtept><rtept lat="28.851947" lon="121.08717"><ele>152.8</ele></rtept><rtept lat="28.85194" lon="121.087187"><ele>151.6</ele></rtept><rtept lat="28.851952" lon="121.087222"><ele>150.0</ele></rtept><rtept lat="28.851947" lon="121.087242"><ele>149.0</ele></rtept><rtept lat="28.851947" lon="121.087267"><ele>147.4</ele></rtept><rtept lat="28.85194" lon="121.0873"><ele>146.2</ele></rtept><rtept lat="28.851925" lon="121.087322"><ele>144.8</ele></rtept><rtept lat="28.851915" lon="121.087352"><ele>144.0</ele></rtept><rtept lat="28.85191" lon="121.087387"><ele>143.0</ele></rtept><rtept lat="28.8519" lon="121.087417"><ele>141.4</ele></rtept><rtept lat="28.851887" lon="121.087437"><ele>140.4</ele></rtept><rtept lat="28.851882" lon="121.087463"><ele>138.6</ele></rtept><rtept lat="28.851875" lon="121.08749"><ele>137.8</ele></rtept><rtept lat="28.851872" lon="121.087507"><ele>136.4</ele></rtept><rtept lat="28.851875" lon="121.08753"><ele>135.6</ele></rtept><rtept lat="28.851882" lon="121.08756"><ele>134.4</ele></rtept><rtept lat="28.851887" lon="121.087597"><ele>132.8</ele></rtept><rtept lat="28.851882" lon="121.087632"><ele>132.0</ele></rtept><rtept lat="28.851882" lon="121.087652"><ele>131.8</ele></rtept><rtept lat="28.851882" lon="121.08768"><ele>130.8</ele></rtept><rtept lat="28.851885" lon="121.087707"><ele>130.8</ele></rtept><rtept lat="28.85188" lon="121.08775"><ele>129.0</ele></rtept><rtept lat="28.851872" lon="121.087787"><ele>128.0</ele></rtept><rtept lat="28.851862" lon="121.087822"><ele>127.6</ele></rtept><rtept lat="28.85185" lon="121.087852"><ele>126.4</ele></rtept><rtept lat="28.851837" lon="121.087882"><ele>125.6</ele></rtept><rtept lat="28.851822" lon="121.08792"><ele>124.4</ele></rtept><rtept lat="28.851805" lon="121.087952"><ele>123.2</ele></rtept><rtept lat="28.851787" lon="121.087987"><ele>121.4</ele></rtept><rtept lat="28.85178" lon="121.088025"><ele>120.4</ele></rtept><rtept lat="28.851767" lon="121.088057"><ele>119.2</ele></rtept><rtept lat="28.851747" lon="121.088085"><ele>118.0</ele></rtept><rtept lat="28.851732" lon="121.088105"><ele>117.2</ele></rtept><rtept lat="28.851717" lon="121.088132"><ele>116.6</ele></rtept><rtept lat="28.851707" lon="121.088157"><ele>115.4</ele></rtept><rtept lat="28.851702" lon="121.088195"><ele>114.2</ele></rtept><rtept lat="28.851697" lon="121.088227"><ele>113.4</ele></rtept><rtept lat="28.851687" lon="121.088262"><ele>112.0</ele></rtept><rtept lat="28.851677" lon="121.088297"><ele>111.2</ele></rtept><rtept lat="28.851672" lon="121.088342"><ele>109.8</ele></rtept><rtept lat="28.851662" lon="121.088377"><ele>109.6</ele></rtept><rtept lat="28.851657" lon="121.088417"><ele>108.6</ele></rtept><rtept lat="28.851645" lon="121.08846"><ele>107.8</ele></rtept><rtept lat="28.851627" lon="121.088505"><ele>107.6</ele></rtept><rtept lat="28.851617" lon="121.088547"><ele>106.4</ele></rtept><rtept lat="28.851607" lon="121.088572"><ele>105.6</ele></rtept><rtept lat="28.851602" lon="121.088607"><ele>103.6</ele></rtept><rtept lat="28.851602" lon="121.088642"><ele>102.6</ele></rtept><rtept lat="28.851602" lon="121.088687"><ele>102.6</ele></rtept><rtept lat="28.851597" lon="121.08873"><ele>100.8</ele></rtept><rtept lat="28.851582" lon="121.08877"><ele>100.8</ele></rtept><rtept lat="28.851572" lon="121.08881"><ele>99.6</ele></rtept><rtept lat="28.851562" lon="121.088847"><ele>99.6</ele></rtept><rtept lat="28.85156" lon="121.088877"><ele>98.4</ele></rtept><rtept lat="28.851557" lon="121.088922"><ele>97.4</ele></rtept><rtept lat="28.851547" lon="121.088977"><ele>97.2</ele></rtept><rtept lat="28.851522" lon="121.089022"><ele>96.4</ele></rtept><rtept lat="28.851497" lon="121.089055"><ele>95.4</ele></rtept><rtept lat="28.851465" lon="121.089082"><ele>93.6</ele></rtept><rtept lat="28.851432" lon="121.089117"><ele>93.2</ele></rtept><rtept lat="28.851402" lon="121.089142"><ele>93.2</ele></rtept><rtept lat="28.851375" lon="121.089162"><ele>92.4</ele></rtept><rtept lat="28.85135" lon="121.089185"><ele>92.2</ele></rtept><rtept lat="28.851317" lon="121.089212"><ele>92.2</ele></rtept><rtept lat="28.851295" lon="121.089237"><ele>91.8</ele></rtept><rtept lat="28.85127" lon="121.089262"><ele>90.6</ele></rtept><rtept lat="28.851245" lon="121.089292"><ele>89.2</ele></rtept><rtept lat="28.851222" lon="121.089317"><ele>88.4</ele></rtept><rtept lat="28.851197" lon="121.089347"><ele>87.6</ele></rtept><rtept lat="28.851172" lon="121.089377"><ele>86.4</ele></rtept><rtept lat="28.851145" lon="121.089402"><ele>85.2</ele></rtept><rtept lat="28.851115" lon="121.089433"><ele>84.2</ele></rtept><rtept lat="28.851077" lon="121.089467"><ele>82.8</ele></rtept><rtept lat="28.851047" lon="121.089502"><ele>81.6</ele></rtept><rtept lat="28.851025" lon="121.089532"><ele>80.2</ele></rtept><rtept lat="28.851002" lon="121.089565"><ele>78.6</ele></rtept><rtept lat="28.85099" lon="121.089592"><ele>77.8</ele></rtept><rtept lat="28.850967" lon="121.089622"><ele>77.8</ele></rtept><rtept lat="28.850942" lon="121.089655"><ele>77.0</ele></rtept><rtept lat="28.850915" lon="121.089687"><ele>75.6</ele></rtept><rtept lat="28.850895" lon="121.089717"><ele>75.6</ele></rtept><rtept lat="28.850872" lon="121.089743"><ele>74.0</ele></rtept><rtept lat="28.850852" lon="121.089772"><ele>73.4</ele></rtept><rtept lat="28.850832" lon="121.089797"><ele>73.0</ele></rtept><rtept lat="28.850817" lon="121.089827"><ele>72.6</ele></rtept><rtept lat="28.850797" lon="121.089857"><ele>71.6</ele></rtept><rtept lat="28.850777" lon="121.089882"><ele>71.2</ele></rtept><rtept lat="28.850757" lon="121.089907"><ele>70.6</ele></rtept><rtept lat="28.850742" lon="121.089935"><ele>69.4</ele></rtept><rtept lat="28.850717" lon="121.08996"><ele>69.4</ele></rtept><rtept lat="28.850702" lon="121.089985"><ele>69.4</ele></rtept><rtept lat="28.850682" lon="121.090007"><ele>69.4</ele></rtept><rtept lat="28.85066" lon="121.090035"><ele>69.2</ele></rtept><rtept lat="28.850627" lon="121.090057"><ele>68.8</ele></rtept><rtept lat="28.850597" lon="121.09008"><ele>68.4</ele></rtept><rtept lat="28.850562" lon="121.090102"><ele>67.8</ele></rtept><rtept lat="28.850535" lon="121.090132"><ele>66.8</ele></rtept><rtept lat="28.850505" lon="121.09016"><ele>66.0</ele></rtept><rtept lat="28.850472" lon="121.090182"><ele>65.4</ele></rtept><rtept lat="28.850442" lon="121.090202"><ele>64.2</ele></rtept><rtept lat="28.850417" lon="121.090212"><ele>63.4</ele></rtept><rtept lat="28.850407" lon="121.090237"><ele>62.4</ele></rtept><rtept lat="28.850425" lon="121.090255"><ele>62.2</ele></rtept><rtept lat="28.850442" lon="121.090272"><ele>61.4</ele></rtept><rtept lat="28.850462" lon="121.090287"><ele>60.6</ele></rtept><rtept lat="28.850475" lon="121.090307"><ele>59.8</ele></rtept><rtept lat="28.85048" lon="121.090327"><ele>59.8</ele></rtept><rtept lat="28.850475" lon="121.090352"><ele>60.0</ele></rtept><rtept lat="28.850467" lon="121.090375"><ele>60.2</ele></rtept><rtept lat="28.850455" lon="121.090392"><ele>60.2</ele></rtept><rtept lat="28.850447" lon="121.090412"><ele>60.8</ele></rtept><rtept lat="28.850427" lon="121.090457"><ele>61.6</ele></rtept><rtept lat="28.85042" lon="121.090487"><ele>62.4</ele></rtept><rtept lat="28.850402" lon="121.090522"><ele>62.4</ele></rtept><rtept lat="28.850385" lon="121.090552"><ele>62.4</ele></rtept><rtept lat="28.85037" lon="121.090582"><ele>62.4</ele></rtept><rtept lat="28.85036" lon="121.090612"><ele>62.4</ele></rtept><rtept lat="28.850352" lon="121.09064"><ele>62.0</ele></rtept><rtept lat="28.850345" lon="121.090667"><ele>62.0</ele></rtept><rtept lat="28.850342" lon="121.090697"><ele>62.0</ele></rtept><rtept lat="28.850332" lon="121.090728"><ele>62.4</ele></rtept><rtept lat="28.850317" lon="121.090757"><ele>62.4</ele></rtept><rtept lat="28.850307" lon="121.090783"><ele>62.6</ele></rtept><rtept lat="28.850292" lon="121.090812"><ele>62.6</ele></rtept><rtept lat="28.850282" lon="121.090837"><ele>62.6</ele></rtept><rtept lat="28.850277" lon="121.090867"><ele>62.6</ele></rtept><rtept lat="28.850267" lon="121.090897"><ele>62.6</ele></rtept><rtept lat="28.850252" lon="121.090922"><ele>62.8</ele></rtept><rtept lat="28.850242" lon="121.090953"><ele>62.8</ele></rtept><rtept lat="28.850235" lon="121.090992"><ele>62.8</ele></rtept><rtept lat="28.850225" lon="121.091027"><ele>62.4</ele></rtept><rtept lat="28.850207" lon="121.09106"><ele>62.4</ele></rtept><rtept lat="28.850192" lon="121.091097"><ele>61.8</ele></rtept><rtept lat="28.850177" lon="121.091135"><ele>61.4</ele></rtept><rtept lat="28.85017" lon="121.091167"><ele>60.8</ele></rtept><rtept lat="28.850157" lon="121.091195"><ele>60.2</ele></rtept><rtept lat="28.850142" lon="121.091225"><ele>59.8</ele></rtept><rtept lat="28.850127" lon="121.091252"><ele>59.2</ele></rtept><rtept lat="28.850107" lon="121.091277"><ele>58.8</ele></rtept><rtept lat="28.850082" lon="121.091297"><ele>58.2</ele></rtept><rtept lat="28.850057" lon="121.091327"><ele>57.4</ele></rtept><rtept lat="28.850037" lon="121.091357"><ele>56.4</ele></rtept><rtept lat="28.850017" lon="121.091385"><ele>55.4</ele></rtept><rtept lat="28.84999" lon="121.091412"><ele>54.2</ele></rtept><rtept lat="28.849967" lon="121.091445"><ele>53.6</ele></rtept><rtept lat="28.849942" lon="121.091472"><ele>52.6</ele></rtept><rtept lat="28.84992" lon="121.091497"><ele>51.6</ele></rtept><rtept lat="28.849895" lon="121.091522"><ele>50.4</ele></rtept><rtept lat="28.849867" lon="121.091537"><ele>49.6</ele></rtept><rtept lat="28.849835" lon="121.091555"><ele>48.8</ele></rtept><rtept lat="28.849805" lon="121.091575"><ele>47.6</ele></rtept><rtept lat="28.849777" lon="121.091597"><ele>46.8</ele></rtept><rtept lat="28.849755" lon="121.091622"><ele>45.2</ele></rtept><rtept lat="28.849727" lon="121.091647"><ele>44.2</ele></rtept><rtept lat="28.849697" lon="121.09166"><ele>43.4</ele></rtept><rtept lat="28.849662" lon="121.091667"><ele>42.4</ele></rtept><rtept lat="28.84964" lon="121.09168"><ele>41.8</ele></rtept><rtept lat="28.849617" lon="121.091697"><ele>41.0</ele></rtept><rtept lat="28.849597" lon="121.091717"><ele>40.0</ele></rtept><rtept lat="28.849582" lon="121.091742"><ele>39.2</ele></rtept><rtept lat="28.849567" lon="121.091782"><ele>38.4</ele></rtept><rtept lat="28.849557" lon="121.091822"><ele>37.0</ele></rtept><rtept lat="28.849542" lon="121.091867"><ele>36.0</ele></rtept><rtept lat="28.849527" lon="121.091905"><ele>34.4</ele></rtept><rtept lat="28.849508" lon="121.091945"><ele>34.0</ele></rtept><rtept lat="28.849495" lon="121.091987"><ele>34.0</ele></rtept><rtept lat="28.84948" lon="121.092027"><ele>34.0</ele></rtept><rtept lat="28.849467" lon="121.092067"><ele>32.8</ele></rtept><rtept lat="28.84946" lon="121.092107"><ele>32.8</ele></rtept><rtept lat="28.84945" lon="121.09214"><ele>32.2</ele></rtept><rtept lat="28.849437" lon="121.09217"><ele>32.0</ele></rtept><rtept lat="28.849417" lon="121.092197"><ele>31.6</ele></rtept><rtept lat="28.849405" lon="121.092222"><ele>31.4</ele></rtept><rtept lat="28.849385" lon="121.092242"><ele>31.2</ele></rtept><rtept lat="28.84936" lon="121.092262"><ele>31.0</ele></rtept><rtept lat="28.849335" lon="121.09228"><ele>30.2</ele></rtept><rtept lat="28.849302" lon="121.092287"><ele>29.0</ele></rtept><rtept lat="28.849277" lon="121.092277"><ele>28.2</ele></rtept><rtept lat="28.849257" lon="121.092255"><ele>27.4</ele></rtept><rtept lat="28.849247" lon="121.09223"><ele>26.4</ele></rtept><rtept lat="28.849227" lon="121.092212"><ele>25.8</ele></rtept><rtept lat="28.849195" lon="121.092207"><ele>24.4</ele></rtept><rtept lat="28.849162" lon="121.092212"><ele>23.2</ele></rtept><rtept lat="28.849132" lon="121.092227"><ele>22.2</ele></rtept><rtept lat="28.849102" lon="121.092252"><ele>20.6</ele></rtept><rtept lat="28.84908" lon="121.092272"><ele>20.4</ele></rtept><rtept lat="28.849057" lon="121.092297"><ele>20.2</ele></rtept><rtept lat="28.849032" lon="121.092317"><ele>19.8</ele></rtept><rtept lat="28.849" lon="121.092335"><ele>19.6</ele></rtept><rtept lat="28.848967" lon="121.09234"><ele>19.6</ele></rtept><rtept lat="28.84893" lon="121.092337"><ele>19.2</ele></rtept><rtept lat="28.848897" lon="121.092335"><ele>19.2</ele></rtept><rtept lat="28.848862" lon="121.092337"><ele>18.6</ele></rtept><rtept lat="28.848825" lon="121.092342"><ele>18.6</ele></rtept><rtept lat="28.848797" lon="121.092355"><ele>18.6</ele></rtept><rtept lat="28.84878" lon="121.092382"><ele>18.8</ele></rtept><rtept lat="28.848762" lon="121.092412"><ele>18.8</ele></rtept><rtept lat="28.848752" lon="121.092447"><ele>18.6</ele></rtept><rtept lat="28.848737" lon="121.09248"><ele>18.6</ele></rtept><rtept lat="28.848727" lon="121.092512"><ele>18.6</ele></rtept><rtept lat="28.848712" lon="121.092542"><ele>18.6</ele></rtept><rtept lat="28.848702" lon="121.092577"><ele>18.6</ele></rtept><rtept lat="28.848695" lon="121.09261"><ele>18.6</ele></rtept><rtept lat="28.848685" lon="121.092645"><ele>18.4</ele></rtept><rtept lat="28.848672" lon="121.092677"><ele>18.2</ele></rtept><rtept lat="28.848665" lon="121.092707"><ele>17.8</ele></rtept><rtept lat="28.848655" lon="121.092737"><ele>17.4</ele></rtept><rtept lat="28.848642" lon="121.092767"><ele>17.4</ele></rtept><rtept lat="28.84863" lon="121.092802"><ele>17.4</ele></rtept><rtept lat="28.848612" lon="121.09283"><ele>17.4</ele></rtept><rtept lat="28.848585" lon="121.092845"><ele>17.4</ele></rtept><rtept lat="28.848555" lon="121.092847"><ele>17.4</ele></rtept><rtept lat="28.848522" lon="121.092845"><ele>17.4</ele></rtept><rtept lat="28.848487" lon="121.092838"><ele>17.4</ele></rtept><rtept lat="28.848455" lon="121.092832"><ele>17.4</ele></rtept><rtept lat="28.848422" lon="121.092822"><ele>17.4</ele></rtept><rtept lat="28.848392" lon="121.092812"><ele>17.4</ele></rtept><rtept lat="28.848362" lon="121.092802"><ele>17.4</ele></rtept><rtept lat="28.848333" lon="121.092792"><ele>17.4</ele></rtept><rtept lat="28.848305" lon="121.09278"><ele>17.6</ele></rtept><rtept lat="28.848275" lon="121.092772"><ele>18.0</ele></rtept><rtept lat="28.848245" lon="121.09276"><ele>18.0</ele></rtept><rtept lat="28.84822" lon="121.092742"><ele>17.6</ele></rtept><rtept lat="28.848195" lon="121.092727"><ele>17.6</ele></rtept><rtept lat="28.848167" lon="121.092712"><ele>17.6</ele></rtept><rtept lat="28.84814" lon="121.092697"><ele>17.8</ele></rtept><rtept lat="28.848112" lon="121.092685"><ele>17.8</ele></rtept><rtept lat="28.848087" lon="121.092667"><ele>17.0</ele></rtept><rtept lat="28.848062" lon="121.092652"><ele>17.0</ele></rtept><rtept lat="28.847707" lon="121.092357"><ele>17.8</ele></rtept><rtept lat="28.847687" lon="121.09235"><ele>17.4</ele></rtept><rtept lat="28.847667" lon="121.092342"><ele>17.4</ele></rtept><rtept lat="28.847645" lon="121.092342"><ele>17.4</ele></rtept><rtept lat="28.847617" lon="121.092342"><ele>17.4</ele></rtept><rtept lat="28.847595" lon="121.09234"><ele>17.4</ele></rtept><rtept lat="28.847567" lon="121.092335"><ele>17.2</ele></rtept><rtept lat="28.847542" lon="121.092335"><ele>17.2</ele></rtept><rtept lat="28.847512" lon="121.092335"><ele>17.2</ele></rtept><rtept lat="28.847487" lon="121.092332"><ele>17.4</ele></rtept><rtept lat="28.847455" lon="121.092332"><ele>17.4</ele></rtept><rtept lat="28.847427" lon="121.092332"><ele>17.4</ele></rtept><rtept lat="28.847397" lon="121.092332"><ele>17.4</ele></rtept><rtept lat="28.847372" lon="121.092327"><ele>17.4</ele></rtept><rtept lat="28.847345" lon="121.092325"><ele>17.4</ele></rtept><rtept lat="28.847317" lon="121.092325"><ele>17.4</ele></rtept><rtept lat="28.847292" lon="121.092327"><ele>17.0</ele></rtept><rtept lat="28.847265" lon="121.092327"><ele>17.0</ele></rtept><rtept lat="28.847237" lon="121.092327"><ele>17.4</ele></rtept><rtept lat="28.84721" lon="121.092327"><ele>17.4</ele></rtept><rtept lat="28.847182" lon="121.092327"><ele>17.4</ele></rtept><rtept lat="28.847157" lon="121.092332"><ele>17.2</ele></rtept><rtept lat="28.847127" lon="121.09233"><ele>17.2</ele></rtept><rtept lat="28.847102" lon="121.09233"><ele>17.2</ele></rtept><rtept lat="28.847072" lon="121.092332"><ele>16.8</ele></rtept><rtept lat="28.847042" lon="121.092335"><ele>16.8</ele></rtept><rtept lat="28.847017" lon="121.092335"><ele>16.8</ele></rtept><rtept lat="28.84699" lon="121.092332"><ele>16.8</ele></rtept><rtept lat="28.846965" lon="121.092335"><ele>16.8</ele></rtept><rtept lat="28.846937" lon="121.092335"><ele>16.8</ele></rtept><rtept lat="28.846907" lon="121.092337"><ele>16.6</ele></rtept><rtept lat="28.846877" lon="121.092337"><ele>16.6</ele></rtept><rtept lat="28.846852" lon="121.09234"><ele>17.0</ele></rtept><rtept lat="28.846825" lon="121.092337"><ele>17.0</ele></rtept><rtept lat="28.8468" lon="121.092337"><ele>16.6</ele></rtept><rtept lat="28.846772" lon="121.092337"><ele>16.6</ele></rtept><rtept lat="28.846747" lon="121.092342"><ele>16.6</ele></rtept><rtept lat="28.846717" lon="121.092345"><ele>17.0</ele></rtept><rtept lat="28.846692" lon="121.092342"><ele>17.6</ele></rtept><rtept lat="28.846662" lon="121.092342"><ele>17.6</ele></rtept><rtept lat="28.846632" lon="121.092342"><ele>16.8</ele></rtept><rtept lat="28.846602" lon="121.092342"><ele>16.8</ele></rtept><rtept lat="28.84658" lon="121.092345"><ele>16.6</ele></rtept><rtept lat="28.846552" lon="121.092342"><ele>16.6</ele></rtept><rtept lat="28.846525" lon="121.092342"><ele>16.6</ele></rtept><rtept lat="28.846495" lon="121.092342"><ele>16.6</ele></rtept><rtept lat="28.846472" lon="121.092345"><ele>16.6</ele></rtept><rtept lat="28.846442" lon="121.092342"><ele>16.6</ele></rtept><rtept lat="28.846417" lon="121.092345"><ele>16.6</ele></rtept><rtept lat="28.846387" lon="121.092342"><ele>16.6</ele></rtept><rtept lat="28.846357" lon="121.092342"><ele>16.6</ele></rtept><rtept lat="28.846328" lon="121.092342"><ele>16.6</ele></rtept><rtept lat="28.846302" lon="121.092342"><ele>16.6</ele></rtept><rtept lat="28.846272" lon="121.092342"><ele>16.6</ele></rtept><rtept lat="28.846242" lon="121.092342"><ele>16.6</ele></rtept><rtept lat="28.846208" lon="121.092342"><ele>16.6</ele></rtept><rtept lat="28.846177" lon="121.092342"><ele>16.8</ele></rtept><rtept lat="28.84615" lon="121.092342"><ele>16.6</ele></rtept><rtept lat="28.846122" lon="121.092342"><ele>16.8</ele></rtept><rtept lat="28.846095" lon="121.092342"><ele>16.8</ele></rtept><rtept lat="28.846062" lon="121.092342"><ele>16.8</ele></rtept><rtept lat="28.846032" lon="121.092342"><ele>16.8</ele></rtept><rtept lat="28.846002" lon="121.092342"><ele>17.0</ele></rtept><rtept lat="28.845977" lon="121.09235"><ele>17.0</ele></rtept><rtept lat="28.845947" lon="121.092357"><ele>17.6</ele></rtept><rtept lat="28.84592" lon="121.092362"><ele>17.6</ele></rtept><rtept lat="28.84589" lon="121.092365"><ele>17.2</ele></rtept><rtept lat="28.845862" lon="121.09237"><ele>17.2</ele></rtept><rtept lat="28.845832" lon="121.092367"><ele>17.2</ele></rtept><rtept lat="28.845802" lon="121.09237"><ele>17.2</ele></rtept><rtept lat="28.845777" lon="121.092367"><ele>17.4</ele></rtept><rtept lat="28.845747" lon="121.092362"><ele>17.4</ele></rtept><rtept lat="28.845717" lon="121.092355"><ele>17.6</ele></rtept><rtept lat="28.845692" lon="121.09235"><ele>17.4</ele></rtept><rtept lat="28.845667" lon="121.092342"><ele>17.6</ele></rtept><rtept lat="28.845637" lon="121.092342"><ele>17.6</ele></rtept><rtept lat="28.845607" lon="121.092337"><ele>17.6</ele></rtept><rtept lat="28.845575" lon="121.092332"><ele>17.6</ele></rtept><rtept lat="28.845537" lon="121.09233"><ele>17.2</ele></rtept><rtept lat="28.845502" lon="121.092325"><ele>17.0</ele></rtept><rtept lat="28.845467" lon="121.09232"><ele>16.8</ele></rtept><rtept lat="28.845432" lon="121.092315"><ele>16.8</ele></rtept><rtept lat="28.845402" lon="121.09231"><ele>16.4</ele></rtept><rtept lat="28.84537" lon="121.092307"><ele>16.4</ele></rtept><rtept lat="28.845342" lon="121.092307"><ele>16.4</ele></rtept><rtept lat="28.84531" lon="121.09231"><ele>16.4</ele></rtept><rtept lat="28.845282" lon="121.092312"><ele>16.4</ele></rtept><rtept lat="28.84525" lon="121.092317"><ele>16.4</ele></rtept><rtept lat="28.845222" lon="121.092325"><ele>16.6</ele></rtept><rtept lat="28.845192" lon="121.092335"><ele>16.6</ele></rtept><rtept lat="28.845165" lon="121.092345"><ele>16.4</ele></rtept><rtept lat="28.845135" lon="121.092352"><ele>16.4</ele></rtept><rtept lat="28.845107" lon="121.092362"><ele>16.4</ele></rtept><rtept lat="28.845075" lon="121.092372"><ele>16.6</ele></rtept><rtept lat="28.845045" lon="121.092387"><ele>16.6</ele></rtept><rtept lat="28.845012" lon="121.092397"><ele>16.6</ele></rtept><rtept lat="28.844982" lon="121.092407"><ele>16.8</ele></rtept><rtept lat="28.84495" lon="121.092417"><ele>16.8</ele></rtept><rtept lat="28.84492" lon="121.092432"><ele>16.8</ele></rtept><rtept lat="28.84489" lon="121.092445"><ele>16.4</ele></rtept><rtept lat="28.844862" lon="121.092457"><ele>16.4</ele></rtept><rtept lat="28.844837" lon="121.092477"><ele>16.6</ele></rtept><rtept lat="28.844817" lon="121.092497"><ele>16.6</ele></rtept><rtept lat="28.844802" lon="121.092527"><ele>16.2</ele></rtept><rtept lat="28.844795" lon="121.092562"><ele>16.2</ele></rtept><rtept lat="28.844787" lon="121.0926"><ele>16.0</ele></rtept><rtept lat="28.844785" lon="121.092637"><ele>16.2</ele></rtept><rtept lat="28.844782" lon="121.092677"><ele>16.2</ele></rtept><rtept lat="28.844785" lon="121.092715"><ele>16.0</ele></rtept><rtept lat="28.844785" lon="121.092747"><ele>16.0</ele></rtept><rtept lat="28.844787" lon="121.092787"><ele>16.0</ele></rtept><rtept lat="28.844787" lon="121.092822"><ele>16.2</ele></rtept><rtept lat="28.844792" lon="121.09286"><ele>16.0</ele></rtept><rtept lat="28.844792" lon="121.092895"><ele>16.0</ele></rtept><rtept lat="28.844792" lon="121.092932"><ele>16.0</ele></rtept><rtept lat="28.844792" lon="121.09297"><ele>16.0</ele></rtept><rtept lat="28.844792" lon="121.09301"><ele>16.0</ele></rtept><rtept lat="28.844797" lon="121.09305"><ele>16.0</ele></rtept><rtept lat="28.844802" lon="121.093085"><ele>16.0</ele></rtept><rtept lat="28.844805" lon="121.093122"><ele>16.0</ele></rtept><rtept lat="28.844807" lon="121.093157"><ele>16.2</ele></rtept><rtept lat="28.844808" lon="121.093192"><ele>16.2</ele></rtept><rtept lat="28.844808" lon="121.093225"><ele>16.2</ele></rtept><rtept lat="28.844807" lon="121.093257"><ele>16.2</ele></rtept><rtept lat="28.844808" lon="121.093297"><ele>16.2</ele></rtept><rtept lat="28.844808" lon="121.093332"><ele>16.0</ele></rtept><rtept lat="28.844812" lon="121.09337"><ele>16.0</ele></rtept><rtept lat="28.844812" lon="121.093405"><ele>16.0</ele></rtept><rtept lat="28.844817" lon="121.093442"><ele>16.0</ele></rtept><rtept lat="28.844822" lon="121.093482"><ele>16.0</ele></rtept><rtept lat="28.844825" lon="121.093525"><ele>16.0</ele></rtept><rtept lat="28.844827" lon="121.093562"><ele>16.0</ele></rtept><rtept lat="28.844825" lon="121.093602"><ele>15.8</ele></rtept><rtept lat="28.844822" lon="121.09364"><ele>16.0</ele></rtept><rtept lat="28.84482" lon="121.093675"><ele>16.2</ele></rtept><rtept lat="28.844817" lon="121.093712"><ele>16.4</ele></rtept><rtept lat="28.844817" lon="121.093752"><ele>16.6</ele></rtept><rtept lat="28.84482" lon="121.09379"><ele>16.6</ele></rtept><rtept lat="28.84482" lon="121.093827"><ele>16.6</ele></rtept><rtept lat="28.844822" lon="121.093862"><ele>16.6</ele></rtept><rtept lat="28.844827" lon="121.0939"><ele>16.4</ele></rtept><rtept lat="28.844832" lon="121.093937"><ele>16.4</ele></rtept><rtept lat="28.844835" lon="121.093972"><ele>16.4</ele></rtept><rtept lat="28.844837" lon="121.09401"><ele>16.4</ele></rtept><rtept lat="28.84484" lon="121.094047"><ele>16.2</ele></rtept><rtept lat="28.844845" lon="121.094077"><ele>16.2</ele></rtept><rtept lat="28.844847" lon="121.094117"><ele>16.2</ele></rtept><rtept lat="28.844852" lon="121.094152"><ele>16.6</ele></rtept><rtept lat="28.844855" lon="121.09419"><ele>16.6</ele></rtept><rtept lat="28.844855" lon="121.09423"><ele>16.6</ele></rtept><rtept lat="28.844857" lon="121.094267"><ele>16.6</ele></rtept><rtept lat="28.844855" lon="121.094305"><ele>16.8</ele></rtept><rtept lat="28.844852" lon="121.094342"><ele>16.8</ele></rtept><rtept lat="28.844852" lon="121.094377"><ele>16.8</ele></rtept><rtept lat="28.844852" lon="121.094412"><ele>16.8</ele></rtept><rtept lat="28.844852" lon="121.09445"><ele>16.8</ele></rtept><rtept lat="28.844852" lon="121.094487"><ele>17.2</ele></rtept><rtept lat="28.844857" lon="121.094522"><ele>17.2</ele></rtept><rtept lat="28.844857" lon="121.094562"><ele>17.0</ele></rtept><rtept lat="28.844862" lon="121.0946"><ele>17.0</ele></rtept><rtept lat="28.84486" lon="121.09464"><ele>16.8</ele></rtept><rtept lat="28.84486" lon="121.09468"><ele>16.6</ele></rtept><rtept lat="28.844857" lon="121.094717"><ele>16.8</ele></rtept><rtept lat="28.84485" lon="121.094752"><ele>16.8</ele></rtept><rtept lat="28.844842" lon="121.09479"><ele>17.2</ele></rtept><rtept lat="28.844837" lon="121.094825"><ele>17.2</ele></rtept><rtept lat="28.844832" lon="121.094862"><ele>17.0</ele></rtept><rtept lat="28.84483" lon="121.0949"><ele>17.0</ele></rtept><rtept lat="28.844825" lon="121.09494"><ele>17.0</ele></rtept><rtept lat="28.844808" lon="121.094977"><ele>17.0</ele></rtept><rtept lat="28.844782" lon="121.095005"><ele>17.0</ele></rtept><rtept lat="28.844747" lon="121.095017"><ele>16.8</ele></rtept><rtept lat="28.844712" lon="121.095027"><ele>16.8</ele></rtept><rtept lat="28.844677" lon="121.095032"><ele>16.6</ele></rtept><rtept lat="28.84464" lon="121.095033"><ele>16.6</ele></rtept><rtept lat="28.844605" lon="121.095037"><ele>16.8</ele></rtept><rtept lat="28.844567" lon="121.095037"><ele>17.0</ele></rtept><rtept lat="28.844532" lon="121.09504"><ele>17.0</ele></rtept><rtept lat="28.844495" lon="121.09504"><ele>16.6</ele></rtept><rtept lat="28.844462" lon="121.095037"><ele>16.6</ele></rtept><rtept lat="28.844427" lon="121.095037"><ele>16.6</ele></rtept><rtept lat="28.844392" lon="121.095037"><ele>16.6</ele></rtept><rtept lat="28.844357" lon="121.095033"><ele>16.2</ele></rtept><rtept lat="28.844322" lon="121.095033"><ele>16.0</ele></rtept><rtept lat="28.844287" lon="121.095037"><ele>16.0</ele></rtept><rtept lat="28.844252" lon="121.095037"><ele>16.2</ele></rtept><rtept lat="28.844222" lon="121.095047"><ele>16.6</ele></rtept><rtept lat="28.844192" lon="121.095065"><ele>16.6</ele></rtept><rtept lat="28.844167" lon="121.095085"><ele>16.8</ele></rtept><rtept lat="28.844145" lon="121.095112"><ele>16.8</ele></rtept><rtept lat="28.844122" lon="121.095142"><ele>16.2</ele></rtept><rtept lat="28.8441" lon="121.095172"><ele>16.2</ele></rtept><rtept lat="28.844077" lon="121.095202"><ele>16.2</ele></rtept><rtept lat="28.844052" lon="121.095232"><ele>16.2</ele></rtept><rtept lat="28.844032" lon="121.095262"><ele>16.0</ele></rtept><rtept lat="28.844005" lon="121.095292"><ele>16.0</ele></rtept><rtept lat="28.843978" lon="121.095322"><ele>15.8</ele></rtept><rtept lat="28.843957" lon="121.095352"><ele>15.8</ele></rtept><rtept lat="28.843932" lon="121.095377"><ele>15.6</ele></rtept><rtept lat="28.843907" lon="121.095402"><ele>15.6</ele></rtept><rtept lat="28.84389" lon="121.095432"><ele>15.6</ele></rtept><rtept lat="28.843877" lon="121.095467"><ele>15.8</ele></rtept><rtept lat="28.843872" lon="121.095505"><ele>15.8</ele></rtept><rtept lat="28.843867" lon="121.095545"><ele>15.8</ele></rtept><rtept lat="28.84387" lon="121.095585"><ele>15.6</ele></rtept><rtept lat="28.843867" lon="121.095627"><ele>15.4</ele></rtept><rtept lat="28.843867" lon="121.095665"><ele>15.2</ele></rtept><rtept lat="28.843867" lon="121.095702"><ele>15.2</ele></rtept><rtept lat="28.843867" lon="121.095742"><ele>15.2</ele></rtept><rtept lat="28.843867" lon="121.09578"><ele>15.2</ele></rtept><rtept lat="28.843872" lon="121.09582"><ele>15.2</ele></rtept><rtept lat="28.843872" lon="121.095862"><ele>15.2</ele></rtept><rtept lat="28.843872" lon="121.0959"><ele>15.2</ele></rtept><rtept lat="28.843875" lon="121.095937"><ele>15.2</ele></rtept><rtept lat="28.843875" lon="121.095975"><ele>15.2</ele></rtept><rtept lat="28.843877" lon="121.096015"><ele>15.4</ele></rtept><rtept lat="28.84388" lon="121.096052"><ele>15.4</ele></rtept><rtept lat="28.84388" lon="121.096092"><ele>15.4</ele></rtept><rtept lat="28.843882" lon="121.096132"><ele>15.4</ele></rtept><rtept lat="28.843882" lon="121.096172"><ele>15.2</ele></rtept><rtept lat="28.843882" lon="121.096212"><ele>15.2</ele></rtept><rtept lat="28.843885" lon="121.09625"><ele>15.4</ele></rtept><rtept lat="28.843885" lon="121.096287"><ele>15.4</ele></rtept><rtept lat="28.843887" lon="121.096327"><ele>15.4</ele></rtept><rtept lat="28.843885" lon="121.096365"><ele>15.2</ele></rtept><rtept lat="28.843887" lon="121.096402"><ele>15.4</ele></rtept><rtept lat="28.843887" lon="121.096437"><ele>15.8</ele></rtept><rtept lat="28.843887" lon="121.096475"><ele>15.8</ele></rtept><rtept lat="28.843892" lon="121.096512"><ele>15.6</ele></rtept><rtept lat="28.84389" lon="121.09655"><ele>15.6</ele></rtept><rtept lat="28.843892" lon="121.096587"><ele>15.4</ele></rtept><rtept lat="28.843892" lon="121.096625"><ele>15.4</ele></rtept><rtept lat="28.843895" lon="121.096662"><ele>15.4</ele></rtept><rtept lat="28.843895" lon="121.096702"><ele>15.6</ele></rtept><rtept lat="28.843895" lon="121.096737"><ele>15.6</ele></rtept><rtept lat="28.843892" lon="121.096777"><ele>15.6</ele></rtept><rtept lat="28.84389" lon="121.096815"><ele>15.6</ele></rtept><rtept lat="28.843887" lon="121.096855"><ele>15.6</ele></rtept><rtept lat="28.843885" lon="121.096895"><ele>15.6</ele></rtept><rtept lat="28.843882" lon="121.096935"><ele>15.6</ele></rtept><rtept lat="28.84388" lon="121.096972"><ele>15.6</ele></rtept><rtept lat="28.843877" lon="121.09701"><ele>15.6</ele></rtept><rtept lat="28.843877" lon="121.097047"><ele>15.6</ele></rtept><rtept lat="28.843877" lon="121.097085"><ele>15.6</ele></rtept><rtept lat="28.843875" lon="121.097122"><ele>15.4</ele></rtept><rtept lat="28.843877" lon="121.097157"><ele>15.4</ele></rtept><rtept lat="28.843877" lon="121.097195"><ele>15.4</ele></rtept><rtept lat="28.843877" lon="121.097227"><ele>15.4</ele></rtept><rtept lat="28.843877" lon="121.097265"><ele>15.4</ele></rtept><rtept lat="28.84387" lon="121.097297"><ele>15.4</ele></rtept><rtept lat="28.843852" lon="121.097322"><ele>15.4</ele></rtept><rtept lat="28.843832" lon="121.097347"><ele>15.4</ele></rtept><rtept lat="28.843802" lon="121.097362"><ele>15.6</ele></rtept><rtept lat="28.843772" lon="121.097375"><ele>15.6</ele></rtept><rtept lat="28.84374" lon="121.097385"><ele>15.8</ele></rtept><rtept lat="28.843707" lon="121.097392"><ele>15.8</ele></rtept><rtept lat="28.843677" lon="121.097402"><ele>15.6</ele></rtept><rtept lat="28.843647" lon="121.097412"><ele>15.6</ele></rtept><rtept lat="28.843615" lon="121.097417"><ele>15.6</ele></rtept><rtept lat="28.843582" lon="121.097422"><ele>15.4</ele></rtept><rtept lat="28.843547" lon="121.09742"><ele>15.4</ele></rtept><rtept lat="28.843517" lon="121.097422"><ele>15.4</ele></rtept><rtept lat="28.843482" lon="121.097422"><ele>15.4</ele></rtept><rtept lat="28.84345" lon="121.097422"><ele>15.2</ele></rtept><rtept lat="28.843415" lon="121.097422"><ele>15.2</ele></rtept><rtept lat="28.843385" lon="121.097422"><ele>15.2</ele></rtept><rtept lat="28.843352" lon="121.097422"><ele>15.2</ele></rtept><rtept lat="28.843317" lon="121.097425"><ele>15.0</ele></rtept><rtept lat="28.843282" lon="121.097427"><ele>15.0</ele></rtept><rtept lat="28.843247" lon="121.097427"><ele>15.0</ele></rtept><rtept lat="28.843215" lon="121.097427"><ele>15.2</ele></rtept><rtept lat="28.843182" lon="121.09743"><ele>15.2</ele></rtept><rtept lat="28.84315" lon="121.09743"><ele>15.0</ele></rtept><rtept lat="28.843117" lon="121.097432"><ele>15.0</ele></rtept><rtept lat="28.843087" lon="121.097432"><ele>15.0</ele></rtept><rtept lat="28.843052" lon="121.097437"><ele>14.8</ele></rtept><rtept lat="28.843017" lon="121.097437"><ele>14.8</ele></rtept><rtept lat="28.842985" lon="121.097437"><ele>15.0</ele></rtept><rtept lat="28.84295" lon="121.097435"><ele>15.0</ele></rtept><rtept lat="28.842917" lon="121.097435"><ele>15.0</ele></rtept><rtept lat="28.842882" lon="121.097435"><ele>14.8</ele></rtept><rtept lat="28.842847" lon="121.097437"><ele>14.8</ele></rtept><rtept lat="28.84281" lon="121.097437"><ele>15.0</ele></rtept><rtept lat="28.842772" lon="121.09744"><ele>15.0</ele></rtept><rtept lat="28.842737" lon="121.097442"><ele>15.0</ele></rtept><rtept lat="28.842702" lon="121.09744"><ele>15.2</ele></rtept><rtept lat="28.842667" lon="121.097442"><ele>15.0</ele></rtept><rtept lat="28.842635" lon="121.097442"><ele>15.0</ele></rtept><rtept lat="28.842602" lon="121.097445"><ele>15.0</ele></rtept><rtept lat="28.842567" lon="121.09745"><ele>14.8</ele></rtept><rtept lat="28.842532" lon="121.097452"><ele>14.8</ele></rtept><rtept lat="28.842497" lon="121.097457"><ele>14.6</ele></rtept><rtept lat="28.842467" lon="121.097462"><ele>14.6</ele></rtept><rtept lat="28.842432" lon="121.097462"><ele>14.6</ele></rtept><rtept lat="28.8424" lon="121.09747"><ele>14.6</ele></rtept><rtept lat="28.842365" lon="121.09748"><ele>14.4</ele></rtept><rtept lat="28.842335" lon="121.097492"><ele>14.4</ele></rtept><rtept lat="28.842305" lon="121.097507"><ele>14.4</ele></rtept><rtept lat="28.842277" lon="121.09753"><ele>14.4</ele></rtept><rtept lat="28.842257" lon="121.097552"><ele>14.6</ele></rtept><rtept lat="28.842245" lon="121.097567"><ele>14.6</ele></rtept><rtept lat="28.842232" lon="121.097592"><ele>14.8</ele></rtept><rtept lat="28.842217" lon="121.097607"><ele>14.8</ele></rtept><rtept lat="28.842202" lon="121.09763"><ele>14.8</ele></rtept><rtept lat="28.842187" lon="121.097657"><ele>14.8</ele></rtept><rtept lat="28.842167" lon="121.097687"><ele>14.8</ele></rtept><rtept lat="28.842147" lon="121.097715"><ele>14.4</ele></rtept><rtept lat="28.842127" lon="121.097745"><ele>14.4</ele></rtept><rtept lat="28.842107" lon="121.097775"><ele>14.4</ele></rtept><rtept lat="28.842085" lon="121.097807"><ele>14.4</ele></rtept><rtept lat="28.842062" lon="121.097837"><ele>14.4</ele></rtept><rtept lat="28.84204" lon="121.09787"><ele>14.4</ele></rtept><rtept lat="28.842017" lon="121.097897"><ele>14.4</ele></rtept><rtept lat="28.841997" lon="121.09793"><ele>14.2</ele></rtept><rtept lat="28.841977" lon="121.097962"><ele>14.4</ele></rtept><rtept lat="28.841957" lon="121.097987"><ele>14.4</ele></rtept><rtept lat="28.841935" lon="121.098017"><ele>14.4</ele></rtept><rtept lat="28.841912" lon="121.098042"><ele>14.0</ele></rtept><rtept lat="28.841887" lon="121.09807"><ele>13.8</ele></rtept><rtept lat="28.841865" lon="121.098097"><ele>13.8</ele></rtept><rtept lat="28.841842" lon="121.098122"><ele>14.0</ele></rtept><rtept lat="28.841817" lon="121.09815"><ele>14.2</ele></rtept><rtept lat="28.841792" lon="121.098175"><ele>14.2</ele></rtept><rtept lat="28.841767" lon="121.098202"><ele>14.2</ele></rtept><rtept lat="28.841742" lon="121.098225"><ele>14.2</ele></rtept><rtept lat="28.841717" lon="121.098247"><ele>14.2</ele></rtept><rtept lat="28.84169" lon="121.09827"><ele>14.2</ele></rtept><rtept lat="28.841667" lon="121.098292"><ele>14.2</ele></rtept><rtept lat="28.84164" lon="121.098317"><ele>14.2</ele></rtept><rtept lat="28.841615" lon="121.09834"><ele>14.6</ele></rtept><rtept lat="28.841587" lon="121.098362"><ele>14.6</ele></rtept><rtept lat="28.84156" lon="121.098387"><ele>14.2</ele></rtept><rtept lat="28.841535" lon="121.098407"><ele>14.2</ele></rtept><rtept lat="28.84151" lon="121.098427"><ele>14.4</ele></rtept><rtept lat="28.841482" lon="121.09845"><ele>14.6</ele></rtept><rtept lat="28.841455" lon="121.098472"><ele>14.6</ele></rtept><rtept lat="28.841432" lon="121.098495"><ele>14.4</ele></rtept><rtept lat="28.841407" lon="121.09852"><ele>14.2</ele></rtept><rtept lat="28.84138" lon="121.098542"><ele>14.2</ele></rtept><rtept lat="28.841352" lon="121.098565"><ele>14.2</ele></rtept><rtept lat="28.841327" lon="121.098587"><ele>14.4</ele></rtept><rtept lat="28.841307" lon="121.098617"><ele>14.2</ele></rtept><rtept lat="28.841292" lon="121.098647"><ele>14.2</ele></rtept><rtept lat="28.841275" lon="121.098682"><ele>14.2</ele></rtept><rtept lat="28.841255" lon="121.098712"><ele>14.6</ele></rtept><rtept lat="28.841235" lon="121.098742"><ele>14.6</ele></rtept><rtept lat="28.841217" lon="121.098777"><ele>14.4</ele></rtept><rtept lat="28.841202" lon="121.098812"><ele>14.2</ele></rtept><rtept lat="28.841192" lon="121.098842"><ele>14.2</ele></rtept><rtept lat="28.841182" lon="121.098877"><ele>14.2</ele></rtept><rtept lat="28.84117" lon="121.098912"><ele>14.2</ele></rtept><rtept lat="28.841157" lon="121.098945"><ele>14.2</ele></rtept><rtept lat="28.841145" lon="121.098977"><ele>14.2</ele></rtept><rtept lat="28.841132" lon="121.099012"><ele>14.2</ele></rtept><rtept lat="28.84112" lon="121.099045"><ele>14.2</ele></rtept><rtept lat="28.841107" lon="121.099077"><ele>14.4</ele></rtept><rtept lat="28.841097" lon="121.099112"><ele>14.4</ele></rtept><rtept lat="28.841085" lon="121.09915"><ele>14.4</ele></rtept><rtept lat="28.841072" lon="121.099182"><ele>14.4</ele></rtept><rtept lat="28.841062" lon="121.099212"><ele>14.6</ele></rtept><rtept lat="28.84105" lon="121.099247"><ele>15.0</ele></rtept><rtept lat="28.841037" lon="121.099282"><ele>14.8</ele></rtept><rtept lat="28.841023" lon="121.099315"><ele>14.6</ele></rtept><rtept lat="28.84101" lon="121.09935"><ele>14.6</ele></rtept><rtept lat="28.840995" lon="121.099385"><ele>14.4</ele></rtept><rtept lat="28.840982" lon="121.09942"><ele>14.4</ele></rtept><rtept lat="28.840967" lon="121.099457"><ele>14.2</ele></rtept><rtept lat="28.840952" lon="121.099492"><ele>14.2</ele></rtept><rtept lat="28.840937" lon="121.099527"><ele>14.2</ele></rtept><rtept lat="28.840927" lon="121.099565"><ele>14.0</ele></rtept><rtept lat="28.840912" lon="121.0996"><ele>14.0</ele></rtept><rtept lat="28.840902" lon="121.099637"><ele>14.2</ele></rtept><rtept lat="28.840887" lon="121.099675"><ele>14.2</ele></rtept><rtept lat="28.840875" lon="121.099712"><ele>14.2</ele></rtept><rtept lat="28.840862" lon="121.099747"><ele>14.0</ele></rtept><rtept lat="28.84085" lon="121.09978"><ele>14.0</ele></rtept><rtept lat="28.840837" lon="121.099815"><ele>14.2</ele></rtept><rtept lat="28.84083" lon="121.09985"><ele>14.2</ele></rtept><rtept lat="28.84082" lon="121.099887"><ele>14.2</ele></rtept><rtept lat="28.840815" lon="121.099922"><ele>14.0</ele></rtept><rtept lat="28.84081" lon="121.099962"><ele>14.0</ele></rtept><rtept lat="28.840802" lon="121.099997"><ele>13.8</ele></rtept><rtept lat="28.840792" lon="121.100035"><ele>13.6</ele></rtept><rtept lat="28.84079" lon="121.100067"><ele>13.6</ele></rtept><rtept lat="28.840782" lon="121.100102"><ele>14.0</ele></rtept><rtept lat="28.840777" lon="121.100137"><ele>14.0</ele></rtept><rtept lat="28.840767" lon="121.100172"><ele>14.0</ele></rtept><rtept lat="28.84076" lon="121.100207"><ele>13.8</ele></rtept><rtept lat="28.840757" lon="121.100242"><ele>13.8</ele></rtept><rtept lat="28.840747" lon="121.100272"><ele>13.6</ele></rtept><rtept lat="28.840742" lon="121.10031"><ele>13.6</ele></rtept><rtept lat="28.840737" lon="121.100345"><ele>13.8</ele></rtept><rtept lat="28.840732" lon="121.100382"><ele>14.2</ele></rtept><rtept lat="28.840732" lon="121.100417"><ele>14.2</ele></rtept><rtept lat="28.84073" lon="121.100455"><ele>14.2</ele></rtept><rtept lat="28.840737" lon="121.100487"><ele>14.2</ele></rtept><rtept lat="28.84074" lon="121.100527"><ele>14.0</ele></rtept><rtept lat="28.840742" lon="121.100565"><ele>14.0</ele></rtept><rtept lat="28.840747" lon="121.100602"><ele>14.0</ele></rtept><rtept lat="28.840757" lon="121.100637"><ele>14.0</ele></rtept><rtept lat="28.840762" lon="121.100667"><ele>13.8</ele></rtept><rtept lat="28.840772" lon="121.100702"><ele>13.8</ele></rtept><rtept lat="28.840782" lon="121.100732"><ele>14.0</ele></rtept><rtept lat="28.840792" lon="121.100767"><ele>13.8</ele></rtept><rtept lat="28.840807" lon="121.1008"><ele>14.0</ele></rtept><rtept lat="28.840815" lon="121.100832"><ele>14.0</ele></rtept><rtept lat="28.840825" lon="121.100862"><ele>14.0</ele></rtept><rtept lat="28.840833" lon="121.100892"><ele>14.0</ele></rtept><rtept lat="28.840845" lon="121.100922"><ele>13.8</ele></rtept><rtept lat="28.840855" lon="121.100952"><ele>13.8</ele></rtept><rtept lat="28.840867" lon="121.10099"><ele>14.0</ele></rtept><rtept lat="28.840877" lon="121.101022"><ele>14.0</ele></rtept><rtept lat="28.840885" lon="121.101057"><ele>14.0</ele></rtept><rtept lat="28.840892" lon="121.10109"><ele>14.2</ele></rtept><rtept lat="28.840897" lon="121.101122"><ele>14.2</ele></rtept><rtept lat="28.840902" lon="121.101157"><ele>14.6</ele></rtept><rtept lat="28.840907" lon="121.101187"><ele>14.6</ele></rtept><rtept lat="28.840912" lon="121.10122"><ele>14.6</ele></rtept><rtept lat="28.840915" lon="121.101257"><ele>14.6</ele></rtept><rtept lat="28.84092" lon="121.101287"><ele>15.2</ele></rtept><rtept lat="28.840922" lon="121.101322"><ele>15.2</ele></rtept><rtept lat="28.840927" lon="121.101352"><ele>15.4</ele></rtept><rtept lat="28.840927" lon="121.101387"><ele>15.4</ele></rtept><rtept lat="28.84093" lon="121.101417"><ele>15.4</ele></rtept><rtept lat="28.840925" lon="121.10145"><ele>15.4</ele></rtept><rtept lat="28.840912" lon="121.101475"><ele>15.6</ele></rtept><rtept lat="28.840892" lon="121.10149"><ele>15.6</ele></rtept><rtept lat="28.840872" lon="121.101505"><ele>15.8</ele></rtept><rtept lat="28.840847" lon="121.101522"><ele>16.2</ele></rtept><rtept lat="28.840822" lon="121.101545"><ele>16.2</ele></rtept><rtept lat="28.840802" lon="121.101567"><ele>15.6</ele></rtept><rtept lat="28.840792" lon="121.101602"><ele>14.8</ele></rtept><rtept lat="28.84078" lon="121.101635"><ele>14.0</ele></rtept><rtept lat="28.840787" lon="121.102027"><ele>13.4</ele></rtept><rtept lat="28.840802" lon="121.102045"><ele>13.4</ele></rtept><rtept lat="28.840832" lon="121.102082"><ele>14.0</ele></rtept><rtept lat="28.840855" lon="121.102097"><ele>14.0</ele></rtept><rtept lat="28.840872" lon="121.10212"><ele>14.0</ele></rtept><rtept lat="28.840885" lon="121.102142"><ele>14.0</ele></rtept><rtept lat="28.84089" lon="121.10217"><ele>14.0</ele></rtept><rtept lat="28.8409" lon="121.102197"><ele>14.2</ele></rtept><rtept lat="28.840905" lon="121.102232"><ele>14.6</ele></rtept><rtept lat="28.840907" lon="121.102262"><ele>14.8</ele></rtept><rtept lat="28.840912" lon="121.102297"><ele>15.0</ele></rtept><rtept lat="28.840912" lon="121.102335"><ele>15.0</ele></rtept><rtept lat="28.84091" lon="121.102372"><ele>14.8</ele></rtept><rtept lat="28.840907" lon="121.102412"><ele>14.6</ele></rtept><rtept lat="28.840905" lon="121.102447"><ele>14.4</ele></rtept><rtept lat="28.840907" lon="121.102485"><ele>14.4</ele></rtept><rtept lat="28.84092" lon="121.10252"><ele>14.4</ele></rtept><rtept lat="28.840937" lon="121.102547"><ele>14.4</ele></rtept><rtept lat="28.840962" lon="121.102562"><ele>14.2</ele></rtept><rtept lat="28.840992" lon="121.102567"><ele>14.2</ele></rtept><rtept lat="28.841022" lon="121.102565"><ele>14.0</ele></rtept><rtept lat="28.841052" lon="121.102562"><ele>14.0</ele></rtept><rtept lat="28.841082" lon="121.102557"><ele>13.8</ele></rtept><rtept lat="28.841112" lon="121.102552"><ele>13.8</ele></rtept><rtept lat="28.841147" lon="121.102548"><ele>14.0</ele></rtept><rtept lat="28.841177" lon="121.102545"><ele>14.0</ele></rtept><rtept lat="28.841212" lon="121.102545"><ele>14.0</ele></rtept><rtept lat="28.841237" lon="121.102547"><ele>14.2</ele></rtept><rtept lat="28.84127" lon="121.102557"><ele>14.6</ele></rtept><rtept lat="28.841297" lon="121.102567"><ele>14.6</ele></rtept><rtept lat="28.841325" lon="121.10258"><ele>14.8</ele></rtept><rtept lat="28.841347" lon="121.102597"><ele>14.8</ele></rtept><rtept lat="28.841367" lon="121.10262"><ele>14.8</ele></rtept><rtept lat="28.841387" lon="121.102647"><ele>14.8</ele></rtept><rtept lat="28.841402" lon="121.102675"><ele>14.6</ele></rtept><rtept lat="28.84142" lon="121.1027"><ele>15.0</ele></rtept><rtept lat="28.841442" lon="121.102722"><ele>15.0</ele></rtept><rtept lat="28.841462" lon="121.10275"><ele>14.8</ele></rtept><rtept lat="28.841485" lon="121.10278"><ele>14.6</ele></rtept><rtept lat="28.841507" lon="121.102807"><ele>14.6</ele></rtept><rtept lat="28.84153" lon="121.102835"><ele>15.0</ele></rtept><rtept lat="28.84155" lon="121.102862"><ele>15.0</ele></rtept><rtept lat="28.841567" lon="121.102892"><ele>15.0</ele></rtept><rtept lat="28.841585" lon="121.10292"><ele>15.0</ele></rtept><rtept lat="28.841605" lon="121.102952"><ele>15.0</ele></rtept><rtept lat="28.841625" lon="121.10298"><ele>15.0</ele></rtept><rtept lat="28.841642" lon="121.10301"><ele>15.0</ele></rtept><rtept lat="28.841657" lon="121.103037"><ele>14.8</ele></rtept><rtept lat="28.841675" lon="121.10307"><ele>14.8</ele></rtept><rtept lat="28.84169" lon="121.103097"><ele>14.8</ele></rtept><rtept lat="28.841705" lon="121.103132"><ele>15.0</ele></rtept><rtept lat="28.841722" lon="121.103162"><ele>15.0</ele></rtept><rtept lat="28.841737" lon="121.103192"><ele>15.0</ele></rtept><rtept lat="28.841752" lon="121.103222"><ele>14.8</ele></rtept><rtept lat="28.841767" lon="121.103255"><ele>14.8</ele></rtept><rtept lat="28.841785" lon="121.103285"><ele>14.8</ele></rtept><rtept lat="28.8418" lon="121.103317"><ele>15.0</ele></rtept><rtept lat="28.841812" lon="121.103342"><ele>15.0</ele></rtept><rtept lat="28.841827" lon="121.103367"><ele>15.2</ele></rtept><rtept lat="28.841842" lon="121.103397"><ele>15.2</ele></rtept><rtept lat="28.841857" lon="121.103427"><ele>15.2</ele></rtept><rtept lat="28.841872" lon="121.103457"><ele>15.2</ele></rtept><rtept lat="28.841887" lon="121.103492"><ele>14.8</ele></rtept><rtept lat="28.841905" lon="121.103525"><ele>14.8</ele></rtept><rtept lat="28.84192" lon="121.103552"><ele>15.0</ele></rtept><rtept lat="28.841932" lon="121.103582"><ele>15.2</ele></rtept><rtept lat="28.841945" lon="121.103615"><ele>15.4</ele></rtept><rtept lat="28.841957" lon="121.103642"><ele>15.6</ele></rtept><rtept lat="28.841972" lon="121.103672"><ele>15.6</ele></rtept><rtept lat="28.841982" lon="121.103702"><ele>16.0</ele></rtept><rtept lat="28.841995" lon="121.103735"><ele>16.2</ele></rtept><rtept lat="28.842008" lon="121.103767"><ele>16.2</ele></rtept><rtept lat="28.84203" lon="121.103805"><ele>16.0</ele></rtept><rtept lat="28.84205" lon="121.10384"><ele>15.8</ele></rtept><rtept lat="28.842067" lon="121.103867"><ele>15.8</ele></rtept><rtept lat="28.842082" lon="121.103905"><ele>15.8</ele></rtept><rtept lat="28.842097" lon="121.103932"><ele>15.6</ele></rtept><rtept lat="28.84212" lon="121.10396"><ele>15.6</ele></rtept><rtept lat="28.842137" lon="121.103987"><ele>15.8</ele></rtept><rtept lat="28.842157" lon="121.104012"><ele>15.8</ele></rtept><rtept lat="28.842182" lon="121.104035"><ele>15.6</ele></rtept><rtept lat="28.84221" lon="121.104062"><ele>15.6</ele></rtept><rtept lat="28.842233" lon="121.104082"><ele>15.6</ele></rtept><rtept lat="28.842262" lon="121.10411"><ele>15.6</ele></rtept><rtept lat="28.842285" lon="121.104132"><ele>15.2</ele></rtept><rtept lat="28.842305" lon="121.104157"><ele>15.2</ele></rtept><rtept lat="28.842327" lon="121.104177"><ele>15.2</ele></rtept><rtept lat="28.84235" lon="121.104197"><ele>15.2</ele></rtept><rtept lat="28.842375" lon="121.104217"><ele>15.2</ele></rtept><rtept lat="28.842402" lon="121.104225"><ele>15.2</ele></rtept><rtept lat="28.842427" lon="121.104222"><ele>15.4</ele></rtept><rtept lat="28.842455" lon="121.104202"><ele>15.6</ele></rtept><rtept lat="28.842477" lon="121.104177"><ele>15.6</ele></rtept><rtept lat="28.8425" lon="121.104147"><ele>15.4</ele></rtept><rtept lat="28.842522" lon="121.104117"><ele>15.4</ele></rtept><rtept lat="28.842545" lon="121.10409"><ele>15.4</ele></rtept><rtept lat="28.84257" lon="121.104062"><ele>15.4</ele></rtept><rtept lat="28.842595" lon="121.104032"><ele>15.4</ele></rtept><rtept lat="28.842613" lon="121.104005"><ele>15.6</ele></rtept><rtept lat="28.84264" lon="121.10398"><ele>15.6</ele></rtept><rtept lat="28.842662" lon="121.10396"><ele>15.6</ele></rtept><rtept lat="28.842692" lon="121.103937"><ele>15.6</ele></rtept><rtept lat="28.84272" lon="121.10392"><ele>15.4</ele></rtept><rtept lat="28.842747" lon="121.103897"><ele>15.4</ele></rtept><rtept lat="28.842772" lon="121.103882"><ele>15.6</ele></rtept><rtept lat="28.8428" lon="121.103865"><ele>15.6</ele></rtept><rtept lat="28.842825" lon="121.103847"><ele>15.8</ele></rtept><rtept lat="28.842852" lon="121.103835"><ele>15.8</ele></rtept><rtept lat="28.842882" lon="121.103822"><ele>15.6</ele></rtept><rtept lat="28.842907" lon="121.103802"><ele>15.2</ele></rtept><rtept lat="28.842937" lon="121.103782"><ele>14.8</ele></rtept><rtept lat="28.842967" lon="121.103767"><ele>14.8</ele></rtept><rtept lat="28.842997" lon="121.10375"><ele>14.8</ele></rtept><rtept lat="28.843025" lon="121.103732"><ele>15.4</ele></rtept><rtept lat="28.843057" lon="121.103715"><ele>15.4</ele></rtept><rtept lat="28.84309" lon="121.103697"><ele>15.4</ele></rtept><rtept lat="28.843122" lon="121.103673"><ele>15.4</ele></rtept><rtept lat="28.843152" lon="121.103652"><ele>15.4</ele></rtept><rtept lat="28.843182" lon="121.103632"><ele>15.6</ele></rtept><rtept lat="28.843207" lon="121.103615"><ele>15.4</ele></rtept><rtept lat="28.843237" lon="121.103597"><ele>15.4</ele></rtept><rtept lat="28.843265" lon="121.103582"><ele>15.4</ele></rtept><rtept lat="28.843295" lon="121.103567"><ele>15.4</ele></rtept><rtept lat="28.843322" lon="121.103547"><ele>15.2</ele></rtept><rtept lat="28.843352" lon="121.103532"><ele>15.0</ele></rtept><rtept lat="28.84338" lon="121.103517"><ele>15.0</ele></rtept><rtept lat="28.843412" lon="121.1035"><ele>15.2</ele></rtept><rtept lat="28.843437" lon="121.103482"><ele>15.2</ele></rtept><rtept lat="28.843467" lon="121.103467"><ele>15.4</ele></rtept><rtept lat="28.843495" lon="121.103447"><ele>15.4</ele></rtept><rtept lat="28.843522" lon="121.103432"><ele>15.4</ele></rtept><rtept lat="28.843555" lon="121.103415"><ele>15.4</ele></rtept><rtept lat="28.843582" lon="121.103397"><ele>15.4</ele></rtept><rtept lat="28.843607" lon="121.103382"><ele>15.4</ele></rtept><rtept lat="28.843632" lon="121.103363"><ele>15.4</ele></rtept><rtept lat="28.843657" lon="121.103347"><ele>15.4</ele></rtept><rtept lat="28.843682" lon="121.103332"><ele>15.4</ele></rtept><rtept lat="28.84371" lon="121.103312"><ele>15.4</ele></rtept><rtept lat="28.843742" lon="121.103295"><ele>15.4</ele></rtept><rtept lat="28.843772" lon="121.103272"><ele>15.4</ele></rtept><rtept lat="28.8438" lon="121.103262"><ele>15.6</ele></rtept><rtept lat="28.843827" lon="121.103245"><ele>15.6</ele></rtept><rtept lat="28.843855" lon="121.10323"><ele>15.6</ele></rtept><rtept lat="28.843882" lon="121.103215"><ele>15.6</ele></rtept><rtept lat="28.843912" lon="121.1032"><ele>15.4</ele></rtept><rtept lat="28.843942" lon="121.103182"><ele>15.4</ele></rtept><rtept lat="28.843972" lon="121.103167"><ele>15.4</ele></rtept><rtept lat="28.843997" lon="121.103147"><ele>15.4</ele></rtept><rtept lat="28.844027" lon="121.103137"><ele>15.4</ele></rtept><rtept lat="28.844057" lon="121.103127"><ele>15.4</ele></rtept><rtept lat="28.84409" lon="121.103122"><ele>15.8</ele></rtept><rtept lat="28.84412" lon="121.103112"><ele>15.8</ele></rtept><rtept lat="28.844155" lon="121.103105"><ele>15.8</ele></rtept><rtept lat="28.844185" lon="121.103097"><ele>16.0</ele></rtept><rtept lat="28.844217" lon="121.103092"><ele>16.0</ele></rtept><rtept lat="28.844247" lon="121.103087"><ele>15.4</ele></rtept><rtept lat="28.844282" lon="121.103083"><ele>15.4</ele></rtept><rtept lat="28.844315" lon="121.103082"><ele>15.4</ele></rtept><rtept lat="28.84435" lon="121.10308"><ele>15.4</ele></rtept><rtept lat="28.844382" lon="121.103077"><ele>15.6</ele></rtept><rtept lat="28.844415" lon="121.103077"><ele>15.8</ele></rtept><rtept lat="28.844445" lon="121.103075"><ele>16.0</ele></rtept><rtept lat="28.844477" lon="121.103072"><ele>16.0</ele></rtept><rtept lat="28.84451" lon="121.10307"><ele>16.2</ele></rtept><rtept lat="28.844542" lon="121.103065"><ele>16.2</ele></rtept><rtept lat="28.844572" lon="121.103062"><ele>16.2</ele></rtept><rtept lat="28.844607" lon="121.103062"><ele>16.2</ele></rtept><rtept lat="28.844642" lon="121.103067"><ele>16.2</ele></rtept><rtept lat="28.844672" lon="121.103067"><ele>16.2</ele></rtept><rtept lat="28.844702" lon="121.103062"><ele>15.8</ele></rtept><rtept lat="28.844732" lon="121.103055"><ele>16.2</ele></rtept><rtept lat="28.844762" lon="121.10305"><ele>16.2</ele></rtept><rtept lat="28.844795" lon="121.10305"><ele>16.2</ele></rtept><rtept lat="28.844822" lon="121.103047"><ele>16.4</ele></rtept><rtept lat="28.844852" lon="121.103045"><ele>16.4</ele></rtept><rtept lat="28.844882" lon="121.103047"><ele>16.4</ele></rtept><rtept lat="28.844907" lon="121.103042"><ele>16.4</ele></rtept><rtept lat="28.844937" lon="121.103037"><ele>16.2</ele></rtept><rtept lat="28.844967" lon="121.103027"><ele>16.2</ele></rtept><rtept lat="28.844997" lon="121.103022"><ele>16.4</ele></rtept><rtept lat="28.845032" lon="121.103015"><ele>16.6</ele></rtept><rtept lat="28.845062" lon="121.103007"><ele>16.6</ele></rtept><rtept lat="28.845087" lon="121.102995"><ele>16.2</ele></rtept><rtept lat="28.845115" lon="121.102985"><ele>16.2</ele></rtept><rtept lat="28.845147" lon="121.102977"><ele>16.6</ele></rtept><rtept lat="28.845175" lon="121.102967"><ele>16.6</ele></rtept><rtept lat="28.845207" lon="121.102962"><ele>15.8</ele></rtept><rtept lat="28.845235" lon="121.10296"><ele>15.8</ele></rtept><rtept lat="28.845265" lon="121.102957"><ele>16.6</ele></rtept><rtept lat="28.845295" lon="121.102957"><ele>16.6</ele></rtept><rtept lat="28.845327" lon="121.102952"><ele>16.4</ele></rtept><rtept lat="28.845355" lon="121.10295"><ele>16.4</ele></rtept><rtept lat="28.845385" lon="121.102947"><ele>16.6</ele></rtept><rtept lat="28.845413" lon="121.102942"><ele>16.6</ele></rtept><rtept lat="28.845437" lon="121.102927"><ele>16.2</ele></rtept><rtept lat="28.84546" lon="121.102913"><ele>16.2</ele></rtept><rtept lat="28.845485" lon="121.102907"><ele>16.2</ele></rtept><rtept lat="28.845512" lon="121.102897"><ele>16.4</ele></rtept><rtept lat="28.84554" lon="121.102892"><ele>16.4</ele></rtept><rtept lat="28.845567" lon="121.10289"><ele>16.4</ele></rtept><rtept lat="28.845592" lon="121.102892"><ele>16.4</ele></rtept><rtept lat="28.84562" lon="121.102905"><ele>16.4</ele></rtept><rtept lat="28.84564" lon="121.10292"><ele>16.4</ele></rtept><rtept lat="28.845655" lon="121.102942"><ele>16.4</ele></rtept><rtept lat="28.845672" lon="121.10297"><ele>16.8</ele></rtept><rtept lat="28.84569" lon="121.10301"><ele>16.8</ele></rtept><rtept lat="28.845702" lon="121.103047"><ele>17.2</ele></rtept><rtept lat="28.84571" lon="121.103095"><ele>17.2</ele></rtept><rtept lat="28.845715" lon="121.103137"><ele>17.2</ele></rtept><rtept lat="28.845715" lon="121.103177"><ele>17.2</ele></rtept><rtept lat="28.845715" lon="121.103212"><ele>17.4</ele></rtept><rtept lat="28.845717" lon="121.103242"><ele>17.4</ele></rtept><rtept lat="28.845717" lon="121.103275"><ele>17.4</ele></rtept><rtept lat="28.845717" lon="121.103307"><ele>17.4</ele></rtept><rtept lat="28.84572" lon="121.10334"><ele>17.8</ele></rtept><rtept lat="28.845717" lon="121.103367"><ele>17.8</ele></rtept><rtept lat="28.845715" lon="121.103397"><ele>18.2</ele></rtept><rtept lat="28.845715" lon="121.103427"><ele>18.2</ele></rtept><rtept lat="28.845712" lon="121.103455"><ele>18.2</ele></rtept><rtept lat="28.845712" lon="121.103485"><ele>18.4</ele></rtept><rtept lat="28.845715" lon="121.103515"><ele>18.6</ele></rtept><rtept lat="28.845712" lon="121.103545"><ele>18.6</ele></rtept><rtept lat="28.845712" lon="121.103572"><ele>18.8</ele></rtept><rtept lat="28.845712" lon="121.103597"><ele>18.8</ele></rtept><rtept lat="28.845712" lon="121.103625"><ele>19.4</ele></rtept><rtept lat="28.845712" lon="121.103657"><ele>19.4</ele></rtept><rtept lat="28.845717" lon="121.103685"><ele>19.2</ele></rtept><rtept lat="28.845717" lon="121.103717"><ele>19.2</ele></rtept><rtept lat="28.84572" lon="121.103747"><ele>19.4</ele></rtept><rtept lat="28.845717" lon="121.10378"><ele>19.8</ele></rtept><rtept lat="28.845717" lon="121.103807"><ele>20.4</ele></rtept><rtept lat="28.845717" lon="121.103837"><ele>20.4</ele></rtept><rtept lat="28.845717" lon="121.103862"><ele>20.6</ele></rtept><rtept lat="28.845717" lon="121.103895"><ele>20.8</ele></rtept><rtept lat="28.845717" lon="121.103922"><ele>20.8</ele></rtept><rtept lat="28.845717" lon="121.103952"><ele>21.0</ele></rtept><rtept lat="28.845717" lon="121.103982"><ele>21.2</ele></rtept><rtept lat="28.845712" lon="121.10401"><ele>21.6</ele></rtept><rtept lat="28.84571" lon="121.104037"><ele>21.8</ele></rtept><rtept lat="28.845707" lon="121.104067"><ele>22.0</ele></rtept><rtept lat="28.845707" lon="121.104097"><ele>22.0</ele></rtept><rtept lat="28.845707" lon="121.10413"><ele>22.0</ele></rtept><rtept lat="28.845705" lon="121.10416"><ele>22.2</ele></rtept><rtept lat="28.845705" lon="121.104187"><ele>22.4</ele></rtept><rtept lat="28.845707" lon="121.104217"><ele>22.4</ele></rtept><rtept lat="28.84571" lon="121.104245"><ele>22.4</ele></rtept><rtept lat="28.845712" lon="121.10427"><ele>22.6</ele></rtept><rtept lat="28.845712" lon="121.104297"><ele>23.0</ele></rtept><rtept lat="28.845712" lon="121.104325"><ele>23.0</ele></rtept><rtept lat="28.845712" lon="121.104352"><ele>23.0</ele></rtept><rtept lat="28.845712" lon="121.104382"><ele>23.0</ele></rtept><rtept lat="28.845712" lon="121.104415"><ele>23.4</ele></rtept><rtept lat="28.845712" lon="121.104447"><ele>23.4</ele></rtept><rtept lat="28.845712" lon="121.104477"><ele>22.6</ele></rtept><rtept lat="28.845715" lon="121.10451"><ele>22.6</ele></rtept><rtept lat="28.845715" lon="121.104542"><ele>22.6</ele></rtept><rtept lat="28.845717" lon="121.104572"><ele>23.0</ele></rtept><rtept lat="28.845717" lon="121.104602"><ele>23.0</ele></rtept><rtept lat="28.845717" lon="121.104635"><ele>23.2</ele></rtept><rtept lat="28.845717" lon="121.104667"><ele>23.2</ele></rtept><rtept lat="28.845717" lon="121.104705"><ele>23.0</ele></rtept><rtept lat="28.845722" lon="121.10474"><ele>23.0</ele></rtept><rtept lat="28.845722" lon="121.104777"><ele>23.0</ele></rtept><rtept lat="28.845725" lon="121.10481"><ele>23.0</ele></rtept><rtept lat="28.845725" lon="121.104847"><ele>23.0</ele></rtept><rtept lat="28.84573" lon="121.104882"><ele>23.0</ele></rtept><rtept lat="28.845727" lon="121.104917"><ele>23.0</ele></rtept><rtept lat="28.845732" lon="121.104952"><ele>23.0</ele></rtept><rtept lat="28.845732" lon="121.10499"><ele>23.0</ele></rtept><rtept lat="28.845735" lon="121.105022"><ele>23.0</ele></rtept><rtept lat="28.845735" lon="121.10506"><ele>23.0</ele></rtept><rtept lat="28.845737" lon="121.105092"><ele>23.0</ele></rtept><rtept lat="28.845737" lon="121.105125"><ele>23.0</ele></rtept><rtept lat="28.845737" lon="121.105157"><ele>23.2</ele></rtept><rtept lat="28.845737" lon="121.105192"><ele>23.2</ele></rtept><rtept lat="28.845742" lon="121.105227"><ele>23.2</ele></rtept><rtept lat="28.845745" lon="121.105265"><ele>23.2</ele></rtept><rtept lat="28.845747" lon="121.105302"><ele>23.2</ele></rtept><rtept lat="28.845747" lon="121.10534"><ele>23.2</ele></rtept><rtept lat="28.84575" lon="121.105377"><ele>23.0</ele></rtept><rtept lat="28.845747" lon="121.105415"><ele>22.8</ele></rtept><rtept lat="28.845747" lon="121.105452"><ele>22.8</ele></rtept><rtept lat="28.845747" lon="121.105492"><ele>22.8</ele></rtept><rtept lat="28.84575" lon="121.10553"><ele>23.0</ele></rtept><rtept lat="28.845752" lon="121.105567"><ele>23.0</ele></rtept><rtept lat="28.845752" lon="121.105605"><ele>23.2</ele></rtept><rtept lat="28.845752" lon="121.105642"><ele>23.2</ele></rtept><rtept lat="28.845755" lon="121.105677"><ele>22.6</ele></rtept><rtept lat="28.845757" lon="121.105717"><ele>22.6</ele></rtept><rtept lat="28.845762" lon="121.105747"><ele>22.8</ele></rtept><rtept lat="28.845765" lon="121.105787"><ele>23.2</ele></rtept><rtept lat="28.84577" lon="121.105822"><ele>23.0</ele></rtept><rtept lat="28.845772" lon="121.105862"><ele>23.0</ele></rtept><rtept lat="28.845775" lon="121.105897"><ele>22.4</ele></rtept><rtept lat="28.845775" lon="121.105935"><ele>22.4</ele></rtept><rtept lat="28.845777" lon="121.105972"><ele>22.0</ele></rtept><rtept lat="28.845777" lon="121.106015"><ele>21.8</ele></rtept><rtept lat="28.84578" lon="121.106052"><ele>21.6</ele></rtept><rtept lat="28.845777" lon="121.106097"><ele>21.6</ele></rtept><rtept lat="28.845782" lon="121.106132"><ele>21.4</ele></rtept><rtept lat="28.845782" lon="121.106172"><ele>21.2</ele></rtept><rtept lat="28.845782" lon="121.106207"><ele>21.0</ele></rtept><rtept lat="28.845782" lon="121.106247"><ele>21.0</ele></rtept><rtept lat="28.845785" lon="121.106282"><ele>21.0</ele></rtept><rtept lat="28.845782" lon="121.106317"><ele>21.0</ele></rtept><rtept lat="28.845782" lon="121.10635"><ele>20.6</ele></rtept><rtept lat="28.84578" lon="121.106387"><ele>20.0</ele></rtept><rtept lat="28.845785" lon="121.106422"><ele>20.0</ele></rtept><rtept lat="28.845785" lon="121.106457"><ele>20.0</ele></rtept><rtept lat="28.845787" lon="121.106497"><ele>20.0</ele></rtept><rtept lat="28.845785" lon="121.106542"><ele>19.8</ele></rtept><rtept lat="28.845787" lon="121.106587"><ele>19.2</ele></rtept><rtept lat="28.84579" lon="121.106635"><ele>18.8</ele></rtept><rtept lat="28.845793" lon="121.106682"><ele>18.2</ele></rtept><rtept lat="28.845797" lon="121.106727"><ele>17.8</ele></rtept><rtept lat="28.845802" lon="121.106767"><ele>17.8</ele></rtept><rtept lat="28.8458" lon="121.106807"><ele>17.4</ele></rtept><rtept lat="28.845802" lon="121.106847"><ele>17.0</ele></rtept><rtept lat="28.845802" lon="121.106887"><ele>17.0</ele></rtept><rtept lat="28.845805" lon="121.106927"><ele>17.2</ele></rtept><rtept lat="28.845807" lon="121.106967"><ele>16.4</ele></rtept><rtept lat="28.84581" lon="121.107007"><ele>16.4</ele></rtept><rtept lat="28.845812" lon="121.10705"><ele>16.4</ele></rtept><rtept lat="28.845815" lon="121.10709"><ele>16.4</ele></rtept><rtept lat="28.845815" lon="121.107127"><ele>16.4</ele></rtept><rtept lat="28.845815" lon="121.10717"><ele>16.0</ele></rtept><rtept lat="28.845812" lon="121.107207"><ele>16.0</ele></rtept><rtept lat="28.845815" lon="121.107245"><ele>16.0</ele></rtept><rtept lat="28.845817" lon="121.107297"><ele>16.0</ele></rtept><rtept lat="28.845817" lon="121.107335"><ele>16.0</ele></rtept><rtept lat="28.845825" lon="121.10737"><ele>16.0</ele></rtept><rtept lat="28.845822" lon="121.10741"><ele>16.0</ele></rtept><rtept lat="28.845835" lon="121.10744"><ele>16.0</ele></rtept><rtept lat="28.845835" lon="121.10748"><ele>16.0</ele></rtept><rtept lat="28.84584" lon="121.107512"><ele>16.0</ele></rtept><rtept lat="28.845837" lon="121.107555"><ele>16.0</ele></rtept><rtept lat="28.845835" lon="121.107592"><ele>16.0</ele></rtept><rtept lat="28.84584" lon="121.107635"><ele>16.0</ele></rtept><rtept lat="28.84584" lon="121.107672"><ele>16.0</ele></rtept><rtept lat="28.845837" lon="121.10771"><ele>16.0</ele></rtept><rtept lat="28.845832" lon="121.107747"><ele>15.8</ele></rtept><rtept lat="28.84583" lon="121.107785"><ele>15.8</ele></rtept><rtept lat="28.845827" lon="121.107817"><ele>16.6</ele></rtept><rtept lat="28.845827" lon="121.107855"><ele>16.6</ele></rtept><rtept lat="28.845825" lon="121.107892"><ele>16.6</ele></rtept><rtept lat="28.84582" lon="121.107923"><ele>16.2</ele></rtept><rtept lat="28.845817" lon="121.107957"><ele>16.2</ele></rtept><rtept lat="28.845817" lon="121.107995"><ele>16.0</ele></rtept><rtept lat="28.845817" lon="121.10803"><ele>16.0</ele></rtept><rtept lat="28.845812" lon="121.108063"><ele>16.4</ele></rtept><rtept lat="28.845807" lon="121.108097"><ele>16.4</ele></rtept><rtept lat="28.845807" lon="121.10813"><ele>16.4</ele></rtept><rtept lat="28.845805" lon="121.108165"><ele>16.4</ele></rtept><rtept lat="28.845807" lon="121.108202"><ele>16.4</ele></rtept><rtept lat="28.845802" lon="121.108237"><ele>16.4</ele></rtept><rtept lat="28.845802" lon="121.108275"><ele>16.2</ele></rtept><rtept lat="28.845802" lon="121.108312"><ele>16.2</ele></rtept><rtept lat="28.845802" lon="121.108347"><ele>16.2</ele></rtept><rtept lat="28.845802" lon="121.10838"><ele>16.4</ele></rtept><rtept lat="28.845802" lon="121.108412"><ele>16.6</ele></rtept><rtept lat="28.845802" lon="121.10845"><ele>16.6</ele></rtept><rtept lat="28.845807" lon="121.108482"><ele>16.6</ele></rtept><rtept lat="28.845807" lon="121.10852"><ele>16.2</ele></rtept><rtept lat="28.845807" lon="121.108552"><ele>16.2</ele></rtept><rtept lat="28.845807" lon="121.10859"><ele>16.2</ele></rtept><rtept lat="28.84581" lon="121.108622"><ele>16.2</ele></rtept><rtept lat="28.845807" lon="121.108662"><ele>16.0</ele></rtept><rtept lat="28.845807" lon="121.108697"><ele>15.8</ele></rtept><rtept lat="28.84581" lon="121.108737"><ele>15.6</ele></rtept><rtept lat="28.845812" lon="121.10877"><ele>15.6</ele></rtept><rtept lat="28.845812" lon="121.108807"><ele>15.8</ele></rtept><rtept lat="28.845815" lon="121.108842"><ele>16.2</ele></rtept><rtept lat="28.845815" lon="121.10888"><ele>16.4</ele></rtept><rtept lat="28.845815" lon="121.108915"><ele>16.4</ele></rtept><rtept lat="28.845812" lon="121.108952"><ele>16.4</ele></rtept><rtept lat="28.845812" lon="121.108987"><ele>16.6</ele></rtept><rtept lat="28.84581" lon="121.109025"><ele>16.6</ele></rtept><rtept lat="28.84581" lon="121.109062"><ele>17.2</ele></rtept><rtept lat="28.84581" lon="121.109097"><ele>17.2</ele></rtept><rtept lat="28.84581" lon="121.109137"><ele>16.6</ele></rtept><rtept lat="28.845812" lon="121.109177"><ele>16.6</ele></rtept><rtept lat="28.845812" lon="121.109212"><ele>16.6</ele></rtept><rtept lat="28.845812" lon="121.10925"><ele>16.8</ele></rtept><rtept lat="28.845815" lon="121.109285"><ele>16.8</ele></rtept><rtept lat="28.845817" lon="121.109317"><ele>16.4</ele></rtept><rtept lat="28.84582" lon="121.109352"><ele>16.4</ele></rtept><rtept lat="28.845817" lon="121.109392"><ele>16.6</ele></rtept><rtept lat="28.845815" lon="121.109432"><ele>16.6</ele></rtept><rtept lat="28.845812" lon="121.10948"><ele>16.6</ele></rtept><rtept lat="28.845812" lon="121.109525"><ele>16.4</ele></rtept><rtept lat="28.845812" lon="121.109575"><ele>16.0</ele></rtept><rtept lat="28.845812" lon="121.10962"><ele>16.0</ele></rtept><rtept lat="28.845812" lon="121.109667"><ele>16.0</ele></rtept><rtept lat="28.845812" lon="121.109712"><ele>16.2</ele></rtept><rtept lat="28.845812" lon="121.109762"><ele>16.2</ele></rtept><rtept lat="28.845817" lon="121.109808"><ele>16.2</ele></rtept><rtept lat="28.845817" lon="121.109857"><ele>16.2</ele></rtept><rtept lat="28.845817" lon="121.1099"><ele>16.2</ele></rtept><rtept lat="28.845817" lon="121.109942"><ele>16.2</ele></rtept><rtept lat="28.845817" lon="121.109987"><ele>16.6</ele></rtept><rtept lat="28.845817" lon="121.110027"><ele>16.6</ele></rtept><rtept lat="28.84582" lon="121.110067"><ele>16.4</ele></rtept><rtept lat="28.845822" lon="121.110117"><ele>16.2</ele></rtept><rtept lat="28.845822" lon="121.110157"><ele>16.4</ele></rtept><rtept lat="28.845822" lon="121.110197"><ele>16.2</ele></rtept><rtept lat="28.845822" lon="121.110235"><ele>16.4</ele></rtept><rtept lat="28.845827" lon="121.11028"><ele>16.2</ele></rtept><rtept lat="28.845827" lon="121.110322"><ele>16.2</ele></rtept><rtept lat="28.845827" lon="121.110367"><ele>16.2</ele></rtept><rtept lat="28.845832" lon="121.110405"><ele>16.6</ele></rtept><rtept lat="28.845835" lon="121.110445"><ele>16.6</ele></rtept><rtept lat="28.845832" lon="121.110485"><ele>16.4</ele></rtept><rtept lat="28.845827" lon="121.110522"><ele>16.2</ele></rtept><rtept lat="28.84583" lon="121.11056"><ele>16.2</ele></rtept><rtept lat="28.84583" lon="121.1106"><ele>16.2</ele></rtept><rtept lat="28.845827" lon="121.110637"><ele>16.6</ele></rtept><rtept lat="28.84583" lon="121.110677"><ele>16.6</ele></rtept><rtept lat="28.845832" lon="121.110715"><ele>16.6</ele></rtept><rtept lat="28.845832" lon="121.110757"><ele>16.4</ele></rtept><rtept lat="28.845832" lon="121.110797"><ele>16.4</ele></rtept><rtept lat="28.845832" lon="121.110842"><ele>16.4</ele></rtept><rtept lat="28.84583" lon="121.110885"><ele>16.4</ele></rtept><rtept lat="28.84583" lon="121.110925"><ele>16.4</ele></rtept><rtept lat="28.845832" lon="121.110963"><ele>16.4</ele></rtept><rtept lat="28.845827" lon="121.111007"><ele>16.4</ele></rtept><rtept lat="28.845832" lon="121.111047"><ele>16.4</ele></rtept><rtept lat="28.845832" lon="121.111087"><ele>16.4</ele></rtept><rtept lat="28.84583" lon="121.111132"><ele>16.2</ele></rtept><rtept lat="28.845827" lon="121.11117"><ele>16.2</ele></rtept><rtept lat="28.845827" lon="121.111202"><ele>16.2</ele></rtept><rtept lat="28.845822" lon="121.11124"><ele>16.2</ele></rtept><rtept lat="28.84582" lon="121.111277"><ele>16.2</ele></rtept><rtept lat="28.845822" lon="121.11132"><ele>16.0</ele></rtept><rtept lat="28.845825" lon="121.111362"><ele>16.2</ele></rtept><rtept lat="28.845822" lon="121.111402"><ele>16.0</ele></rtept><rtept lat="28.845827" lon="121.111445"><ele>16.0</ele></rtept><rtept lat="28.845825" lon="121.111487"><ele>16.0</ele></rtept><rtept lat="28.845827" lon="121.111527"><ele>16.2</ele></rtept><rtept lat="28.845827" lon="121.111567"><ele>16.2</ele></rtept><rtept lat="28.84583" lon="121.111602"><ele>16.2</ele></rtept><rtept lat="28.84583" lon="121.111638"><ele>16.2</ele></rtept><rtept lat="28.84583" lon="121.111675"><ele>16.2</ele></rtept><rtept lat="28.84583" lon="121.111707"><ele>16.6</ele></rtept><rtept lat="28.845832" lon="121.111742"><ele>16.8</ele></rtept><rtept lat="28.845837" lon="121.111777"><ele>17.6</ele></rtept><rtept lat="28.845842" lon="121.111812"><ele>17.8</ele></rtept><rtept lat="28.84585" lon="121.111842"><ele>17.8</ele></rtept><rtept lat="28.845855" lon="121.11188"><ele>17.6</ele></rtept><rtept lat="28.84586" lon="121.111915"><ele>17.4</ele></rtept><rtept lat="28.845862" lon="121.111952"><ele>17.4</ele></rtept><rtept lat="28.84586" lon="121.11199"><ele>17.0</ele></rtept><rtept lat="28.845857" lon="121.11203"><ele>16.6</ele></rtept><rtept lat="28.845857" lon="121.11207"><ele>16.6</ele></rtept><rtept lat="28.845855" lon="121.11211"><ele>16.2</ele></rtept><rtept lat="28.845852" lon="121.11215"><ele>16.2</ele></rtept><rtept lat="28.84585" lon="121.112185"><ele>16.2</ele></rtept><rtept lat="28.845847" lon="121.112222"><ele>16.2</ele></rtept><rtept lat="28.845847" lon="121.112255"><ele>16.2</ele></rtept><rtept lat="28.845847" lon="121.112287"><ele>16.2</ele></rtept><rtept lat="28.845842" lon="121.112322"><ele>16.4</ele></rtept><rtept lat="28.84583" lon="121.11235"><ele>16.4</ele></rtept><rtept lat="28.845807" lon="121.112367"><ele>16.6</ele></rtept><rtept lat="28.845782" lon="121.112372"><ele>16.6</ele></rtept><rtept lat="28.845757" lon="121.112377"><ele>16.6</ele></rtept><rtept lat="28.845727" lon="121.112377"><ele>16.6</ele></rtept><rtept lat="28.845697" lon="121.112377"><ele>16.8</ele></rtept><rtept lat="28.845665" lon="121.112377"><ele>17.0</ele></rtept><rtept lat="28.845632" lon="121.112385"><ele>17.0</ele></rtept><rtept lat="28.845595" lon="121.112387"><ele>16.4</ele></rtept><rtept lat="28.845562" lon="121.112387"><ele>16.2</ele></rtept><rtept lat="28.845525" lon="121.112387"><ele>16.2</ele></rtept><rtept lat="28.845492" lon="121.112382"><ele>16.2</ele></rtept><rtept lat="28.845455" lon="121.11238"><ele>16.2</ele></rtept><rtept lat="28.845425" lon="121.112385"><ele>16.2</ele></rtept><rtept lat="28.845387" lon="121.112392"><ele>16.2</ele></rtept><rtept lat="28.845347" lon="121.112402"><ele>16.2</ele></rtept><rtept lat="28.8453" lon="121.112417"><ele>16.2</ele></rtept><rtept lat="28.845247" lon="121.112425"><ele>16.0</ele></rtept><rtept lat="28.845195" lon="121.112432"><ele>16.0</ele></rtept><rtept lat="28.84515" lon="121.112435"><ele>16.0</ele></rtept><rtept lat="28.845102" lon="121.11243"><ele>16.2</ele></rtept><rtept lat="28.845057" lon="121.112432"><ele>16.2</ele></rtept><rtept lat="28.845015" lon="121.11243"><ele>16.2</ele></rtept><rtept lat="28.844975" lon="121.112432"><ele>16.2</ele></rtept><rtept lat="28.844927" lon="121.112427"><ele>16.2</ele></rtept><rtept lat="28.844887" lon="121.112422"><ele>16.2</ele></rtept><rtept lat="28.844845" lon="121.11242"><ele>15.8</ele></rtept><rtept lat="28.844797" lon="121.11242"><ele>15.8</ele></rtept><rtept lat="28.844747" lon="121.11243"><ele>15.6</ele></rtept><rtept lat="28.844702" lon="121.112442"><ele>15.6</ele></rtept><rtept lat="28.844662" lon="121.112447"><ele>15.8</ele></rtept><rtept lat="28.844612" lon="121.11245"><ele>16.0</ele></rtept><rtept lat="28.844562" lon="121.11245"><ele>16.0</ele></rtept><rtept lat="28.844515" lon="121.112457"><ele>15.8</ele></rtept><rtept lat="28.844467" lon="121.11246"><ele>15.8</ele></rtept><rtept lat="28.84442" lon="121.112467"><ele>15.8</ele></rtept><rtept lat="28.844375" lon="121.112467"><ele>15.8</ele></rtept><rtept lat="28.844327" lon="121.112467"><ele>16.0</ele></rtept><rtept lat="28.844277" lon="121.112467"><ele>16.0</ele></rtept><rtept lat="28.844238" lon="121.112472"><ele>15.8</ele></rtept><rtept lat="28.844197" lon="121.112465"><ele>15.8</ele></rtept><rtept lat="28.84416" lon="121.112457"><ele>15.8</ele></rtept><rtept lat="28.844117" lon="121.112452"><ele>15.8</ele></rtept><rtept lat="28.844077" lon="121.112442"><ele>15.8</ele></rtept><rtept lat="28.844032" lon="121.112445"><ele>15.8</ele></rtept><rtept lat="28.843992" lon="121.112447"><ele>15.8</ele></rtept><rtept lat="28.843955" lon="121.11245"><ele>15.8</ele></rtept><rtept lat="28.843912" lon="121.112442"><ele>16.0</ele></rtept><rtept lat="28.843877" lon="121.112467"><ele>16.0</ele></rtept><rtept lat="28.843837" lon="121.112472"><ele>16.0</ele></rtept><rtept lat="28.843797" lon="121.112472"><ele>16.0</ele></rtept><rtept lat="28.843757" lon="121.112477"><ele>16.2</ele></rtept><rtept lat="28.843712" lon="121.112487"><ele>16.2</ele></rtept><rtept lat="28.843665" lon="121.112487"><ele>16.2</ele></rtept><rtept lat="28.843617" lon="121.112487"><ele>16.0</ele></rtept><rtept lat="28.843572" lon="121.11249"><ele>15.8</ele></rtept><rtept lat="28.843532" lon="121.112497"><ele>15.8</ele></rtept><rtept lat="28.843492" lon="121.112492"><ele>15.8</ele></rtept><rtept lat="28.843452" lon="121.112497"><ele>16.0</ele></rtept><rtept lat="28.843417" lon="121.112497"><ele>16.0</ele></rtept><rtept lat="28.84338" lon="121.112492"><ele>16.2</ele></rtept><rtept lat="28.843347" lon="121.112497"><ele>16.2</ele></rtept><rtept lat="28.843312" lon="121.1125"><ele>16.2</ele></rtept><rtept lat="28.843277" lon="121.112502"><ele>16.0</ele></rtept><rtept lat="28.84324" lon="121.112505"><ele>16.0</ele></rtept><rtept lat="28.84321" lon="121.112505"><ele>16.0</ele></rtept><rtept lat="28.843177" lon="121.112507"><ele>16.0</ele></rtept><rtept lat="28.843145" lon="121.112512"><ele>16.0</ele></rtept><rtept lat="28.843112" lon="121.112517"><ele>16.0</ele></rtept><rtept lat="28.84308" lon="121.11252"><ele>16.0</ele></rtept><rtept lat="28.843047" lon="121.11252"><ele>16.0</ele></rtept><rtept lat="28.843017" lon="121.112525"><ele>16.0</ele></rtept><rtept lat="28.842985" lon="121.112527"><ele>16.0</ele></rtept><rtept lat="28.84295" lon="121.112532"><ele>16.0</ele></rtept><rtept lat="28.842915" lon="121.112532"><ele>16.0</ele></rtept><rtept lat="28.842882" lon="121.112532"><ele>16.0</ele></rtept><rtept lat="28.842842" lon="121.112532"><ele>16.0</ele></rtept><rtept lat="28.842802" lon="121.112532"><ele>16.0</ele></rtept><rtept lat="28.842757" lon="121.112537"><ele>15.8</ele></rtept><rtept lat="28.842712" lon="121.112537"><ele>15.8</ele></rtept><rtept lat="28.842667" lon="121.112537"><ele>15.6</ele></rtept><rtept lat="28.842625" lon="121.112542"><ele>15.4</ele></rtept><rtept lat="28.842577" lon="121.112542"><ele>15.4</ele></rtept><rtept lat="28.842535" lon="121.112545"><ele>15.4</ele></rtept><rtept lat="28.842492" lon="121.112542"><ele>16.0</ele></rtept><rtept lat="28.842442" lon="121.112537"><ele>16.0</ele></rtept><rtept lat="28.842392" lon="121.112527"><ele>15.4</ele></rtept><rtept lat="28.842342" lon="121.112525"><ele>15.4</ele></rtept><rtept lat="28.842295" lon="121.11252"><ele>15.4</ele></rtept><rtept lat="28.842245" lon="121.112517"><ele>15.4</ele></rtept><rtept lat="28.842197" lon="121.112517"><ele>15.4</ele></rtept><rtept lat="28.842147" lon="121.112515"><ele>15.4</ele></rtept><rtept lat="28.842102" lon="121.112517"><ele>15.4</ele></rtept><rtept lat="28.842052" lon="121.112517"><ele>15.4</ele></rtept><rtept lat="28.842007" lon="121.112525"><ele>15.6</ele></rtept><rtept lat="28.84196" lon="121.11253"><ele>15.6</ele></rtept><rtept lat="28.841912" lon="121.112532"><ele>15.6</ele></rtept><rtept lat="28.841867" lon="121.112537"><ele>15.6</ele></rtept><rtept lat="28.841822" lon="121.112538"><ele>15.8</ele></rtept><rtept lat="28.841777" lon="121.112545"><ele>16.4</ele></rtept><rtept lat="28.84173" lon="121.112547"><ele>16.4</ele></rtept><rtept lat="28.84169" lon="121.112572"><ele>16.2</ele></rtept><rtept lat="28.841642" lon="121.112577"><ele>16.2</ele></rtept><rtept lat="28.841597" lon="121.112582"><ele>16.2</ele></rtept><rtept lat="28.841552" lon="121.112572"><ele>16.0</ele></rtept><rtept lat="28.841507" lon="121.112587"><ele>15.8</ele></rtept><rtept lat="28.841455" lon="121.112597"><ele>15.8</ele></rtept><rtept lat="28.841402" lon="121.112607"><ele>15.8</ele></rtept><rtept lat="28.841347" lon="121.112612"><ele>15.8</ele></rtept><rtept lat="28.8413" lon="121.11261"><ele>15.4</ele></rtept><rtept lat="28.841247" lon="121.11262"><ele>15.4</ele></rtept><rtept lat="28.8412" lon="121.11262"><ele>15.4</ele></rtept><rtept lat="28.841152" lon="121.112617"><ele>15.6</ele></rtept><rtept lat="28.841112" lon="121.112622"><ele>16.0</ele></rtept><rtept lat="28.841082" lon="121.112622"><ele>16.0</ele></rtept><rtept lat="28.841062" lon="121.112617"><ele>16.0</ele></rtept><rtept lat="28.841037" lon="121.11261"><ele>15.6</ele></rtept><rtept lat="28.84101" lon="121.1126"><ele>16.0</ele></rtept><rtept lat="28.840987" lon="121.112602"><ele>15.6</ele></rtept><rtept lat="28.84097" lon="121.11261"><ele>15.2</ele></rtept><rtept lat="28.840952" lon="121.11263"><ele>15.4</ele></rtept><rtept lat="28.840932" lon="121.112642"><ele>15.4</ele></rtept></rte></gpx>